tree
version=v4
num_class=1
num_tree_per_iteration=1
label_index=0
max_feature_idx=9
objective=binary sigmoid:1
feature_names=gender age hypertension heart_disease ever_married work_type Residence_type avg_glucose_level bmi smoking_status
feature_infos=-1:0:1 [0.080000000000000002:82] [0:1] [0:1] -1:1:0 -1:2:3:0:4:1 -1:1:0 [55.119999999999997:271.74000000000001] [10.300000000000001:97.599999999999994] -1:2:0:1:3
tree_sizes=4096 3878 3828 3992 3982 3956 4141 4389 4263 3577 4031 4221 4469 4070 4048 4562 3965 4236 3983 3724 3788 3972 4381 4133 4383 4594 3890 4422 5034 4087 5071 4732 4364 4524 3992 4686 3789 4267 4221 4428 4630 4022 4156 4155 4243 3954 3989 3733 4174 4413 3669 2966 4085 4586 3742 3490 3370 4183 4767 4988 3830 3869 3591 3597 4476 3804 4210 3725 3893 4014 3611 4029 3817 3939 2855 2756 2493 3802 3769 3795 4114 3281 2117 2804 2856 2597 2209 3077 3511 3134 4175 2859 2737 3067 2468 2484 3326 3262 2039 2490 2327 3417 3469 3358 3616 3656 4018 3600 4411 4421 4435 4183 3716 4066 4893 3745 3624 4106 2533 2744 3752 4028 4997 4697 4868 4573 3877 4144 2550 2986 3793 3391 4273 5084 3532 3267 4235 3451 3325 4134 3674 3847 3516 4805 4112 4905

Tree=0
num_leaves=39
num_cat=12
split_feature=1 5 5 2 0 5 0 5 1 2 2 2 1 6 6 1 1 1 7 0 0 6 8 7 1 6 7 8 7 2 7 1 1 1 8 7 7 1
split_gain=3052.74 441.887 280.621 277.796 213.146 176.154 152.64 136.712 125.719 79.0344 60.9374 114.878 51.6871 44.7003 124.753 37.3678 36.1429 34.4199 28.3813 28.1619 54.5394 21.2563 16.6771 14.6644 14.3566 14.1038 13.8636 18.0167 13.2602 10.8147 6.1503 5.65864 5.33452 3.93166 2.75954 1.75036 1.48956 0.251302
threshold=49.019619844933381 0 1 0.010368613865304912 2 3 4 5 56.001575699917957 0.99977195935954721 0.024622353347408869 0.99977195935954721 67.273622636382854 6 7 45.016887313445757 65.979452174386651 77.002748449769257 89.789294922206096 8 9 10 31.102906064822296 106.12444971876043 76.963130737918092 11 95.885000000000005 30.80474892932931 138.87488476680343 0.48180625930040832 194.15616731754213 51.747906192857698 42.092911427657448 60.003779276942417 31.800334325944537 98.902214139955689 98.430000000000021 44.071135056329894
decision_type=2 9 9 2 9 9 9 9 2 2 2 2 2 9 9 2 2 2 2 9 9 9 2 2 2 9 2 2 2 2 2 2 2 2 2 2 2 2
left_child=5 3 4 12 10 15 8 28 36 -5 13 -12 23 24 -15 29 -11 -10 -13 35 22 -18 -21 31 -3 -25 27 -17 -7 37 -23 -2 -9 -27 -28 -14 -6 -1
right_child=1 2 -4 9 6 7 -8 32 17 16 11 18 19 14 -16 26 21 -19 -20 20 -22 30 -24 25 -26 33 34 -29 -30 -31 -32 -33 -34 -35 -36 -37 -38 -39
leaf_value=-0.090914557592652295 -0.037505071234988557 -0.060132118131818083 0.089918193660648751 0.090862417475055399 -0.06603044185979641 -0.086985939960147793 0.091117650050958357 0.050256956058969647 0.038683149609269434 -0.052852520794343993 0.090598835724855831 0.01910019257515266 -0.065271375677962609 -0.027039904131960262 0.090277245608179027 -0.00043079543736020397 -0.010335461754967221 0.079013994275312596 -0.077082395660262121 0.0012116992943679162 0.089365932711042567 0.034523665497236601 -0.060175166894062465 -0.069306386170140649 0.0036480009516002654 -0.028782203236112733 -0.089206454245687267 -0.078778727867270568 -0.019853459649964513 -0.041245064079309599 0.07623251928491788 -0.07864336375323816 0.089996892930280417 0.010491085050771794 -0.050776352997235104 -0.035725610370073234 -0.0402595272884229 -0.07276372543613116
leaf_weight=345.96842333674431 9.8105400204658491 36.33950337767601 701.69815844297409 68.858230501413345 14.373693346977236 25.968423336744308 217.81685158610344 13.773736745119093 161.73214083909988 11.592116683721541 40.284406960010529 11.526350051164629 10.655270010232927 62.765896826982498 26.700130194425583 19.836890071630481 13.839503377676012 61.616070419549942 13.686846673488615 40.610626816749573 13.584276765584944 15.523736745119093 11.623693346977232 12.655270010232925 8.9342333674430829 9.7789633572101611 12.500000000000002 8.7184233367443067 8.5289633572101575 10.560540020465849 16.70797011256218 42.560540020465851 20.610626816749573 10.839503377676008 8.8736933469772321 11.028963357210158 12.028963357210158 10.436846673488615
leaf_count=1383 34 134 1498 147 54 103 465 35 432 42 86 33 40 210 57 61 44 139 53 124 29 42 43 48 27 33 50 34 28 37 38 165 44 32 32 38 42 40
internal_value=0.0287818 0.0580739 0.0688335 0.0063597 0.0456485 -0.0718365 0.0631927 0.00151489 0.038756 0.0579174 0.00690417 0.0429427 -0.0309365 -0.0106085 0.00803458 -0.0820352 0.0182777 0.0499024 -0.0330762 -0.00616657 0.00863568 0.0364718 -0.0125198 -0.0560924 -0.0474507 -0.0317609 -0.0464019 -0.0249776 -0.0549602 -0.0890707 0.0566976 -0.0712401 0.0579261 -0.00794034 -0.0742034 -0.0510259 -0.0549427 -0.0904446
internal_weight=2154.95 1669.17 1369.5 299.669 667.805 485.777 467.568 68.8818 249.751 126.522 200.237 65.4976 173.148 134.74 89.466 416.895 57.6633 223.348 25.2132 87.5028 65.8186 46.0712 52.2343 85.6448 45.2737 33.2737 49.929 28.5553 34.4974 366.966 32.2317 52.3711 34.3844 20.6185 21.3737 21.6842 26.4027 356.405
internal_count=5976 4129 3230 899 1732 1847 1132 210 667 313 600 172 586 428 267 1637 166 571 86 274 196 124 167 312 161 113 177 95 131 1460 80 199 79 65 82 78 96 1423
cat_boundaries=0 1 2 3 4 5 6 7 8 9 10 11 12
cat_threshold=9 4 1 21 2 8 1 2 2 1 1 2
is_linear=0
shrinkage=0.045618


Tree=1
num_leaves=37
num_cat=12
split_feature=1 5 5 9 1 1 5 5 9 9 0 7 7 3 3 9 7 1 7 0 0 1 6 7 7 8 7 7 1 1 8 8 8 7 7 1
split_gain=2786.92 403.928 257.404 270 185.787 168.19 160.843 124.825 90.325 126.937 103.946 52.7937 38.6444 39.267 51.682 68.805 38.5899 34.1127 26.9708 22.5199 21.3268 15.7716 13.5704 15.7233 12.6734 16.4758 12.1173 5.42871 8.17765 4.87599 4.85467 12.0468 2.5152 2.09852 1.19481 0.151922
threshold=49.019619844933381 0 1 2 73.996428959115889 65.000451664795335 3 4 5 6 7 96.99493988790671 206.49016870963644 0.98552041762766163 1.0000000180025095e-35 8 79.033286701613804 45.016887313445757 208.09640910423931 9 10 58.994499616780779 11 180.77066635754616 95.885000000000005 30.80474892932931 138.87488476680343 59.875000000000007 27.500000000000004 42.092911427657448 31.407649419025329 27.300213500713753 31.800334325944537 104.08500000000002 77.354349526898872 44.071135056329894
decision_type=2 9 9 9 2 2 9 9 9 9 9 2 2 2 2 9 2 2 2 9 9 2 9 2 2 2 2 2 2 2 2 2 2 2 2 2
left_child=6 5 3 4 18 22 17 26 11 10 -10 -5 13 14 15 -7 -6 27 21 -18 -13 -3 23 34 25 -19 -8 28 -1 -9 31 -24 -26 -32 -2 -29
right_child=1 2 -4 8 16 12 7 29 9 -11 -12 20 -14 -15 -16 -17 19 24 -20 -21 -22 -23 30 -25 32 -27 -28 35 -30 -31 33 -33 -34 -35 -36 -37
leaf_value=-0.084882064814700245 -0.057195482413107769 -0.039551888352613106 0.08604908838136284 -0.075920715285374502 0.077490383608548957 -0.010895030363907137 -0.0832087022698587 0.048029797890197998 -0.05389034236603308 0.085374240813625046 0.047741173903166359 -0.025085927460895403 -0.048248718863170413 -0.045423068638401523 0.087720579141158911 0.051053181233289661 -0.024992923282191479 -0.00041135166561613443 0.0044190522167157926 0.044775003499327178 0.045363454395963301 -0.080619656304914758 -0.046946630851211424 -0.0061149502974198475 -0.085375070474038667 -0.075387106456610634 -0.018971846539983753 -0.086985447353412612 -0.021092614181141847 0.086108752223010801 -0.058651446930185008 0.009003488941158537 -0.048545707449008019 -0.025539933348812566 -0.083765966425863259 -0.070120152287308349
leaf_weight=10.228848993778231 8.8935546278953534 47.080766230821609 700.28174209594727 13.428690314292906 41.062872812151909 62.160702899098396 25.919363051652908 13.765043586492537 26.887761428952217 310.56409665942192 91.594759210944176 11.954323142766954 12.302699029445646 11.802544951438902 36.953733503818512 82.524558797478676 17.080390483140945 19.836889475584034 17.597497701644897 21.367253333330154 32.999658644199371 35.355896130204201 14.518159583210947 8.2369745671749097 12.475164979696276 8.7049106508493406 8.5281231552362424 337.53115460276604 7.8002173304557791 20.568949699401855 11.857823565602304 17.105217233300209 8.8679763674736005 8.0577374547719938 24.937067583203316 10.673386827111242
leaf_count=41 33 164 1498 52 92 199 103 35 98 664 234 40 44 42 79 203 57 61 53 55 85 138 52 26 50 34 28 1352 26 44 44 51 32 27 99 41
internal_value=0.0275304 0.0555368 0.0658345 0.0436234 -0.00485173 0.0060683 -0.068697 0.00144813 0.0612248 0.0689994 0.0226601 0.00223276 0.0293468 0.034362 0.0396281 0.0271902 0.0468193 -0.0784517 -0.0464801 0.0136523 0.0264609 -0.0574042 -0.044334 -0.0636663 -0.0443851 -0.0238868 -0.0525428 -0.0851871 -0.0581982 0.0553848 -0.0282354 -0.01663 -0.0709973 -0.0459796 -0.0773686 -0.0865299
internal_weight=2151.51 1666.61 1367.26 666.974 179.545 299.351 484.9 68.7815 487.429 429.047 118.483 58.3827 205.744 193.442 181.639 144.685 79.5105 416.119 100.034 38.4476 44.954 82.4367 93.6065 42.0676 49.8849 28.5418 34.4475 366.234 18.0291 34.334 51.5389 31.6234 21.3431 19.9156 33.8306 348.205
internal_count=5976 4129 3230 1732 559 899 1847 210 1173 996 332 177 567 523 481 402 204 1637 355 112 125 302 332 158 177 95 131 1460 67 79 174 103 82 71 132 1393
cat_boundaries=0 1 2 3 4 5 6 7 8 9 10 11 12
cat_threshold=9 4 5 21 8 8 2 1 6 1 1 2
is_linear=0
shrinkage=0.045618


Tree=2
num_leaves=36
num_cat=8
split_feature=1 6 6 2 3 2 2 2 0 0 3 7 2 8 4 1 3 1 0 1 4 1 1 8 8 8 7 8 7 1 1 8 1 6 8
split_gain=2577.91 198.368 354.078 154.581 146.01 119.19 137.303 115.41 76.1208 218.365 72.8287 62.5585 57.2548 55.2992 47.5103 66.1866 42.4343 27.8845 24.1057 20.6789 46.5001 19.0817 10.3819 8.52195 6.73349 11.1264 6.022 3.6068 2.9801 5.00958 2.23677 1.6759 3.03528 1.32548 2.91348
threshold=47.004639972494182 0 1 0.010368613865304912 1.0000000180025095e-35 1.0000000180025095e-35 0.99977195935954721 0.99977195935954721 2 3 0.99894807841205846 209.32088574367808 1.0000000180025095e-35 32.003418625309287 4 72.000515869208968 0.068577036387425919 74.153498005761094 5 41.065250725315742 6 71.991119479914218 42.092911427657448 33.507969209858764 34.505751218280302 27.370574445194276 98.902214139955689 30.167356149305295 83.670000000000016 38.006575028449809 67.987173944602134 29.366208216887127 45.016887313445757 7 23.000416581978474
decision_type=2 9 9 2 2 2 2 2 9 9 2 2 2 2 9 2 2 2 9 2 9 2 2 2 2 2 2 2 2 2 2 2 2 9 2
left_child=12 3 4 8 5 14 -7 -5 16 13 -6 -12 19 17 15 -3 24 -10 26 28 31 -8 -14 -20 25 -2 -9 -16 29 33 -15 -21 -33 34 -1
right_child=1 2 -4 7 10 6 21 18 9 -11 11 -13 22 30 27 -17 -18 -19 23 20 -22 -23 -24 -25 -26 -27 -28 -29 -30 -31 -32 32 -34 -35 -36
leaf_value=-0.083036083528666649 -0.077453875468251374 -0.02287676997083549 0.084631074579558652 0.084487900930720561 0.084288007792524267 0.084071179393625961 -0.048876731103765239 -0.0098241682508838912 -0.017035385105121859 0.083769305584509401 -0.044755298653604995 0.066245904360998004 -0.03075756939249507 -0.078006322733659539 0.0630322139841617 0.030616667643987981 0.02127017537823259 0.032650137389098256 0.0068620745992392486 -0.081693121382114639 0.013771846111112712 0.014430704577663623 0.03172670912550974 0.052671429102084576 -0.087053953295077244 -0.029615721813258854 -0.059307747217740188 0.030327637773758149 -0.083872573209273479 -0.047249594734829745 -0.045040264456619947 -0.074306667934708415 -0.041267360755933361 -0.083538371291282235 -0.061708715689683384
leaf_weight=30.757172971963882 15.155418947339056 155.36476482450962 631.4916290640831 120.09297347068787 141.91049787402153 94.433965921401978 19.668351277709007 11.627528980374338 64.729947909712791 71.612395405769348 19.1368238478899 23.002048477530479 10.743796944618227 21.624755114316944 21.392780780792236 69.4290442019701 21.965467482805252 36.613801896572113 18.487508252263069 28.06032720208168 16.722182482481003 19.38409997522831 10.955585256218908 16.059286132454872 10.232178717851637 33.426417469978333 9.6353624016046506 12.82825882732868 208.13141164183617 15.676539227366446 8.1067030727863294 18.813565656542782 11.503149718046187 59.539818182587624 40.85885314643383
leaf_count=124 59 516 1357 258 305 203 71 37 211 154 68 54 37 85 51 189 62 99 55 112 49 56 30 40 41 113 36 35 839 57 29 74 41 240 155
internal_value=0.0251301 0.051321 0.0610277 0.0257645 0.0351424 0.0193812 0.0543618 0.0593327 0.00488304 0.0198229 0.0686589 0.0157174 -0.0715028 -0.0151461 0.00129942 -0.00631379 -0.0324795 0.000884719 0.00497544 -0.0751491 -0.0528497 -0.0173872 0.000506342 0.02853 -0.0526637 -0.0449418 -0.0329067 0.0512189 -0.0798146 -0.0739063 -0.069613 -0.0720207 -0.0623528 -0.0769626 -0.0711757
internal_weight=2119.17 1667.41 1208.04 459.37 576.551 392.501 133.486 175.903 283.467 202.688 184.049 42.1389 451.762 131.075 259.015 224.794 80.7795 101.344 55.8097 430.063 75.0992 39.0525 21.6994 34.5468 58.814 48.5818 21.2629 34.221 354.964 146.832 29.7315 58.377 30.3167 131.156 71.616
internal_count=5942 4184 2905 1279 1548 1121 330 426 853 578 427 122 1758 424 791 705 275 310 168 1691 276 127 67 95 213 172 73 86 1415 576 114 227 115 519 279
cat_boundaries=0 1 2 3 4 5 6 7 8
cat_threshold=1 2 2 1 2 1 2 2
is_linear=0
shrinkage=0.045618


Tree=3
num_leaves=38
num_cat=13
split_feature=1 9 9 9 2 2 5 6 6 3 3 6 5 1 1 1 3 6 6 0 0 1 1 0 1 1 3 2 3 7 7 7 1 1 7 1 7
split_gain=2364.85 354.551 246.802 269.845 234.749 120.05 99.4713 84.5971 224.395 83.0223 77.6857 58.5644 42.9098 40.8464 34.8878 32.9593 31.3252 30.4531 89.6712 30.2661 28.7338 25.767 20.8856 20.5194 20.1019 16.9937 14.2229 14.1643 13.8513 5.19005 4.19962 3.285 1.93533 2.15435 1.75344 1.59395 0.306593
threshold=47.004639972494182 0 1 2 0.010368613865304912 0.99977195935954721 3 4 5 0.003533934839724973 0.013753533766385053 6 7 75.34517340406903 67.987173944602134 61.998047812628364 0.99894807841205846 8 9 10 11 78.001763999500739 38.006575028449809 12 57.993845923012096 71.991119479914218 0.068577036387425919 0.019727718657930663 0.99894807841205846 92.708553661258506 112.22794845350542 125.51885339944853 45.016887313445757 46.972767339246097 94.002458481119859 68.992685870561175 85.225000000000009
decision_type=2 9 9 9 2 2 9 9 9 2 2 9 9 2 2 2 2 9 9 9 9 2 2 9 2 2 2 2 2 2 2 2 2 2 2 2 2
left_child=6 4 9 10 7 -6 27 13 12 17 15 -8 35 26 24 19 -12 31 25 -4 30 -14 -13 -22 -7 -19 34 32 -11 -15 -16 -3 -1 -34 -2 -9 -24
right_child=1 2 3 -5 5 14 11 8 -10 28 16 22 21 29 20 -17 -18 18 -20 -21 23 -23 36 -25 -26 -27 -28 -29 -30 -31 -32 -33 33 -35 -36 -37 -38
leaf_value=-0.080434280325681839 -0.069683670427825722 -0.070526096267120558 -0.053137360551414221 0.080826669634989717 0.081317105309123824 0.0022847149052909986 -0.080912220959179174 -0.071848573264348153 0.081541983515985891 0.08055994976635765 0.081324162314415957 -0.017336911050235125 -0.011645420759385818 0.022957626234848934 0.0047256139786688613 -0.074832824059402017 -0.0043648901926399203 -0.065102301826484993 0.082730152572314267 0.0175363950404255 0.016559730722811822 0.051161050030734151 0.057344275435358284 0.082210611367405637 -0.077811940312499758 -0.0043325059892396368 -0.0045136223329146873 -0.031655652100565514 0.027173737844604421 -0.017061923997242334 -0.036349097957924237 -0.032734756217954658 -0.046015812339823284 -0.080828308667504303 -0.053025859003826864 -0.050583326286684153 0.040499097198004021
leaf_weight=359.78129145503044 35.090665087103844 21.535083264112476 18.680269166827202 870.93899494409561 133.84380188584328 15.338016927242281 14.564989879727364 27.704433932900429 63.768137067556381 21.246202409267426 27.750609695911407 14.772890746593474 80.093861684203148 18.567378595471386 11.998932614922525 19.36106812953949 12.779378801584242 24.222258165478706 17.166587889194489 37.575418099761009 18.159764066338539 16.144275456666946 13.868039831519129 22.725939929485321 10.930154740810393 16.178830683231354 10.861424043774603 14.162561327219008 20.63531231880188 10.168229162693022 8.5655689984559995 7.8237860947847357 11.270311817526817 8.6649252474308014 39.837187901139259 17.979898035526276 11.342365071177481
leaf_count=1461 135 83 69 1886 290 47 59 108 138 46 60 49 256 52 36 75 40 92 37 108 52 40 34 49 43 50 34 49 57 33 30 27 41 35 146 65 30
internal_value=0.0241353 0.0492789 0.0638428 0.0718197 0.0177515 0.0541574 -0.0687767 -0.00688429 0.0105885 0.00188411 0.00315623 -0.00268422 -0.0213231 -0.0382816 0.012548 -0.0238187 0.0542718 -0.0233357 -0.0038762 -0.00593362 0.0313798 -0.000864733 0.0252689 0.0534416 -0.0311678 -0.0410718 -0.054026 -0.0759132 0.0546769 0.00855937 -0.012281 -0.0609766 -0.0795267 -0.0621561 -0.0610868 -0.0524609 0.0504165
internal_weight=2106.1 1657.67 1115.89 987.086 541.778 221.562 448.427 320.215 205.691 128.808 116.147 54.5483 141.922 114.525 87.7184 75.6168 40.53 86.9265 57.5677 56.2557 61.4502 96.2381 39.9833 40.8857 26.2682 40.4011 85.7893 393.879 41.8815 28.7356 20.5645 29.3589 379.717 19.9352 74.9279 45.6843 25.2104
internal_count=5942 4184 2630 2238 1554 547 1758 1007 607 392 352 172 469 400 257 252 100 289 179 177 167 296 113 101 90 142 315 1586 103 85 66 110 1537 76 281 173 64
cat_boundaries=0 1 2 3 4 5 6 7 8 9 10 11 12 13
cat_threshold=6 1 8 21 1 2 1 9 1 2 1 1 2
is_linear=0
shrinkage=0.045618


Tree=4
num_leaves=38
num_cat=13
split_feature=1 5 5 2 0 5 0 5 1 2 2 2 3 2 1 8 1 6 6 6 6 7 7 1 1 0 6 0 7 8 7 7 8 8 8 8 1
split_gain=2174.23 307.734 232.163 230.116 163.165 131.472 124 105.563 102.246 58.7719 56.9282 96.4787 51.9305 44.8135 35.4444 32.586 30.9583 24.6743 99.5306 22.4269 43.8064 19.7737 16.3916 15.3106 14.8184 14.0739 5.51545 5.35247 7.32369 4.95068 4.60629 3.65175 3.59437 3.28546 4.24152 2.60703 2.50055
threshold=49.019619844933381 0 1 0.010368613865304912 2 3 4 5 56.001575699917957 0.99977195935954721 0.024622353347408869 0.99977195935954721 0.013753533766385053 0.019727718657930663 62.002746113409124 34.407419943498837 65.979452174386651 6 7 8 9 88.499391590209896 143.36701218771179 44.071135056329894 76.963130737918092 10 11 12 97.465000000000018 28.491465896499154 84.935000000000016 96.740000000000023 28.099371818790381 34.302398866847476 30.084110596067081 30.167356149305295 42.092911427657448
decision_type=2 9 9 2 9 9 9 9 2 2 2 2 2 2 2 2 2 9 9 9 9 2 2 2 2 9 9 9 2 2 2 2 2 2 2 2 2
left_child=5 3 4 14 10 13 8 22 31 -5 17 -12 -10 23 26 19 -11 29 -19 24 -21 -13 -7 -1 -16 -18 -2 -25 35 -3 -15 -6 -27 34 -28 -29 -9
right_child=1 2 -4 9 6 7 -8 36 12 16 11 21 -14 30 15 -17 25 18 -20 20 -22 -23 -24 27 -26 32 33 28 -30 -31 -32 -33 -34 -35 -36 -37 -38
leaf_value=-0.07789001463874172 -0.070839005898538504 -0.024855840933286841 0.077480592871670112 0.079108394657454631 -0.070206800989483578 -0.079825323248723268 0.079191048461313279 0.050284841925091188 0.021668437461885116 -0.051633417546627196 0.077997988501612922 0.013864048124141871 0.066219275842381006 0.014735325867779215 -0.05669791349858791 -0.083267000814991943 -0.0072893582304653171 -0.028907658024982987 0.077694704162960662 -0.010662785631368172 0.080048832228487729 -0.065783744782626954 -0.0047059642355852258 -0.072366443334425379 0.0012928000274531151 0.06259958252946185 -0.046650874212948806 -0.0064156699260849905 -0.063326527769097196 -0.055996741850051428 -0.027428980049941959 -0.034312656849884909 0.031336314557720617 -0.068606832040974952 -0.0051881447839085878 -0.040218517885195794 0.07958753960749014
leaf_weight=343.14190790057182 31.00109201669693 23.551628202199936 694.28020748496056 71.426365345716476 12.845622539520265 25.03718888759613 207.99430936574936 13.498817667365072 122.93153843283653 10.798613786697386 44.683310717344284 10.990278437733652 98.83717268705368 10.794167175889017 20.440509125590324 11.922208011150358 12.788166642189026 65.014324992895126 25.077561616897583 38.76915568113327 15.229460299015043 15.030837386846541 8.2214006036519987 17.233118787407875 16.103127285838127 18.141970604658127 15.666930049657827 11.843364134430887 15.867375567555426 22.048234105110168 10.216225415468214 14.1671095341444 16.572232604026794 7.8614633828401557 8.2063174545764905 8.4969876110553724 20.245514899492264
leaf_count=1411 122 80 1522 156 50 102 455 34 346 40 98 32 230 32 76 48 40 221 55 124 33 58 26 68 49 43 57 38 62 83 35 49 45 31 26 31 44
internal_value=0.0244271 0.0493471 0.0583377 0.00576124 0.0374163 -0.0605167 0.0531858 0.00331872 0.0313696 0.0514007 0.00427848 0.0374285 0.0415966 -0.0691938 -0.0297123 -0.0130502 0.017183 -0.0129807 0.000810556 -0.00356075 0.0150212 -0.0320673 -0.0474239 -0.0742892 -0.0311157 0.0331194 -0.0566897 -0.0508332 -0.0400473 -0.0402408 -0.00554272 -0.0520295 0.0481375 -0.0422895 -0.0328305 -0.0211125 0.0528715
internal_weight=2136.98 1652.38 1357.45 294.928 663.172 484.596 456.776 67.0029 248.781 129.727 206.396 70.7044 221.769 417.593 165.2 102.464 58.301 135.692 90.0919 90.5423 53.9986 26.0211 33.2586 396.583 36.5436 47.5024 62.7358 53.4408 36.2077 45.5999 21.0104 27.0127 34.7142 31.7347 23.8732 20.3404 33.7443
internal_count=6052 4169 3279 890 1757 1883 1130 206 675 324 627 188 576 1677 566 330 168 439 276 282 157 90 128 1610 125 128 236 199 131 163 67 99 88 114 83 69 78
cat_boundaries=0 1 2 3 4 5 6 7 8 9 10 11 12 13
cat_threshold=9 4 1 21 2 8 1 2 1 2 2 2 2
is_linear=0
shrinkage=0.045618


Tree=5
num_leaves=38
num_cat=16
split_feature=4 9 9 9 5 5 0 0 3 3 3 3 3 0 0 7 6 6 6 7 3 3 8 6 7 8 6 0 8 7 7 7 8 7 8 7 7
split_gain=1129.5 487.378 429.866 459.857 279.381 320.16 119.503 193.683 115.02 114.857 72.7785 44.4003 38.7726 31.555 59.8386 26.1616 23.411 119.763 22.6409 18.7478 15.057 13.1969 8.66669 8.01769 6.80576 5.96345 5.10412 8.6014 10.9731 9.99884 11.0982 4.67494 4.34105 4.14001 3.88796 1.14298 0.527964
threshold=0 1 2 3 4 5 6 7 0.013753533766385053 0.019523803864261117 0.11605189001297951 0.068577036387425919 0.99894807841205846 8 9 80.580000000000013 10 11 12 220.90587831465999 0.88421965554225024 0.99894807841205846 28.699296493860874 13 197.05454352462212 29.001790171786357 14 15 22.750769112941388 95.408577850036082 88.815000000000012 133.50002061229176 32.300381879852218 165.09419819643026 35.90084153727036 96.99493988790671 103.28922227186466
decision_type=9 9 9 9 9 9 9 9 2 2 2 2 2 9 9 2 9 9 9 2 2 2 2 9 2 2 9 9 2 2 2 2 2 2 2 2 2
left_child=10 4 9 8 6 24 15 11 13 16 26 18 -13 35 -15 23 31 22 -8 33 -10 -11 -18 32 34 -25 -1 -28 -29 30 -30 -3 -2 -17 36 -4 -6
right_child=1 2 3 -5 5 -7 7 -9 20 21 -12 12 -14 14 -16 19 17 -19 -20 -21 -22 -23 -24 25 -26 -27 27 28 29 -31 -32 -33 -34 -35 -36 -37 -38
leaf_value=-0.075094223007148672 -0.028505385664325644 -0.070269407976124701 -0.071643850193332151 0.076201147375532657 -0.076088049067843846 0.072358602447850223 -0.058379238653502828 0.078774950894520995 0.075917719367030581 0.07531414079438957 0.038124891187338777 0.078091542160998839 -0.021687749686164694 -0.036351595439288009 0.077077222412817156 -0.069286085017123578 -0.039276179449137083 0.078663926341547799 -0.017951111641036025 -0.004715039666685357 0.014767165076332495 0.021472192563953454 -0.07754290506581786 -0.028838535118546945 -0.020765399636857286 0.0049956042637251908 -0.076572720843084086 -0.073236341938367311 -0.040607366796828935 -0.070478165538623419 0.014428438140399054 -0.029053581726697104 -0.068385280539943305 -0.045815516337229599 -0.03332629103484408 -0.053814779241160529 -0.056641167929184097
leaf_weight=127.27144549787045 18.287740707397464 41.667621821165085 24.074709445238113 903.67396029829979 25.848343819379807 174.06535759568214 49.769712910056114 53.313969641923904 25.290452927350998 20.279594212770462 13.941517263650892 15.105233311653135 16.911967039108276 47.917728677392006 11.884277969598768 87.255827844142914 28.50028133392334 17.816960602998734 70.306978598237038 12.421066910028456 13.078311845660208 18.821118831634521 24.498369857668877 19.916191250085831 9.8840256780385953 22.833099603652954 50.496984794735909 31.413449108600616 26.833944946527481 14.449513226747511 10.289752393960951 7.7773485779762259 9.2298233509063703 23.587311908602715 8.4023441374301893 25.90260049700737 11.405251279473303
leaf_count=528 64 166 97 2002 105 386 188 117 56 45 37 33 56 170 26 346 103 39 234 40 38 53 99 69 33 70 210 130 99 59 31 27 37 86 30 99 44
internal_value=0.0235834 0.0364699 0.0531802 0.0638482 0.00335361 0.0424118 -0.0196083 0.00411015 -0.0115178 -0.0167989 -0.0626601 -0.0220954 0.0253992 -0.0360842 -0.0135114 -0.0458032 -0.0399534 -0.0228873 -0.034834 -0.0584961 0.0554337 0.0498146 -0.0573233 -0.0233381 -0.0480091 -0.0106871 -0.0680995 -0.0612738 -0.0517162 -0.0382387 -0.0251904 -0.0640656 -0.0425321 -0.0644459 -0.0641126 -0.062797 -0.0706592
internal_weight=2114.42 1839.73 1211.18 1051.82 628.544 229.605 398.939 205.408 148.148 159.361 274.697 152.094 32.0172 109.779 59.802 193.531 120.261 70.8156 120.077 123.264 38.3688 39.1007 52.9987 70.2669 55.54 42.7493 260.755 133.484 82.9867 51.5732 37.1237 49.445 27.5176 110.843 45.6559 49.9773 37.2536
internal_count=6052 4958 3020 2488 1938 598 1340 628 486 532 1094 511 89 392 196 712 434 241 422 472 94 98 202 240 212 139 1057 529 319 189 130 193 101 432 179 196 149
cat_boundaries=0 1 2 3 4 5 6 7 8 9 10 11 12 13 14 15 16
cat_threshold=1 6 1 8 12 1 1 2 1 2 1 2 2 1 1 2
is_linear=0
shrinkage=0.045618


Tree=6
num_leaves=40
num_cat=17
split_feature=1 5 5 9 2 5 1 5 9 9 0 2 2 1 7 7 0 0 1 0 0 0 7 1 6 1 7 6 7 1 6 6 1 1 7 1 7 2 1
split_gain=1855.06 283.441 204.294 234.145 186.962 125.335 123.678 96.0128 56.7564 87.3959 62.6425 49.9675 45.0245 43.1508 35.8934 33.1431 32.9056 32.2931 27.0048 20.2131 38.2422 17.1439 14.3755 11.5863 9.34435 9.14997 9.11097 8.50135 7.03696 7.61421 7.02719 12.1739 5.08211 3.11498 2.28397 2.19802 1.70045 0.618677 0.342165
threshold=49.019619844933381 0 1 2 0.012423431086299232 3 73.208146300600887 4 5 6 7 0.99977195935954721 0.07516789977446571 67.569895555989987 208.09640910423931 79.254749456227259 8 9 65.979452174386651 10 11 12 89.789294922206096 46.046992983424225 13 42.092911427657448 138.87488476680343 14 106.12444971876043 55.874911427594476 15 16 47.663582317456481 62.952629132408553 104.08500000000002 40.354780611470026 163.1525322943755 0.11950585690795602 56.998935247660832
decision_type=2 9 9 9 2 9 2 9 9 9 9 2 2 2 2 2 9 9 2 9 9 9 2 2 9 2 2 9 2 2 9 9 2 2 2 2 2 2 2
left_child=5 4 3 6 13 12 14 26 10 17 33 -6 23 24 22 37 -12 -10 -13 34 27 -17 -3 -1 38 -14 -7 -21 29 -26 -20 -32 -25 -5 -15 -9 -30 -8 -2
right_child=1 2 -4 8 11 7 15 35 9 -11 16 18 25 19 -16 21 -18 -19 30 20 -22 -23 -24 32 28 -27 -28 -29 36 -31 31 -33 -34 -35 -36 -37 -38 -39 -40
leaf_value=-0.073322775820705705 -0.07694037180196861 -0.035763751492242396 0.072899337841854331 -0.064109511995207022 0.074767625541884847 -0.071873219705147803 0.050680426713710779 0.048000481369927246 -0.042480585514675491 0.072485479643296616 0.016032151385142274 -0.044558009295392581 -0.032648473450335398 -0.055910668479208843 0.012912898828841043 -0.032577479945345919 0.0753328554458573 0.028666807457118065 0.004059492869445706 -0.034089834112593455 0.074379266412270967 0.032416633542883488 -0.073598883018230893 -0.019771926164695194 -0.024999262749917713 0.026722216803463209 -0.015552164472550792 0.0036860778227942375 -0.0037696495737462288 -0.077251241284582814 0.01775534669504766 0.076190325047084909 -0.059203935063532061 -0.028862927602103947 -0.02415611171297026 0.075477488483983279 -0.03075913401525562 0.069151622955232209 -0.060098157034730391
leaf_weight=355.05879156291485 16.760533705353737 45.477835312485695 666.41673454642296 11.00129644572735 64.239757239818573 24.679017916321754 12.428294554352759 13.44846338033676 18.860514670610428 293.93150949478149 54.651839345693588 11.909615114331244 10.430699095129969 12.264474943280222 20.347915649414062 15.587158590555191 30.498538285493851 43.29187747836113 13.472496032714846 19.207925423979759 13.918501913547514 17.901212811470032 41.490567550063133 12.872537389397623 11.761681720614435 10.718971297144888 8.4516916871070844 33.509758949279785 11.511754855513574 12.911307483911513 17.180304363369942 13.602840781211851 16.750730231404305 12.837018996477125 9.9710537642240507 21.168281823396683 9.1519045978784543 27.046176597476006 19.111361816525459
leaf_count=1499 69 161 1505 43 144 102 31 34 69 660 157 44 37 46 60 54 68 119 41 67 31 48 165 45 41 30 28 102 37 53 49 30 65 45 34 47 32 62 75
internal_value=0.0222373 0.0456838 0.0545237 0.0346985 0.0037289 -0.0570604 -0.00959212 0.00435527 0.0517174 0.061379 0.0175443 0.0473265 -0.0658116 -0.0269003 -0.0412724 0.0355926 0.037481 0.00595064 0.0156647 -0.00483063 0.00767983 0.00196508 -0.0540222 -0.0709938 -0.0508995 -0.00230007 -0.0445307 -0.0100421 -0.0365393 -0.0530234 0.0321483 0.0441271 -0.0425435 -0.0458151 -0.0423158 0.0507678 -0.0162154 0.0637986 -0.0685508
internal_weight=2075.83 1602.25 1311.77 645.352 290.485 473.579 180.279 67.7475 465.073 356.084 108.989 120.405 405.832 170.08 107.316 72.9628 85.1504 62.1524 56.1653 88.8717 66.6362 33.4884 86.9684 384.682 81.2085 21.1497 33.1307 52.7177 45.3366 24.673 44.2556 30.7831 29.6233 23.8383 22.2355 34.6167 20.6637 39.4745 35.8719
internal_count=6029 4142 3247 1742 895 1887 581 211 1161 848 313 308 1676 587 386 195 225 188 164 280 200 102 326 1609 307 67 130 169 163 94 120 79 110 88 80 81 69 93 144
cat_boundaries=0 1 2 3 4 5 6 7 8 9 10 11 12 13 14 15 16 17
cat_threshold=9 4 5 21 8 2 8 1 2 1 2 1 1 2 1 1 2
is_linear=0
shrinkage=0.045618


Tree=7
num_leaves=42
num_cat=12
split_feature=1 9 9 9 2 5 5 5 2 5 3 6 6 3 2 1 8 1 3 1 6 8 1 1 1 8 6 6 1 1 3 3 7 8 1 1 1 7 8 8 8
split_gain=1716.89 265.882 189.261 174.002 172.307 116.364 107.968 129.623 102.488 88.3831 62.5434 54.7963 96.755 48.4914 42.4295 34.8879 32.6432 31.2213 22.5847 21.2944 19.7627 17.8885 13.7243 13.5909 11.2356 10.7943 9.61456 10.3325 8.708 8.36924 7.55397 7.52226 6.38119 5.74945 4.71178 2.29077 2.16559 0.787342 0.450643 0.432142 0.0982033
threshold=49.019619844933381 0 1 2 0.015621484120559028 3 4 5 0.99977195935954721 6 0.019523803864261117 7 8 0.013753533766385053 0.07516789977446571 67.987173944602134 28.491465896499154 60.970532941090745 0.99894807841205846 76.963130737918092 9 26.400287401872127 54.992085452033173 57.993845923012096 46.046992983424225 35.90084153727036 10 11 64.706405638001499 42.092911427657448 0.99894807841205846 0.068577036387425919 97.960187268706306 30.402398677635684 47.663582317456481 70.936266451741091 40.354780611470026 88.815000000000012 28.285576588577086 29.672574451114404 33.507969209858764
decision_type=2 9 9 9 2 9 9 9 2 9 2 9 9 2 2 2 2 2 2 2 9 2 2 2 2 2 9 9 2 2 2 2 2 2 2 2 2 2 2 2 2
left_child=5 4 10 13 6 14 19 11 -6 25 16 31 -13 17 24 22 21 20 -15 35 -4 -3 -10 -18 -1 -7 32 -28 -23 -16 -12 -8 -17 -21 -26 38 -11 -19 -2 -36 -25
right_child=1 2 3 -5 8 9 7 -9 15 36 30 12 -14 18 29 26 23 37 -20 33 -22 28 -24 40 34 -27 27 -29 -30 -31 -32 -33 -34 -35 39 -37 -38 -39 -40 -41 -42
leaf_value=-0.071297659339507782 -0.059256227914258823 -0.028381573631281708 -0.034533455184533282 0.071624657622435264 0.072785695617855917 -0.070843072783153466 -0.059567047248867529 0.062584782024994443 0.0019879930341070336 0.045996845161936771 0.07158852785893996 -0.023154701866235597 0.074723605497071841 0.072596619489408251 -0.031299788725413995 0.025457733683032845 -0.018544360201832959 -0.045386922289738112 0 -0.031077876116880926 0.026537838948858129 -0.003233086833503299 -0.063616301068893877 -0.080550144082066205 -0.018939535844522043 -0.0089109225042096878 0.022346280549007339 0.072637610159175081 0.050131714619081891 0.025531997285149429 0.029464185949677705 -0.010858666497176568 -0.024195483513101926 0.015037791534819274 -0.066993325551085864 -0.04508984125429543 0.073240628403519914 -0.069300621138891141 -0.073874064330501268 -0.043780549305884937 -0.060243237018839303
leaf_weight=348.64028434455395 23.368739575147629 18.222469836473465 16.780019149184227 835.44298514723778 130.87245887517929 24.684356436133385 40.889856323599815 62.230824857950211 11.511353492736818 13.404394716024397 17.951891452074051 66.949730813503265 30.356795400381088 25.530684679746628 10.393911600112917 11.925440996885301 16.600198939442635 9.2358192503452319 13.621237635612486 12.413578301668169 31.062758311629295 9.8946449011564273 14.859457805752752 13.986541360616686 12.835549816489221 8.0607182979583722 22.920335620641708 14.134122610092161 16.502019315958023 10.716910988092421 19.736093193292618 8.3770256340503675 9.4155315458774549 9.7673260718584043 8.7192087173461932 16.320319712162018 20.83384758234024 12.989400863647459 28.237079292535782 7.8855015933513632 8.7477475106716138
leaf_count=1499 92 63 60 1915 299 103 157 142 36 34 41 225 68 58 37 33 57 34 42 43 88 32 58 57 45 27 65 32 42 30 54 27 32 29 35 60 47 51 116 30 34
internal_value=0.0215618 0.0442502 0.0571227 0.0642296 0.0161266 -0.0553488 -0.00596558 0.0123686 0.0475016 0.00419859 0.0011835 -0.0116002 0.0074136 0.00632306 -0.0638595 0.00830637 -0.0205811 -0.0157513 0.0474638 -0.0448524 0.00492973 0.00601302 -0.0349589 -0.0507751 -0.0689714 -0.0429215 0.0280075 0.0420045 0.0300287 -0.00218972 0.0499854 -0.0514941 0.00323857 -0.0105426 -0.040896 -0.0624784 0.0489116 -0.06017 -0.0676477 -0.0570395 -0.0736443
internal_weight=2047.03 1580.85 1066.3 944.663 514.55 466.175 298.911 208.804 215.639 66.9833 121.642 146.573 97.3065 109.22 399.191 84.7662 83.9536 70.068 39.1519 90.107 47.8428 44.6191 26.3708 39.3345 378.081 32.7451 58.3954 37.0545 26.3967 21.1108 37.688 49.2669 21.341 22.1809 29.4403 67.9261 34.2382 22.2252 51.6058 16.6047 22.7343
internal_count=6029 4142 2628 2248 1514 1887 959 619 555 211 380 477 293 333 1676 256 285 233 100 340 148 137 94 148 1609 130 162 97 74 67 95 184 65 72 110 268 81 85 208 65 91
cat_boundaries=0 1 2 3 4 5 6 7 8 9 10 11 12
cat_threshold=6 1 8 21 9 4 8 1 2 2 2 1
is_linear=0
shrinkage=0.045618


Tree=8
num_leaves=41
num_cat=16
split_feature=1 9 9 9 2 2 5 5 0 0 5 1 0 0 1 4 4 8 0 0 8 8 0 2 1 7 1 0 1 1 8 1 7 1 8 8 8 1 1 7
split_gain=1592.96 261.992 215.635 189.976 170.576 100.877 96.6821 133.783 70.0078 66.5958 62.5767 45.1903 39.5564 44.9218 28.3345 26.0885 42.363 24.0254 22.6842 33.2932 26.3111 21.1825 20.8003 20.1782 18.9175 18.6857 17.5251 17.1853 15.2612 10.8158 8.19795 7.01744 4.47041 4.28158 3.28295 2.3731 9.28837 2.37082 0.0416705 0.0183927
threshold=47.004639972494182 0 1 2 1.0000000180025095e-35 0.99977195935954721 3 4 5 6 7 56.998935247660832 8 9 67.987173944602134 10 11 37.406055377192729 12 13 29.06771715450645 32.18685741012208 14 0.07516789977446571 54.992085452033173 101.93275192247728 61.998047812628364 15 78.96224711734142 75.985446414278286 26.400287401872127 44.071135056329894 103.28922227186466 46.972767339246097 31.378673569071683 27.972657389979073 29.775796703539815 45.016887313445757 55.874911427594476 107.60000000000001
decision_type=2 9 9 9 2 2 9 9 9 9 9 2 9 9 2 9 9 2 9 9 2 2 9 2 2 2 2 9 2 2 2 2 2 2 2 2 2 2 2 2
left_child=10 4 11 12 6 -6 29 8 28 -10 23 39 25 21 24 17 -17 -12 20 26 30 -14 32 31 -7 -4 -20 -24 -8 35 -13 -1 -16 37 -31 38 -37 -33 -2 -3
right_child=1 2 3 -5 5 14 7 -9 9 -11 15 18 13 -15 22 16 -18 -19 19 -21 -22 -23 27 -25 -26 -27 -28 -29 -30 34 -32 33 -34 -35 -36 36 -38 -39 -40 -41
leaf_value=-0.069987027603970672 -0.055130717580635577 -0.07506739950467195 -0.071498073173147506 0.06989407581179162 0.07101580161321154 0.005521653188990774 -0.057464602802956295 0.061389961972449454 -0.010385162382120686 0.075767550159521274 -0.071975512326006907 -0.016486224357373208 0.013209436297291566 0.071669606299961691 0.0077558908954511886 -0.036383407680319696 0.074767919384300122 0.021629734964223508 0.036132079844892515 0.071628287769573112 -0.071509405007310234 -0.056260323648130731 0.011366306717070751 -0.011375022698907044 -0.071279005472370954 -0.0045491714073295142 -0.023660242369092761 0.071092323483271339 0.0042549710566101243 -0.032306854147364575 0.032265610012494561 -0.050743583753344007 -0.032402938855441155 -0.073465486736524671 0.0025363883528530039 -0.012924667045673705 -0.061451447474230848 -0.017704290769479523 -0.072381213484791873 -0.055168641203497626
leaf_weight=327.67226256430149 9.2453326284885424 11.562328770756723 16.646840333938599 820.1777902841568 131.39036938548088 13.583700910210611 57.705405727028847 63.399907439947128 72.13032540678978 24.923821002244949 15.926952034235002 15.050214737653734 38.857700318098068 24.845005333423615 12.426855191588404 12.69523112475872 15.667538315057755 8.568141043186186 17.270805940032005 20.910615921020508 13.041520491242407 11.693846613168715 18.852461770176888 13.952555119991301 12.598741531372069 18.374615043401718 24.248666614294052 22.158625423908234 9.4887361079454404 15.086673915386202 13.230419352650641 8.7757916301488894 10.175978332757948 8.1503374725580233 8.3550176471471769 11.843336895108221 30.679880797863007 11.545044362545012 19.062098756432533 7.6277172565460196
leaf_count=1443 37 48 68 1916 306 42 224 147 232 56 68 50 115 57 37 47 35 25 47 48 53 44 55 46 51 60 82 51 29 53 37 36 36 34 26 41 124 41 78 30
internal_value=0.0203992 0.0412533 0.054389 0.0620585 0.0144817 0.0455735 -0.00642812 0.0100288 -0.0121943 0.0117932 -0.058291 -0.00392456 0.00281482 0.0217185 0.00819635 -0.00392901 0.0248982 -0.0390771 0.00763809 0.0250002 -0.0184361 -0.00290742 0.0246737 -0.0641919 -0.0314763 -0.0367908 0.00111974 0.0439901 -0.0486705 -0.0427082 0.00617321 -0.0680368 -0.0101849 -0.0450189 -0.0197138 -0.0561594 -0.0482148 -0.0326576 -0.0674228 -0.0681767
internal_weight=2019.6 1596.65 1053.54 930.596 543.107 221.187 321.921 227.648 164.248 97.0541 422.954 122.942 110.418 75.3966 89.7964 52.8579 28.3628 24.4951 103.752 62.4301 41.3222 50.5515 63.6139 370.096 26.1824 35.0215 41.5195 41.0111 67.1941 94.2723 28.2806 356.143 22.6028 28.4712 23.4417 70.8306 42.5232 20.3208 28.3074 19.19
internal_count=6055 4280 2655 2260 1625 578 1047 688 541 288 1775 395 344 216 272 175 82 93 317 177 140 159 179 1600 93 128 129 106 253 359 87 1554 73 111 79 280 165 77 115 78
cat_boundaries=0 1 2 3 4 5 6 7 8 9 10 11 12 13 14 15 16
cat_threshold=6 1 8 9 4 1 2 21 1 2 2 1 1 2 1 2
is_linear=0
shrinkage=0.045618


Tree=9
num_leaves=34
num_cat=13
split_feature=4 5 5 2 3 2 0 0 3 2 4 3 7 6 6 6 3 6 6 7 7 0 7 8 8 8 6 8 7 7 8 7 7
split_gain=851.981 331.905 387.8 283.285 213.224 128.176 112.803 275.453 83.3265 65.1569 61.8125 36.1175 31.0427 24.594 16.3325 126.097 14.6378 14.5844 48.8781 15.3826 13.0005 14.0916 10.2659 4.3271 4.24426 3.02973 6.74533 8.84504 6.50995 14.2857 2.72425 0.626015 0.7248
threshold=0 1 2 1.0000000180025095e-35 0.003533934839724973 0.99977195935954721 3 4 0.99894807841205846 0.11609826858020895 5 1.0000000180025095e-35 127.76500000000001 6 7 8 0.92571225906277121 9 10 194.90665862735761 103.28922227186466 11 66.325000000000003 28.285576588577086 29.1781650942137 24.302541101262808 12 28.188391085245808 95.408577850036082 80.580000000000013 32.003418625309287 89.462475616801555 81.995000000000019
decision_type=9 9 9 2 2 2 9 9 2 2 9 2 2 9 9 9 2 9 9 2 2 9 2 2 2 2 9 2 2 2 2 2 2
left_child=9 3 10 4 6 -5 14 13 -6 25 20 17 -10 -8 30 -16 -13 19 -19 -7 22 24 -3 -14 -22 -1 -27 28 29 -28 -2 32 -29
right_child=1 2 -4 5 8 11 7 -9 12 -11 -12 16 23 -15 15 -17 -18 18 -20 -21 21 -23 -24 -25 -26 26 27 31 -30 -31 -32 -33 -34
leaf_value=-0.067553386761619746 -0.047092041663578159 -0.018845643889970877 0.067811063362487711 0.069967576734610903 0.070353379782192804 -0.055056806421981998 -0.050516658747813019 0.070669622692561274 -0.051683565022064629 0.024769351042271938 0.073459653057584298 0.068864261996858495 0.00095137785646980187 -0.015248885112143592 -0.047606970107341919 0.070512313986633254 0.0076186211351318839 -0.020257496185756931 0.072504873387934821 0.010848083072281262 0.014571709038540236 -0.057689251899410765 -0.066931883617788707 0.03923115827917005 -0.02274016752655347 -0.067915094111805213 -0.048224538622790226 -0.062126961784519458 -0.059717193075907948 0.026126587706346384 -0.064125894709331652 -0.071209918409410114 -0.036874185133243427
leaf_weight=128.83700953423977 74.037758708000183 12.681537792086599 638.42956504225731 207.34485253691673 94.569292366504669 19.298293441534046 69.267368257045746 85.153836458921432 17.718298196792603 19.101099163293839 10.702281475067137 24.517947345972061 10.043005153536798 103.40766561031342 118.71761681139469 22.1077980697155 12.539016857743261 37.36772221326828 17.007107138633728 11.521289363503454 15.148370027542116 13.80730004608631 41.077019691467285 17.187878891825676 10.574714154005049 57.184447467327118 10.891854852437978 9.8750832229852694 8.5645519047975522 10.129752203822134 34.925769791007042 15.146374002099035 7.2392767071723929
leaf_count=578 293 45 1526 491 222 74 270 200 66 55 24 58 31 354 465 52 38 126 39 35 48 55 174 46 38 254 45 42 37 30 149 66 29
internal_value=0.0198344 0.0316115 0.0543923 0.0135854 -0.00380204 0.0481354 -0.0175407 0.00360539 0.0460897 -0.0559456 -0.0266312 0.0109982 -0.00491255 -0.0294775 -0.0393768 -0.0289405 0.048471 -0.00530894 0.00881273 -0.0303137 -0.0411709 -0.020893 -0.055824 0.0254584 -0.000587603 -0.0622068 -0.0562563 -0.0451785 -0.0264958 -0.0122007 -0.0527242 -0.061832 -0.0523939
internal_weight=1986.12 1719.15 742.421 976.733 647.136 329.596 507.618 257.829 139.518 266.969 103.991 122.251 44.9492 172.675 249.789 140.825 37.057 85.1944 54.3748 30.8196 93.2889 39.5304 53.7586 27.2309 25.7231 247.868 119.031 61.8469 29.5862 21.0216 108.964 32.2607 17.1144
internal_count=6055 4919 1910 3009 2148 861 1783 824 365 1136 384 370 143 624 959 517 96 274 165 109 360 141 219 77 86 1081 503 249 112 75 442 137 71
cat_boundaries=0 1 2 3 4 5 6 7 8 9 10 11 12 13
cat_threshold=1 12 1 1 2 2 1 1 2 2 1 1 1
is_linear=0
shrinkage=0.045618


Tree=10
num_leaves=39
num_cat=16
split_feature=1 5 5 9 1 1 9 9 9 0 5 7 6 7 0 8 6 8 1 1 7 7 8 6 0 7 8 6 7 0 7 1 7 6 8 8 1 7
split_gain=1405.97 229.601 175.655 177.277 111.974 89.2369 51.4183 49.9625 75.7795 54.5697 45.7193 37.5499 32.4683 29.3445 24.3762 17.7396 17.1 15.8054 13.5311 13.4953 12.6302 11.947 11.4566 10.6357 8.96656 9.55177 8.6522 6.8474 5.34108 4.68751 4.58869 3.63092 3.01329 2.42291 1.77463 1.69649 0.855766 0.850343
threshold=47.004639972494182 0 1 2 71.485938690576774 62.002746113409124 3 4 5 6 7 96.740000000000023 8 79.254749456227259 9 26.678900664970318 10 33.324811467093305 44.071135056329894 38.006575028449809 104.42223390983594 86.94326201744579 34.407419943498837 11 12 94.75500000000001 26.201164048725371 13 59.525286656454689 14 180.77066635754616 59.687241583552677 180.77066635754616 15 29.800864676504617 28.90056072954685 67.987173944602134 84.585000000000022
decision_type=2 9 9 9 2 2 9 9 9 9 9 2 9 2 9 2 9 2 2 2 2 2 2 9 9 2 2 9 2 9 2 2 2 9 2 2 2 2
left_child=10 5 3 4 16 23 15 9 11 36 18 -9 -12 -6 -11 33 32 26 28 -14 -15 -18 29 30 25 -20 -8 -28 -1 -17 37 34 -3 -7 -25 -21 -5 -2
right_child=1 2 -4 7 13 6 17 8 -10 14 12 -13 19 20 -16 22 21 -19 24 35 -22 -23 -24 31 -26 -27 27 -29 -30 -31 -32 -33 -34 -35 -36 -37 -38 -39
leaf_value=-0.0374045446820543 -0.049429554877128849 -0.067110840344504277 0.066121440275288892 -0.04829289418144548 0.062028956230713458 -0.06831088585396082 0.016448746238649448 -0.052907579179560418 0.065820014094746679 0.015956237162793759 -0.068606260589232637 0.02628330985410918 -0.019492000848093265 -0.032401366463740089 0.068362978007264416 -0.002444126200110675 -0.0016497718894731383 -0.010442262361423184 0.0048571077178832332 0.020807687480427439 0.023337048158399938 -0.041452929948215055 -0.036962429597803159 -0.043097668188205672 -0.07123640817236801 -0.052587817836753925 0.029634044021983601 0.059085036668989746 -0.067063712180626012 0.024086857687755061 -0.023226051920227198 0.00056467223284181116 -0.035371113104406354 -0.031092445447662095 -0.019185210569101385 0.047638886022966898 -0.027883004041740586 -0.070744035046404349
leaf_weight=15.143749773502348 11.778954043984415 33.993431374430656 611.73586389422417 16.489273726940159 38.080638438463211 8.9715884625911713 19.537561878561974 16.535766959190369 273.73792335391045 55.492036819458008 13.489315703511238 48.278324276208878 15.482192099094389 12.207468494772909 27.960301339626312 30.34744456410408 29.770785808563232 11.826001107692717 14.107328683137895 11.259970292448999 26.118481978774071 33.834710866212845 13.672429144382475 12.736349731683733 9.7957068979740125 10.037881061434744 24.770615220069885 61.611718729138374 303.28068566322327 24.676115751266479 8.3510564565658552 10.700987905263899 9.7889406979083997 8.5764828622341156 17.229397013783455 11.800202026963232 10.043995290994642 19.851546078920364
leaf_count=62 48 141 1499 65 93 36 58 64 663 161 60 138 55 43 67 98 96 40 47 34 75 126 50 49 42 42 71 154 1389 72 30 35 36 31 61 31 36 86
internal_value=0.0198616 0.0398734 0.0481463 0.0299723 -0.00791453 0.00192592 0.018074 0.0453412 0.0547016 0.0142764 -0.0557526 0.00509267 -0.00688811 0.0337694 0.0337197 -0.00934883 -0.0383745 0.0359394 -0.0610159 0.0130341 0.00533993 -0.0229889 0 -0.038543 -0.0346261 -0.0190208 0.0445736 0.0508062 -0.0656989 0.00938836 -0.055324 -0.0216884 -0.0603633 -0.051067 -0.0297896 0.0351182 -0.0410857 -0.063389
internal_weight=1933.1 1528.71 1244.07 632.332 183.794 284.638 203.99 448.538 338.552 109.986 404.397 64.8141 52.0317 76.4066 83.4523 86.2441 107.388 117.746 352.365 38.5424 38.326 63.6055 68.696 80.6483 33.9409 24.1452 105.92 86.3823 318.424 55.0236 39.9816 40.6667 43.7824 17.5481 29.9657 23.0602 26.5333 31.6305
internal_count=5984 4222 3303 1804 610 919 610 1194 865 329 1762 202 180 211 228 287 399 323 1582 120 118 222 220 309 131 89 283 225 1451 170 164 145 177 67 110 65 101 134
cat_boundaries=0 1 2 3 4 5 6 7 8 9 10 11 12 13 14 15 16
cat_threshold=9 4 5 6 2 8 1 21 1 2 1 2 1 1 1 2
is_linear=0
shrinkage=0.045618


Tree=11
num_leaves=41
num_cat=18
split_feature=1 5 5 9 1 1 9 9 0 9 5 7 6 7 0 8 6 6 8 1 1 7 8 6 0 7 0 0 8 7 7 0 1 7 6 8 8 7 1 7
split_gain=1307.25 216.212 167.867 165.321 102.929 82.1086 47.4574 72.3034 50.2354 47.4302 43.293 34.4597 30.2659 27.5118 23.2295 16.349 16.0874 49.5255 14.6856 13.2067 12.3725 11.5391 10.6007 10.052 8.44989 8.89378 8.37904 6.1478 5.42586 5.24775 4.38973 3.68238 3.34745 2.87675 2.26451 1.64908 1.56876 0.826587 0.804058 0.00338079
threshold=47.004639972494182 0 1 2 71.485938690576774 62.002746113409124 3 4 5 6 7 96.740000000000023 8 79.254749456227259 9 26.678900664970318 10 11 33.324811467093305 44.071135056329894 38.006575028449809 104.42223390983594 35.498117988441997 12 13 94.75500000000001 14 15 28.285576588577086 59.525286656454689 180.77066635754616 16 59.687241583552677 180.77066635754616 17 29.800864676504617 28.90056072954685 84.585000000000022 67.987173944602134 69.339564477395172
decision_type=2 9 9 9 2 2 9 9 9 9 9 2 9 2 9 2 9 9 2 2 2 2 2 9 9 2 9 9 2 2 2 9 2 2 9 2 2 2 2 2
left_child=10 5 3 4 16 23 8 11 38 15 19 -8 -12 39 -10 34 33 -18 26 29 -14 -15 31 30 25 -21 28 -28 -11 -1 37 -17 35 -3 -7 -25 -22 -2 -5 -6
right_child=1 2 -4 6 13 9 7 -9 14 18 12 -13 20 21 -16 22 17 -19 -20 24 36 -23 -24 32 -26 -27 27 -29 -30 -31 -32 -33 -34 -35 -36 -37 -38 -39 -40 -41
leaf_value=-0.036112705792061064 -0.0478511163007476 -0.065093538712683904 0.064736411049585968 -0.046630347104243783 0.051505295169795032 -0.065982209761448168 -0.050968904285846134 0.064382509893495851 0.015254057707705592 -0.0046118555293751008 -0.066994287369528394 0.025160257442390602 -0.018652526468163115 -0.03099983840568863 0.066817440658327953 -0.0026617125825961845 -0.038554017464735003 0.075484580985117428 -0.009969232127411647 0.0046351217980176614 0.01991253017692194 0.022315728438361108 -0.044167276427725659 -0.041509673461090066 -0.069347980294973355 -0.051019898005622864 0.039286889293769216 0.066353836701940727 0.036999665237487156 -0.065646453087339421 -0.022252635567373093 0.020059225428402772 0.00053939259824091717 -0.033972607346900899 -0.02982813038682669 -0.018364120272352964 0.045814335880194047 -0.068960050743301166 -0.026749131224565272 0.06463780169043179
leaf_weight=14.98141425848007 11.623142689466478 33.466926008462906 596.88226029276848 16.309967786073688 13.916834592819212 8.874298095703125 16.393158331513405 267.45675680041313 55.410293236374855 10.556344076991083 13.195660576224327 48.145293608307838 15.45130532979965 12.18746694922447 27.321746617555618 33.06288069486618 54.402667373418808 9.0376715362071973 11.832082688808439 14.118590444326403 11.239525601267816 26.078575938940048 9.4774594455957395 12.631014809012415 9.6134603321552259 9.8845347315072996 46.336273044347763 32.086372792720795 15.71522034704685 295.87030690908432 8.3286451548337919 26.082108393311501 10.701515048742293 9.7370119541883451 8.5420770645141602 17.189172461628914 11.720783203840254 19.450865939259529 10.002209976315497 23.524979054927826
leaf_count=62 48 141 1499 65 36 36 64 663 161 34 60 138 55 43 67 107 202 20 40 47 34 75 36 49 42 42 126 79 44 1389 30 77 35 36 31 61 31 86 36 57
internal_value=0.0193362 0.0387703 0.0469133 0.0290698 -0.00761815 0.00183945 0.0440817 0.0533224 0.0137376 0.0173734 -0.0543648 0.00486978 -0.00662356 0.0325442 0.0324865 -0.00896093 -0.0369093 -0.0220105 0.0346513 -0.0595702 0.0124961 0.00509473 0 -0.0371645 -0.0334118 -0.0182747 0.0430667 0.0505914 0.0201418 -0.064269 -0.0536423 0.00728898 -0.0207905 -0.0584259 -0.0491825 -0.0286021 0.0337058 -0.0616459 -0.0395854 0.0602434
internal_weight=1898.84 1502.76 1220.27 623.392 182.352 282.489 441.039 331.995 109.044 202.565 396.076 64.5385 51.6073 75.7079 82.732 86.0388 106.644 63.4403 116.526 344.468 38.4116 38.266 68.6224 79.9244 33.6166 24.0031 104.694 78.4226 26.2716 310.852 39.4027 59.145 40.5217 43.2039 17.4164 29.8202 22.9603 31.074 26.3122 37.4418
internal_count=5984 4222 3303 1804 610 919 1194 865 329 610 1762 202 180 211 228 287 399 222 323 1582 120 118 220 309 131 89 283 205 78 1451 164 184 145 177 67 110 65 134 101 93
cat_boundaries=0 1 2 3 4 5 6 7 8 9 10 11 12 13 14 15 16 17 18
cat_threshold=9 4 5 2 8 1 6 21 1 2 1 2 2 1 2 1 1 2
is_linear=0
shrinkage=0.045618


Tree=12
num_leaves=43
num_cat=15
split_feature=1 5 5 2 0 0 5 1 5 2 2 2 3 1 6 6 1 6 7 6 6 1 7 2 6 7 7 7 1 2 0 7 7 1 7 6 1 1 7 0 1 7
split_gain=1226.52 182.95 138.771 132.912 95.1564 85.6081 69.9254 62.3507 60.5459 38.6227 34.9939 43.911 29.244 25.5522 23.2547 59.585 16.7702 14.3961 14.29 13.1224 25.1148 14.8112 12.4816 12.3227 11.2519 7.65436 15.1515 5.69528 5.49529 3.80728 3.21582 4.90908 3.20345 2.65615 2.53487 1.99951 1.97355 1.59278 1.44249 1.42809 0.586407 0.477057
threshold=49.019619844933381 0 1 1.0000000180025095e-35 2 3 4 56.001575699917957 5 0.99977195935954721 0.024622353347408869 0.99977195935954721 0.013753533766385053 44.071135056329894 6 7 67.273622636382854 8 95.885000000000005 9 10 71.991119479914218 143.36701218771179 0.019727718657930663 11 106.12444971876043 120.95 194.90665862735761 79.06131297025793 0.82621450465384039 12 78.58379851958945 101.93275192247728 51.747906192857698 196.38595991379725 13 73.996428959115889 43.018711562990283 96.740000000000023 14 47.663582317456481 70.015000000000015
decision_type=2 9 9 2 9 9 9 2 9 2 2 2 2 2 9 9 2 9 2 9 9 2 2 2 9 2 2 2 2 2 9 2 2 2 2 9 2 2 2 9 2 2
left_child=6 3 4 16 10 7 13 38 22 -5 14 -12 -9 29 32 -16 25 39 -13 28 21 -21 -8 30 27 33 -27 -19 36 -1 40 -32 -3 -2 -28 -33 -18 -10 -6 -11 -15 -35
right_child=1 2 -4 9 5 -7 8 12 37 17 11 18 -14 23 15 -17 19 24 -20 20 -22 -23 -24 -25 -26 26 34 -29 -30 -31 31 35 -34 41 -36 -37 -38 -39 -40 -41 -42 -43
leaf_value=-0.064455742813427253 -0.025764092091352952 -0.026396439519317583 0.063395890554274192 0.066649800608227394 -0.051624444391099457 0.065537192080340839 -0.064599417693816441 0.017913270220076223 0.040200354149649314 -0.0041013400404575013 0.065188451996222863 0.021942396099630737 0.053516716645726818 -0.0663464840716501 -0.01954234782475614 0.065720025469138701 -0.06394819914923941 -0.0081130381164781096 -0.047690865661272952 0.028506383649668655 0.067066569332985687 -0.030381972863645058 0.0016602600286610466 0.0182166886863303 0.066805125053047573 0.018867214362781746 -0.062100903166280239 0.034844794294481583 -0.0023172409105123807 -0.033206988048354223 -0.0061577436558116223 -0.05928813379896003 -0.052988219562909819 -0.040537170140108117 -0.025936619335692433 -0.028968061248372704 -0.031657510637334949 0.065216543158363935 -0.028326968391327749 -0.029569591357459291 -0.042401995609926198 -0.05882408163247578
leaf_weight=291.65474045276642 9.5777623504400236 28.951776593923569 561.92290535569191 60.037734597921371 13.141980782151224 185.90560537576675 24.919267356395721 117.34697605669498 13.294262856245043 9.7886481881141663 34.75858798623085 11.380672976374628 82.377480015158653 8.8953552991151827 60.738422468304634 23.456865429878235 8.1311220824718529 12.788612097501757 12.678232282400129 13.030939191579817 10.784378856420515 26.511947810649872 7.48583760857582 8.8814295679330808 11.959281265735624 12.404791936278345 9.7089858055114764 12.214949101209639 9.1662967354059202 9.9353065490722638 12.10821984708309 9.6900145262479782 16.093519225716591 8.8552147895097715 9.0672823190689069 12.313667565584183 11.684883505105971 16.066025227308273 14.759366154670714 9.8127645403146744 8.5424586832523328 29.257270678877831
leaf_count=1409 36 109 1449 149 52 473 112 346 35 32 88 34 213 40 213 59 33 42 50 38 26 94 24 26 29 39 41 34 29 37 42 42 65 36 33 49 42 40 52 34 34 125
internal_value=0.0186301 0.0387286 0.0464598 0.00411953 0.0298359 0.0425625 -0.0495529 0.0237273 2.96884e-06 0.0412005 0.0033856 0.0325146 0.032671 -0.0564613 -0.0098547 0.00424443 -0.0229337 0.0139288 -0.0145919 -0.00798672 0.00599956 -0.0107698 -0.0376492 -0.0305835 0.0306873 -0.0378224 -0.019713 0.0127433 -0.0323532 -0.0634713 -0.0391524 -0.0302536 -0.0362409 -0.0493913 -0.0454555 -0.0430447 -0.0457617 0.0407091 -0.0398325 -0.0173482 -0.0556277 -0.0549887
internal_weight=1862.08 1438.3 1163.51 274.783 601.589 413.531 423.787 227.626 61.7654 116.602 188.058 58.8175 199.724 362.021 129.241 84.1953 158.181 56.5643 24.0589 79.3096 50.3273 39.5429 32.4051 60.4311 36.9628 78.8713 31.1811 25.0036 28.9823 301.59 51.5497 34.1119 45.0453 47.6902 18.7763 22.0037 19.816 29.3603 27.9013 19.6014 17.4378 38.1125
internal_count=5985 4095 3203 892 1754 1136 1890 663 211 320 618 172 559 1679 446 272 572 171 84 262 158 132 136 233 105 310 113 76 104 1446 207 133 174 197 74 91 75 75 104 66 74 161
cat_boundaries=0 1 2 3 4 5 6 7 8 9 10 11 12 13 14 15
cat_threshold=9 4 1 2 21 8 1 2 1 1 2 2 2 2 1
is_linear=0
shrinkage=0.045618


Tree=13
num_leaves=39
num_cat=16
split_feature=4 9 9 9 5 3 5 7 5 3 7 0 7 0 6 6 3 6 6 6 7 7 0 8 7 8 8 8 6 7 7 8 7 7 8 7 8 8
split_gain=621.771 286.105 329.359 227.939 146.397 127.404 104.477 87.8108 60.1011 50.8463 36.2759 34.0627 32.1708 28.2753 25.9743 149.365 22.5549 20.5097 20.4965 16.2549 15.6628 12.068 10.6186 6.49872 4.49969 4.25584 6.14948 3.44026 5.44701 6.34849 8.42465 9.42572 2.59293 3.87494 2.09831 0.709357 0.309337 0.0989674
threshold=0 1 2 3 4 0.003533934839724973 5 77.927445305353913 6 0.11605189001297951 217.92950017205948 7 62.475000000000001 8 9 10 0.99894807841205846 11 12 13 211.76650054348659 166.94929875483135 14 28.699296493860874 102.34500000000001 34.217930406810694 27.203168648674119 22.201180668547433 15 98.430000000000021 79.545000000000016 29.858462645284529 96.740000000000023 106.66500000000002 28.491465896499154 71.201792449098406 31.69330971272613 36.636371769266397
decision_type=9 9 9 9 9 2 9 2 9 2 2 9 2 9 9 9 2 9 9 9 2 2 9 2 2 2 2 2 9 2 2 2 2 2 2 2 2 2
left_child=9 5 4 8 7 14 21 17 25 27 34 12 -10 -13 32 20 -7 22 -19 -18 23 24 -3 -16 -6 26 -4 -1 -29 30 35 -32 37 -34 -9 -30 -35 -2
right_child=1 2 3 -5 6 16 -8 10 11 -11 -12 13 -14 -15 15 -17 19 18 -20 -21 -22 -23 -24 -25 -26 -27 -28 28 29 -31 31 -33 33 36 -36 -37 -38 -39
leaf_value=-0.063338674623474395 -0.060965029382299987 -0.054614740446183911 -0.059897016246889992 0.063621174007689379 -0.022937345682921623 0.065048085681584406 0.057985891655559028 -0.051151406412623418 0.052157861314542968 0.035732030314776064 0.013214622759224892 0.017479932647093001 -0.031199843738026117 0.063719846034709121 -0.038193391520889942 0.070288840775030406 0.039289121738572019 0.0057106532709807183 0.065245821893056097 -0.032283402315032371 0.0084464862614268277 0.016280392125149441 0.0038973335352873624 -0.063762533590244544 -0.057987529463773904 -0.069866557720242306 -0.02025552058688353 -0.060764955495362302 -0.042357859600049293 -0.062513089117114062 -0.0016715922888849799 -0.062755984007228677 -0.019682797538518371 -0.057242452149928069 -0.065966777602728469 -0.06534414005287642 -0.040301440252730733 -0.044938155713413135
leaf_weight=88.290281191468239 37.405065834522247 11.239108756184578 11.876108840107916 734.46055284142494 32.946339502930641 37.396595656871796 101.44460853934288 46.690333247184753 12.863263756036757 13.162981644272802 16.047131612896919 69.214196041226387 36.184421077370644 46.321542710065842 45.340069621801376 30.321637183427811 15.896908104419708 32.892532020807266 19.04983976483345 10.917285323143005 10.012478098273276 14.105377942323683 14.31395535171032 44.277957871556282 10.536905482411383 7.9624764770269385 28.849398970603943 64.012072131037712 10.457485616207125 21.741712540388107 22.893593817949299 6.7045289576053611 13.284958586096762 16.132866010069851 62.149989068508148 10.161852315068243 10.295248597860335 7.6267524510622016
leaf_count=440 165 49 50 1918 123 95 266 201 36 37 51 207 143 121 181 72 43 111 48 38 31 43 48 193 43 35 105 310 47 103 85 32 50 68 275 48 41 33
internal_value=0.0181616 0.0284592 0.0372306 0.0513724 -0.000228887 -0.0135359 0.0314183 -0.0254414 0.00818249 -0.0506531 -0.0503456 0.021348 -0.00907982 0.0361564 -0.0308961 -0.0179605 0.0422219 0.0113668 0.0278433 0.00989274 -0.0449742 -0.0169746 -0.0218363 -0.051018 -0.0318165 -0.0322001 -0.0322212 -0.0557805 -0.050735 -0.0415722 -0.0321548 -0.0160696 -0.0505634 -0.041012 -0.0597816 -0.0545418 -0.0512547 -0.0586145
internal_weight=1825.48 1588.06 1309.15 947.732 361.416 278.908 159.033 202.383 213.271 237.425 124.887 164.583 49.0477 115.536 214.697 129.952 64.2108 77.4954 51.9424 26.8142 99.6305 57.5886 25.5531 89.618 43.4832 48.688 40.7255 224.262 135.971 71.9592 50.2175 29.5981 84.7449 39.7131 108.84 20.6193 26.4281 45.0318
internal_count=5985 4883 3873 2615 1258 1010 475 783 697 1102 527 507 179 328 834 477 176 256 159 81 405 209 97 374 166 190 155 1065 625 315 212 117 357 159 476 95 109 198
cat_boundaries=0 1 2 3 4 5 6 7 8 9 10 11 12 13 14 15 16
cat_threshold=1 9 4 2 5 8 9 1 2 1 2 1 2 2 1 1
is_linear=0
shrinkage=0.045618


Tree=14
num_leaves=38
num_cat=8
split_feature=1 5 5 2 0 0 1 2 2 2 5 4 4 3 2 2 1 8 7 1 1 8 7 1 0 3 1 8 7 8 8 7 1 1 7 7 1
split_gain=1109.95 177.495 134.113 134.097 89.0345 75.3903 61.6836 51.2376 52.9436 36.7911 30.2938 39.6313 36.6406 26.4059 26.1632 55.5616 25.4557 13.8796 14.0552 13.3653 13.2862 13.0394 11.7406 9.78476 8.72192 6.07029 5.30576 4.11304 3.98769 4.03957 6.55622 3.08226 2.18849 5.05561 1.65354 0.999986 0.22059
threshold=49.019619844933381 0 1 1.0000000180025095e-35 2 3 55.000954631733443 1.0000000180025095e-35 0.99977195935954721 0.99977195935954721 4 5 6 0.013753533766385053 0.024622353347408869 0.99977195935954721 67.569895555989987 34.217930406810694 76.122101941894172 50.999562327306911 65.979452174386651 28.599048306578418 94.75500000000001 45.016887313445757 7 1.0000000180025095e-35 46.972767339246097 28.099371818790381 85.58782645991117 31.028525551788011 26.400287401872127 85.58782645991117 47.004639972494182 48.948386201728212 108.09000000000002 116.04749374590928 62.952629132408553
decision_type=2 9 9 2 9 9 2 2 2 2 9 9 9 2 2 2 2 2 2 2 2 2 2 2 9 2 2 2 2 2 2 2 2 2 2 2 2
left_child=7 3 4 16 14 6 34 10 -9 -5 23 -12 -13 -8 19 -16 28 18 -18 -3 -11 -21 -17 -1 -20 27 -25 -22 36 30 -30 -10 -28 -34 -6 -31 -2
right_child=1 2 -4 9 5 -7 13 8 31 20 11 12 -14 -15 15 22 17 -19 24 21 25 -23 -24 26 -26 -27 32 -29 29 35 -32 -33 33 -35 -36 -37 -38
leaf_value=-0.062225740763059714 -0.066592490144253932 0.043013679469791719 0.061237867800689648 0.064361335071831352 -0.037627329048494536 0.063143810696949132 0.016860432140576937 0.071577740350499797 -0.027279273665048918 -0.033224137143784332 -0.061651269574369311 -0.035088002620306889 0.06658734856434613 0.050270500563967348 0.063147580348475396 0.011128101243847997 -0.039462429253134618 -0.061781955611340117 -0.020498849764633335 0.0001204333463159912 0.031961382400749902 -0.030848935353536677 -0.049714953237673262 -0.0091003935254681673 0.020118158156542859 0.050009232724798153 -0.066405476187728157 -0.0023721350947800085 -0.054069512709583503 -0.065970458661143677 -0.0096737138469579747 -0.070004480441639941 -0.01244184815791196 -0.059451261644334535 -0.067367066624865676 -0.040033187626930485 -0.04737475202042557
leaf_weight=289.42531806230545 15.154723629355432 8.8392591476440412 553.74231553077698 60.789861232042313 14.3783145993948 173.63733100891113 118.22114925086498 14.347761869430544 8.6483331322670001 10.496799126267431 19.207563400268555 12.858237355947495 16.623529046773911 85.595221742987633 35.712873876094818 11.194427505135538 15.136226490139959 8.4598086178302747 14.475897163152695 59.357340320944786 12.000287652015688 53.15543669462204 15.179011315107344 10.777598947286604 42.648908212780952 12.544978588819502 9.6823567450046557 17.096957251429558 10.825653538107874 9.2146317362785357 20.112073555588722 7.432098612189292 9.7043088376522064 10.292990252375603 7.7320754230022422 10.251142501831053 8.0832417309284192
leaf_count=1467 69 24 1507 158 55 466 354 34 32 40 87 53 41 230 95 35 56 35 51 201 34 204 62 40 129 33 44 54 47 42 72 32 36 45 31 41 34
internal_value=0.0176366 0.0369031 0.0445863 0.00243705 0.0279778 0.040532 0.0230825 -0.048472 0.00824935 0.040284 -0.0530496 -0.00908072 0.022099 0.0309601 0.00210638 0.0261698 -0.0250706 -0.00724937 -0.000615055 -0.0101781 0.0119439 -0.0144862 -0.0237733 -0.0574934 0.00967842 0.0235905 -0.0374719 0.0117049 -0.0444427 -0.0366135 -0.0256742 -0.0480706 -0.0474265 -0.0373214 -0.0488542 -0.0532135 -0.0606681
internal_weight=1813.04 1404.04 1136.74 267.291 583.002 399.564 225.927 409 30.4282 112.929 378.572 48.6893 29.4818 203.816 183.438 62.0863 154.362 80.7208 72.261 121.352 52.139 112.513 26.3734 329.883 57.1248 41.6422 40.4573 29.0972 73.6415 50.4035 30.9377 16.0804 29.6797 19.9973 22.1104 19.4658 23.238
internal_count=6070 4159 3264 895 1757 1136 670 1911 98 319 1813 181 94 584 621 192 576 271 236 429 161 405 97 1632 180 121 165 88 305 202 119 64 125 81 86 83 103
cat_boundaries=0 1 2 3 4 5 6 7 8
cat_threshold=9 4 1 2 21 2 1 2
is_linear=0
shrinkage=0.045618


Tree=15
num_leaves=44
num_cat=16
split_feature=1 9 9 9 2 2 1 2 2 6 3 6 3 6 6 7 1 0 0 1 4 1 0 3 1 1 0 1 1 0 1 7 6 4 4 7 7 7 7 7 7 7 7
split_gain=1035.31 168.84 135.936 134.539 119.344 67.3123 51.3361 48.2761 49.2011 45.3826 39.7016 35.1937 39.5349 25.7567 83.2395 33.0049 22.0782 20.3512 44.4461 19.4859 20.4746 18.4117 16.9086 15.7866 13.1562 13.0777 11.1285 8.80363 8.35182 7.74637 6.4303 5.33342 8.03636 10.401 52.6031 3.84637 3.70609 2.93981 2.68946 2.38235 2.17483 1.87766 1.14717
threshold=49.019619844933381 0 1 2 1.0000000180025095e-35 0.99977195935954721 62.002746113409124 1.0000000180025095e-35 0.99977195935954721 3 0.013753533766385053 4 0.019523803864261117 5 6 223.59660307484179 60.970532941090745 7 8 45.016887313445757 9 67.987173944602134 10 0.99894807841205846 73.996428959115889 57.993845923012096 11 74.937935396884527 46.972767339246097 12 76.963130737918092 83.670000000000016 13 14 15 110.15500000000002 71.821942135848786 85.58782645991117 81.691379389816262 77.644618368739671 93.25534506633845 186.5861743259305 84.21465614595148
decision_type=2 9 9 9 2 2 2 2 2 9 2 9 2 9 9 2 2 9 9 2 9 2 9 2 2 2 9 2 2 9 2 2 9 9 9 2 2 2 2 2 2 2 2
left_child=7 4 9 10 6 -6 17 19 -9 30 16 12 27 24 15 -15 26 41 36 31 28 25 35 -12 38 -7 -4 -11 -21 -24 -3 32 -1 -34 -35 -23 -19 -10 -8 -30 -26 -2 -18
right_child=1 2 3 -5 5 21 13 8 37 11 23 -13 -14 14 -16 -17 42 18 -20 20 -22 22 29 -25 40 -27 -28 -29 39 -31 -32 -33 33 34 -36 -37 -38 -39 -40 -41 -42 -43 -44
leaf_value=-0.061304779938793956 -0.066356321271273014 -0.058883559631688571 -0.031765701895302006 0.061228326680430788 0.062897826182306049 0.0026082095000521314 -0.020834289300252509 0.069763517849949774 -0.026198643146947947 -0.049198856515201901 0.062549510187271548 0.066158601949383194 0.049726843324841667 -0.030395716981095691 0.06446821303344176 0.045947546803460609 -0.038153056571791882 -0.012445038031445315 0.065700319105731708 -0.0044049079763165758 0.032763419675579761 0.0092182676340270466 0.018304868433689562 0 0.012573340858808929 -0.064176544268623459 0.016934456183492309 -0.0019275570579020977 -0.031420584389172355 0.06235923870748529 -0.012364060048564116 -0.061571804932421245 -0.062734952536096469 -0.049913064088075616 0.066766575069555106 -0.028373267159020783 -0.042508847599644788 -0.068177671077951196 -0.053532963049282609 -0.060751597132223979 -0.012959644856149212 -0.036787120443587819 -0.064030380523531577
leaf_weight=60.915405601263046 28.570705235004425 24.330278247594833 14.478239446878433 702.73065885901451 112.0832676589489 14.859914422035219 9.5489175915718096 14.061518013477325 8.6041453629732114 21.616178020834923 23.60540971159935 21.460621118545532 19.210102200508118 51.947191908955574 50.040630400180817 14.973094210028647 8.8425979763269442 12.140964612364767 10.816603690385817 10.905899867415426 9.7917376458644849 11.657433077692987 16.128462955355644 12.839417070150374 18.383716449141506 9.9252579659223539 28.872694045305252 13.610828831791876 10.578972563147547 18.729857861995697 8.9367715865373594 183.65898844599724 23.976137965917587 38.054024413228035 9.9441092908382398 10.388022497296332 37.633773609995842 7.2920884639024743 15.780519902706144 21.025386348366737 10.723315134644507 7.7180421501398078 13.93715465068817
leaf_count=318 123 102 57 1942 304 50 36 34 32 89 63 54 53 190 132 41 34 44 27 40 31 35 47 40 58 42 89 43 42 50 30 954 119 190 24 38 158 32 65 95 37 29 57
internal_value=0.0172129 0.0359659 0.0471901 0.05384 0.0124365 0.0399691 -0.00697937 -0.0474838 0.00797565 -0.00222356 0.00220756 0.0169878 -0.00246597 0.00799554 0.0200741 -0.0131291 -0.0185707 -0.033496 -0.0170692 -0.0520071 -0.0258372 0.00835067 0.0226786 0.0405712 -0.0178189 -0.0242071 0.000450097 -0.0312327 -0.039578 0.0423904 -0.0467324 -0.0562909 -0.0488582 -0.0380868 -0.0254208 -0.0083174 -0.0353855 -0.0464943 -0.0417287 -0.0514077 0.00292783 -0.0604915 -0.0547063
internal_weight=1775.33 1376.52 914.471 805.306 462.05 193.772 268.277 398.808 29.9578 109.165 102.576 75.8977 54.4371 171.397 116.961 66.9203 66.1307 96.8801 60.5913 368.851 52.302 81.6889 56.9038 36.4448 54.4365 24.7852 43.3509 35.227 42.5103 34.8583 33.267 316.549 132.89 71.9743 47.9981 22.0455 49.7747 15.8962 25.3294 31.6044 29.107 36.2887 22.7798
internal_count=6070 4159 2653 2282 1506 566 940 1911 98 371 340 239 185 559 363 231 237 381 229 1813 208 262 170 103 196 92 146 132 177 97 132 1605 651 333 214 73 202 64 101 137 95 152 91
cat_boundaries=0 1 2 3 4 5 6 7 8 9 10 11 12 13 14 15 16
cat_threshold=6 1 8 1 2 1 2 2 1 2 1 1 2 1 2 1
is_linear=0
shrinkage=0.045618


Tree=16
num_leaves=38
num_cat=14
split_feature=4 9 9 9 2 2 3 6 6 5 5 3 7 2 3 6 6 6 6 6 7 8 7 7 8 8 6 8 8 7 7 8 8 8 7 7 7
split_gain=509.506 269.429 215.632 263.066 137.163 104.424 59.7883 52.6452 60.9635 52.6424 128.082 45.2055 40.9233 39.1362 13.7967 12.6127 12.3813 52.751 11.7633 29.9803 10.9456 9.01356 3.52671 3.17518 2.68477 2.4356 4.47577 7.16772 5.58743 5.6851 1.65838 1.33543 3.34175 0.992615 0.186366 1.65726 0.174089
threshold=0 1 2 3 0.010368613865304912 0.99977195935954721 0.013753533766385053 4 5 6 7 0.019523803864261117 219.20343082186952 0.11609826858020895 0.99894807841205846 8 9 10 11 12 212.6996410793648 28.699296493860874 80.817096056165965 173.24481123214153 24.205261459402404 22.750769112941388 13 28.188391085245808 27.849517868045961 94.75500000000001 133.50002061229176 27.972657389979073 29.1781650942137 34.140865254729221 92.708553661258506 105.21399713811572 94.75500000000001
decision_type=9 9 9 9 2 2 2 9 9 9 9 2 2 2 2 9 9 9 9 9 2 2 2 2 2 2 9 2 2 2 2 2 2 2 2 2 2
left_child=13 4 7 6 9 -6 16 24 11 31 12 21 15 25 -8 -11 20 -18 23 22 -4 -9 -20 -7 -3 -1 -27 28 29 -28 36 34 -33 -34 -2 -36 -26
right_child=1 2 3 -5 5 18 14 8 -10 10 -12 -13 -14 -15 -16 -17 17 -19 19 -21 -22 -23 -24 -25 30 26 27 -29 -30 -31 -32 32 33 -35 35 -37 -38
leaf_value=-0.060245564139902501 -0.059314594971754724 -0.026666435497200137 -0.057739265783212534 0.060616929100044181 0.061638784289059605 -0.045476403911369409 0.061490783421418768 -0.019719632861370517 0.065859609535141042 -0.043647899347866878 0.052015537210707202 0.045640074454980008 0.036166355782071363 0.018129545080389119 0 -0.019059433314158106 -0.040060722316210169 0.06522807813594915 0.0012992353794588861 0.061791764171724023 0.0026788172264158453 -0.060293342102699085 -0.028871594402931189 -0.013482650532551339 -0.053896459979332928 -0.058529244846095715 -0.018115243362627206 -0.058226892280983482 0.0093879815519236163 -0.061012357577915413 -0.033358739540933026 -0.016825121876965051 -0.039863497380188816 -0.056222629193050412 -0.027818854303962838 -0.057139110276680193 -0.069405567352752523
leaf_weight=85.75991927087307 20.790843978524208 9.794149383902548 36.452216818928719 688.42682689428329 105.05962193012238 15.781457453966143 22.238354444503784 24.799651741981506 26.463171243667603 75.232761204242706 54.771543711423874 17.716157451272011 22.052185207605362 16.825017869472504 11.573852583765982 107.20883697271347 40.791432321071625 12.81912925839424 12.204032197594641 13.652219146490095 7.2618334591388694 22.450676038861275 21.44278010725975 12.391368582844732 19.762806951999664 57.044150590896606 17.641044542193416 25.850999131798744 7.0995822995901099 10.781052291393278 7.8523521423339835 10.913112521171568 31.431499525904655 17.999088019132614 8.1331393420696276 13.775909990072249 12.793673545122145
leaf_count=467 95 40 164 1952 294 62 61 95 68 331 152 50 64 53 36 411 174 32 40 37 24 103 79 43 91 301 75 128 27 57 30 42 132 83 34 60 59
internal_value=0.0163665 0.0258736 0.0401723 0.0492285 -0.00017572 0.032272 -0.0105728 -0.0119775 0.00773931 -0.0163754 -0.00426271 -0.0159781 -0.0211228 -0.0482686 0.0406352 -0.0292724 -0.0295615 -0.014609 -0.00858403 0.00521326 -0.0475963 -0.0393148 -0.017805 -0.0318325 -0.0502655 -0.0537839 -0.0489512 -0.0397746 -0.0259024 -0.0349399 -0.0556607 -0.0422177 -0.0410389 -0.0461632 -0.0533626 -0.046912 -0.0605958
internal_weight=1725.04 1504.04 961.196 819.564 542.84 180.531 131.137 141.633 91.4297 362.309 259.265 64.9665 204.494 221.002 33.8122 182.442 97.3246 53.6106 75.4719 47.299 43.7141 47.2503 33.6468 28.1728 50.203 204.177 118.417 61.3727 35.5217 28.4221 40.4088 103.044 60.3437 49.4306 42.6999 21.909 32.5565
internal_count=6046 4938 2979 2443 1959 555 491 536 316 1404 958 248 806 1108 97 742 394 206 261 156 188 198 119 105 220 1055 588 287 159 132 180 446 257 215 189 94 150
cat_boundaries=0 1 2 3 4 5 6 7 8 9 10 11 12 13 14
cat_threshold=1 6 1 8 1 2 9 4 1 2 1 2 1 1
is_linear=0
shrinkage=0.045618


Tree=17
num_leaves=40
num_cat=10
split_feature=1 6 6 3 2 2 1 3 2 2 7 0 0 0 6 1 1 7 8 7 3 1 6 7 1 2 1 0 8 7 6 1 4 8 1 1 7 1 8
split_gain=883.417 86.1112 175.688 59.2835 56.5034 60.3417 43.561 43.2301 42.7348 60.349 39.2379 27.3496 85.2172 27.1358 26.9365 24.1185 24.2201 23.9025 23.3801 20.1106 21.9905 16.6145 13.4293 10.2522 9.96014 9.94586 9.01518 4.9008 4.79303 4.61269 7.39083 11.1332 24.9228 4.29898 3.62959 2.94778 2.11787 1.741 1.46927
threshold=49.019619844933381 0 1 1.0000000180025095e-35 0.010368613865304912 0.99977195935954721 45.016887313445757 0.99894807841205846 1.0000000180025095e-35 0.99977195935954721 209.32088574367808 2 3 4 5 57.001188588874314 58.994499616780779 73.671442354197879 28.371883124426827 111.65059585095045 0.0067886466325203796 71.991119479914218 6 84.21465614595148 64.706405638001499 1.0000000180025095e-35 78.270143756471697 7 32.300381879852218 82.620814347780225 8 37.500000000000007 9 26.201164048725371 62.308203747990234 73.996428959115889 84.935000000000016 44.071135056329894 29.402374006002102
decision_type=2 9 9 2 2 2 2 2 2 2 2 9 9 9 9 2 2 2 2 2 2 2 9 2 2 2 2 9 2 2 9 2 9 2 2 2 2 2 2
left_child=6 4 3 8 11 -6 25 -5 15 -10 38 19 18 -8 -15 17 -17 -3 26 35 34 -11 23 -16 -7 29 -13 -26 -20 30 31 33 -33 -1 -21 36 -2 -31 -9
right_child=1 2 -4 7 5 24 13 10 9 21 -12 12 -14 14 22 16 -18 -19 28 20 -22 -23 -24 -25 27 -27 -28 -29 -30 37 -32 32 -34 -35 -36 -37 -38 -39 -40
leaf_value=-0.059574762668532774 -0.06544294017141325 0.019405175878744328 0.060730373115201061 0.060194093879931833 0.060133338282968303 -0.031101822215019968 -0.058670866098041966 -0.056499193435414603 0.05992579465538353 -0.047771362066713355 0.046706271341609568 -0.0038688325926666328 0.060173505596570483 -0.044809740493079599 0.03179778481896977 0.049480202070958788 6.2382596325699712e-06 -0.045399888756277207 -0.020950369788169911 -0.046075175570634876 0.045646638028396365 0.015436095474056777 0.067905011410182459 -0.034306931352235712 -0.0079040133740529116 -0.01640396592456686 0.034517030783021069 0.026281896638317377 -0.051380588428366146 -0.059996264366016773 -0.059539850353646381 -0.060296095733972689 0.047292985141779459 -0.030773082127390376 -0.0066194219565979045 -0.018774212977198338 -0.037968831045484951 -0.034522438163991823 -0.027147544743810328
leaf_weight=27.098034992814064 14.226366087794306 16.329972490668297 473.3339156806469 106.70351842045784 90.806151151657104 16.189304739236832 17.653169497847557 10.130360931158068 66.080385237932205 16.218088299036026 20.914724707603455 43.727268144488335 51.22797879576683 14.063715696334839 12.935308873653414 24.187977150082588 133.48988658189774 40.945863544940948 23.945899784564972 10.40892566740513 14.481097355484961 17.91636997461319 12.105970144271849 7.5053938329219809 14.591830000281334 16.066286236047745 17.606642469763756 20.445903927087784 21.900522276759148 172.10684095323086 53.137991800904274 8.4317231625318527 9.066525012254715 21.393500193953514 9.8620715588331205 8.1291013658046705 15.162626713514326 8.0234520733356458 8.2578278928995115
leaf_count=148 62 53 1376 312 265 62 81 40 194 66 57 160 150 61 40 68 461 174 93 41 40 55 31 33 49 60 52 60 98 950 294 43 27 101 33 28 61 37 30
internal_value=0.0160141 0.033806 0.0412036 0.0211296 0.015228 0.0378418 -0.0452257 0.0451507 0.00995857 0.0345281 0.00404645 0.00125504 0.0118877 -0.0108285 0.00734359 -0.00149012 0.00769203 -0.0268112 -0.0112069 -0.0219307 0.00292111 -0.0145242 0.0302159 0.0071191 -0.00163724 -0.052204 0.00713071 0.0119062 -0.0357937 -0.054092 -0.0466185 -0.0359603 -0.00429983 -0.0471876 -0.0274545 -0.0450016 -0.0518568 -0.0589386 -0.0441183
internal_weight=1686.81 1307.22 934.509 461.175 372.712 142.033 379.588 146.006 315.169 100.215 39.3029 230.679 158.408 64.2636 46.6104 214.954 157.678 57.2758 107.18 72.2702 34.7521 34.1345 32.5467 20.4407 51.227 315.324 61.3339 35.0377 45.8464 299.258 119.128 65.9898 17.4982 48.4915 20.271 37.5181 29.389 180.13 18.3882
internal_count=6046 4140 2886 1510 1254 436 1906 439 1071 315 127 818 553 246 165 756 529 227 403 265 114 121 104 73 171 1660 212 109 191 1600 613 319 70 249 74 151 123 987 70
cat_boundaries=0 1 2 3 4 5 6 7 8 9 10
cat_threshold=1 2 2 1 2 1 2 1 2 2
is_linear=0
shrinkage=0.045618


Tree=18
num_leaves=38
num_cat=14
split_feature=1 9 9 9 2 2 5 5 3 0 0 1 0 0 5 1 4 4 3 0 0 1 1 8 8 1 1 8 1 8 1 1 1 2 8 8 8
split_gain=807.387 165.267 134.228 169.675 94.6037 74.5525 45.2355 76.883 30.9581 30.7352 37.8401 29.7854 25.2812 39.6709 19.9556 18.1062 14.7433 20.3314 13.2528 10.7083 10.6052 10.4192 10.3603 9.8465 11.2555 10.3853 8.6223 8.61416 6.20053 3.37752 3.09192 2.10918 3.17168 1.39834 0.581721 0.260485 2.7901
threshold=45.016887313445757 0 1 2 1.0000000180025095e-35 0.99977195935954721 3 4 0.019523803864261117 5 6 68.000664172155822 7 8 9 70.936266451741091 10 11 0.99894807841205846 12 13 54.002692541913135 55.874911427594476 28.371883124426827 28.00073044985545 60.970532941090745 78.96224711734142 28.099371818790381 57.993845923012096 32.18685741012208 41.065250725315742 60.970532941090745 53.938484311053749 0.48180625930040832 30.289483736550231 28.285576588577086 27.082049600064039
decision_type=2 9 9 9 2 2 9 9 2 9 9 2 9 9 9 2 9 9 2 9 9 2 2 2 2 2 2 2 2 2 2 2 2 2 2 2 2
left_child=14 4 8 12 6 -6 15 9 22 26 -11 28 31 21 33 35 30 -18 -10 -13 -21 -14 34 24 -24 -25 -8 -17 -7 -29 -16 32 -4 -1 -3 36 -2
right_child=1 2 3 -5 5 11 7 -9 18 10 -12 19 13 -15 16 27 17 -19 -20 20 -22 -23 23 25 -26 -27 -28 29 -30 -31 -32 -33 -34 -35 -36 -37 -38
leaf_value=-0.058389693843902815 -0.058654015254518896 -0.063628024857967147 -0.045394632588369677 0.058894550632142106 0.059930965869728695 -0.018342172512761604 -0.041350426329079606 0.049738799547122542 0.059480306828863176 -0.0096211282977675741 0.063746793878957111 -0.0083365228304902103 -0.053029010818671098 0.061114456785398494 -0.060710410674975755 -0.040517031749204159 -0.027526201318587178 0.063569567636420785 0.0032330428686792342 0.0086785280594915293 0.060218507092846783 -0.0016181469285509874 -0.015597509197561487 0.0019681303958045105 0.037961848845739166 -0.056975325353137221 0.0078624997199635907 0.022055301843441653 -0.063888240338461244 -0.013439685070459199 -0.016812189608027401 -0.053229665543906672 -0.010399326110776912 -0.036840596838573311 -0.039320439960521029 -0.059316173452082031 -0.021661599594616068
leaf_weight=254.82723189890385 15.059044599533083 8.8273489177227038 11.201091364026071 639.01531675457954 102.93070113658905 15.258966475725176 59.025486946105957 47.853737235069275 16.587834984064102 70.150419056415558 18.235490411520004 16.751321449875832 10.47575995326042 21.45039090514183 8.4050970673561078 13.032363221049307 10.126921534538269 9.7716770768165588 18.689723402261734 16.311972886323929 17.621446579694748 36.524440094828606 23.147472396492958 9.9108653813600558 12.308626949787138 15.577626273036001 8.1596163809299451 12.059804826974871 11.290290325880049 9.8356960862874967 6.5965816229581842 12.437580645084379 11.614073172211645 9.4914520829915983 7.5687435567378989 28.637257531285286 7.251697748899459
leaf_count=1449 71 42 49 1919 306 57 246 139 48 237 49 56 45 60 43 51 44 25 60 49 50 122 83 35 36 67 26 37 49 36 27 53 44 38 34 135 29
internal_value=0.0156973 0.0309869 0.0427525 0.0499303 0.00843774 0.0345525 -0.00752601 0.00469772 -0.00474955 -0.0113302 0.00556306 0.000577429 -0.0055804 0.00997899 -0.0519506 -0.033185 -0.00651431 0.0170989 0.0300565 0.0211406 0.0358358 -0.013398 -0.0213578 -0.0124687 0.00293707 -0.0339878 -0.0352749 -0.011413 -0.0383009 0.00585248 -0.0423266 -0.0374194 -0.028114 -0.0555693 -0.0534354 -0.0543648 -0.0472281
internal_weight=1624.02 1324.8 855.337 742.719 469.465 180.165 289.301 203.425 112.618 155.571 88.3859 77.234 103.703 68.4506 299.219 85.8759 34.9003 19.8986 35.2776 50.6847 33.9334 47.0002 77.3407 60.9446 35.4561 25.4885 67.1851 34.9279 26.5493 21.8955 15.0017 35.2527 22.8152 264.319 16.3961 50.948 22.3107
internal_count=5946 4320 2697 2292 1623 567 1056 697 405 558 286 261 373 227 1626 359 139 69 108 155 99 167 297 221 119 102 272 124 106 73 70 146 93 1487 76 235 100
cat_boundaries=0 1 2 3 4 5 6 7 8 9 10 11 12 13 14
cat_threshold=6 1 8 9 4 1 2 1 2 21 2 1 1 2
is_linear=0
shrinkage=0.045618


Tree=19
num_leaves=35
num_cat=10
split_feature=1 5 5 2 0 0 1 2 2 2 1 5 6 1 3 6 6 0 3 6 8 8 1 1 8 8 8 1 1 2 8 8 8 1
split_gain=756.651 135.294 159.898 94.4351 70.0678 81.6981 79.5732 34.2265 24.9622 57.6845 21.612 18.8986 18.0314 17.901 17.7112 17.5142 48.9493 10.3739 8.50973 8.02186 5.07253 9.89916 4.24988 3.48977 3.2225 2.57181 2.07641 1.96682 1.96283 1.49315 0.549778 0.0335023 1.12378 0.00273961
threshold=45.016887313445757 0 1 1.0000000180025095e-35 2 3 55.000954631733443 0.99977195935954721 0.019727718657930663 0.99977195935954721 67.273622636382854 4 5 66.863342199043984 0.013753533766385053 6 7 8 0.99894807841205846 9 26.301214066090491 28.285576588577086 37.500000000000007 76.963130737918092 31.102906064822296 30.727979277395278 28.099371818790381 54.992085452033173 77.999570706233882 0.48180625930040832 28.445956786469413 28.099371818790381 29.775796703539815 58.994499616780779
decision_type=2 9 9 2 9 9 2 2 2 2 2 9 9 2 2 9 9 9 2 9 2 2 2 2 2 2 2 2 2 2 2 2 2 2
left_child=11 3 4 10 8 6 30 -5 15 -10 19 29 -13 -9 -8 23 -17 -15 20 31 28 -22 -14 -3 27 -11 -19 -21 -12 -1 -6 -2 -33 -26
right_child=1 2 -4 7 5 -7 14 13 9 25 18 12 22 17 -16 16 -18 26 -20 24 21 -23 -24 -25 33 -27 -28 -29 -30 -31 -32 32 -34 -35
leaf_value=-0.05760116175596066 -0.062876497459269529 -0.040931852404123947 0.057177965435574289 0.059680819220505096 -0.067202544702954684 0.059066894499487418 0.013838162346230025 -0.037195334485555454 0.059880306074956896 -0.017208518430118738 -0.034606233888396801 -0.059366019231897001 -0.0081078571023654056 -0.014383887902154655 0.042472759307979918 -0.019050811461460735 0.062025014394144623 0.049185906804988397 -0.04166748094172576 -0.031218714873278371 0.034737531957381163 -0.0067671576624553599 0.02965164180817154 -0.0069851151874499411 -0.049764428710889534 -0.049644660770989293 0.022417490326034354 -0.0062720513506112048 -0.0042821868632586411 -0.035531158149119106 -0.047973632698674683 -0.031566864528930955 -0.057108170166958579 -0.033844843693557156
leaf_weight=246.72205695509911 11.643763050436972 38.535301804542542 477.61893239617348 53.187848269939423 10.042936295270922 142.19810101389885 112.79854297637939 13.459615260362623 34.832909166812897 11.582431524991991 8.6709385961294192 9.9361026138067245 10.744072183966638 10.657171562314034 75.968139678239822 68.070069789886475 19.829489916563034 15.744301036000254 10.970709294080732 10.794489771127703 18.892175510525703 31.364980190992355 13.620971068739889 8.1947671324014646 7.0964886099100095 10.834318622946737 12.59307514131069 18.805711477994919 10.106689304113386 9.4022963941097242 19.108613759279251 7.5737059116363552 16.695141166448593 6.9992732256650925
leaf_count=1449 57 171 1501 159 46 440 355 56 104 43 34 54 41 35 226 257 57 46 41 45 57 111 44 28 34 46 38 70 35 38 82 33 83 30
internal_value=0.0153877 0.0303168 0.0376221 0.000493453 0.0199588 0.0321791 0.0145646 0.0339532 -0.00191494 0.0232257 -0.0215981 -0.0511258 -0.00631697 0.00761035 0.0254302 -0.0126719 -0.000583432 0.0233538 -0.00473966 -0.0384041 0.00114943 0.00879246 0.0128216 -0.0351709 -0.0248159 -0.033483 0.0377664 -0.015738 -0.0188462 -0.0547114 -0.055253 -0.0545189 -0.0497386 -0.0429213
internal_weight=1585.3 1294.87 1029.61 265.256 551.996 360.116 217.918 105.642 191.879 57.2497 159.614 290.425 34.3011 52.4542 188.767 134.63 87.8996 38.9945 80.0055 79.6086 69.0348 50.2572 24.365 46.7301 43.696 22.4168 28.3374 29.6002 18.7776 256.124 29.1516 35.9126 24.2688 14.0958
internal_count=5946 4320 3356 964 1855 1149 709 334 706 193 630 1626 139 175 581 513 314 119 278 352 237 168 85 199 179 89 84 115 69 1487 128 173 116 64
cat_boundaries=0 1 2 3 4 5 6 7 8 9 10
cat_threshold=9 4 1 2 21 1 1 2 2 2
is_linear=0
shrinkage=0.045618


Tree=20
num_leaves=36
num_cat=11
split_feature=4 5 5 2 3 2 3 0 0 2 7 7 7 8 7 8 8 6 6 8 8 6 8 8 8 7 6 8 8 0 6 7 7 8 7
split_gain=391.038 186.212 220.351 141.428 101.482 86.9666 61.936 52.7319 144.345 34.9068 21.5793 20.9672 25.9618 13.5723 12.9062 10.5785 10.2264 8.71946 31.09 9.09537 11.8025 7.97441 7.578 5.52932 4.44021 4.2765 3.78202 8.09941 6.17103 7.61919 3.52501 3.28229 1.02249 0.751442 0.725956
threshold=0 1 2 1.0000000180025095e-35 0.003533934839724973 0.99977195935954721 0.99894807841205846 3 4 0.11609826858020895 105.74500000000002 184.12666282161379 77.002885607562334 26.904220082526127 165.09419819643026 29.06771715450645 30.80474892932931 5 6 29.1781650942137 27.502132106685199 7 28.371883124426827 33.701545908926576 29.775796703539815 116.72824308156909 8 23.63081848217578 28.188391085245808 9 10 90.333862870394299 89.462475616801555 35.200079364359034 78.79713207691988
decision_type=9 9 9 2 2 2 2 9 9 2 2 2 2 2 2 2 2 9 9 2 2 9 2 2 2 2 9 2 2 9 9 2 2 2 2
left_child=9 3 17 4 7 -5 -6 14 13 26 -8 12 15 -9 16 -7 -2 25 19 20 -19 -13 -14 -16 -12 -3 -1 -28 29 -29 -23 -31 34 -21 -30
right_child=1 2 -4 5 6 11 10 8 -10 -11 24 21 22 -15 23 -17 -18 18 -20 33 -22 30 -24 -25 -26 -27 27 28 32 31 -32 -33 -34 -35 -36
leaf_value=-0.056604326272312891 -0.026586987471234749 -0.051372045318173395 0.056624220116952909 0.059171747271263279 0.059802924304667764 0.04140310424074739 -0.055615604623053483 -0.047848945054833003 0.059691570494373389 0.018079090721473731 -0.008100538539818538 -0.00091533056464360683 -0.070518627391439187 -0.01455463888550702 -0.023746952670129304 -0.020583197852313433 -0.050104572570812626 -0.04568192795657048 0.064333252216956544 -0.062998462931136825 0.019255781174358545 0.026789631448444477 -0.023145730549940159 0.015545696414814351 0.030283176075984922 -0.016179569545514309 -0.057662174284482802 -0.049812898866875864 -0.047126668944476313 0.015468740377289002 0.058232054555301713 -0.023545343378100839 -0.059757489457423631 -0.036686876030189025 -0.021064710343962043
leaf_weight=90.358343854546547 122.42443597316742 26.162524178624153 477.1094536781311 156.02148994803429 73.524400353431702 17.221816718578342 14.170968458056448 32.660449057817459 64.070344656705856 17.112225845456123 10.321668803691866 14.013507828116417 11.219715878367422 120.00550951063633 13.111365616321565 8.2221931219100934 58.500388726592064 10.313894450664522 8.886152118444441 10.650452852249147 12.701332673430441 20.97881044447422 20.786887273192406 16.627110093832016 14.733139723539351 11.045011565089224 41.615253478288651 8.6248646974563599 6.946768671274187 12.238377496600153 13.2928209900856 6.7760976105928412 10.136717781424521 6.4030671119689933 5.8479080200195312
leaf_count=543 537 128 1543 485 222 53 57 145 197 56 36 47 47 474 53 30 293 51 23 55 43 67 79 60 43 44 254 48 37 47 41 33 57 30 29
internal_value=0.0158264 0.0245511 0.0444028 0.00991396 -0.0032905 0.0375447 0.035151 -0.0134587 0.00231383 -0.0437609 -0.0109721 0.0055182 -0.0130129 -0.0217754 -0.0297014 0.0211244 -0.034276 -0.0220356 -0.0116745 -0.0289386 -0.00972925 0.0276557 -0.0403045 -0.00161553 0.0142888 -0.0412446 -0.0496065 -0.0425645 -0.0298265 -0.0148014 0.0394524 0.00113328 -0.0473618 -0.054059 -0.0362383
internal_weight=1564.84 1365.18 563.272 801.907 540.15 261.757 112.75 427.4 216.736 199.657 39.2258 105.736 57.4506 152.666 210.663 25.444 180.925 86.1624 48.9549 40.0687 23.0152 48.2851 32.0066 29.7385 25.0548 37.2075 182.544 92.186 50.5707 27.6393 34.2716 19.0145 22.9314 17.0535 12.7947
internal_count=5987 4883 1917 2966 2117 849 358 1759 816 1104 136 364 209 619 943 83 830 374 202 179 94 155 126 113 79 172 1048 505 251 128 108 80 123 85 66
cat_boundaries=0 1 2 3 4 5 6 7 8 9 10 11
cat_threshold=1 12 1 1 2 1 2 1 1 2 2
is_linear=0
shrinkage=0.045618


Tree=21
num_leaves=38
num_cat=13
split_feature=1 9 9 9 5 5 1 3 5 1 2 7 1 2 6 6 6 3 7 7 1 6 6 7 1 7 6 7 1 7 7 7 2 7 1 6 7
split_gain=666.593 152.579 103.716 131.129 79.7074 95.9778 47.5563 30.3318 27.0234 24.6709 22.0136 22.7912 20.6047 20.424 18.2118 21.8624 18.191 14.9352 14.8396 14.2567 18.2369 12.8347 28.9341 11.6021 8.92504 13.2167 5.80009 5.22643 4.98974 4.60314 3.8342 3.45147 2.55252 1.61493 0.789182 0.351623 0.271346
threshold=45.016887313445757 0 1 2 3 4 67.001504294392788 0.013753533766385053 5 55.874911427594476 0.010368613865304912 219.20343082186952 74.434748158939996 0.99977195935954721 6 7 8 0.99894807841205846 82.620814347780225 107.60000000000001 55.000954631733443 9 10 184.12666282161379 51.747906192857698 78.357676367935383 11 203.62541172490407 70.936266451741091 96.740000000000023 84.21465614595148 133.50002061229176 0.48180625930040832 86.055000000000021 44.071135056329894 12 104.69830262048932
decision_type=2 9 9 9 9 9 2 2 9 2 2 2 2 2 9 9 9 2 2 2 2 9 9 2 2 2 9 2 2 2 2 2 2 2 2 9 2
left_child=8 4 7 9 6 28 19 21 32 35 11 12 -8 -12 31 -16 -10 -9 -18 24 -21 23 29 36 25 -2 -15 -22 30 -23 -6 -11 34 -26 -1 -4 -3
right_child=1 2 3 -5 5 -7 10 17 16 14 13 -13 -14 26 15 -17 18 -19 -20 20 27 22 -24 -25 33 -27 -28 -29 -30 -31 -32 -33 -34 -35 -36 -37 -38
leaf_value=-0.056600943582784599 0.015631063138567589 -0.048830461386508185 -0.060470910878434106 0.056853829718270701 -0.016948961737322688 0.052959707558218279 -0.054140227058139027 0.057540808910490675 -0.057910901898912709 -0.033115908312214386 0.058638510786240737 0.038070333154748143 0 -0.01315459824477651 0.0037337412755712438 0.061206165992781732 0.041724202848297351 -0.0045955152505691311 -0.022672526573171696 -0.044960139964508594 0.020011659458943891 -0.049582728962852915 0.059443497140996497 0.0091770883166629961 -0.054957671914638635 -0.053961716990924884 0.02208387197268603 -0.015755057786083382 -0.0061950805884184081 -0.010719310822156018 -0.055389779123549775 0.0030417251400853165 -0.029897353881631616 -0.037066415706829399 -0.037105666710855523 -0.039814283674241058 -0.06776274312435511
leaf_weight=223.82319128513336 13.150292903184893 17.980462789535526 7.6276020854711533 585.50485298037529 8.6565207839012164 118.37472876906395 21.23790155351162 20.281748086214066 9.7864411026239395 18.56003445386887 29.380756497383118 19.914144739508629 46.2565076649189 15.416061714291573 42.685066923499107 20.328780382871628 16.552057161927227 12.917388916015623 13.083512395620344 19.104830950498581 27.51258946955204 10.981540605425836 11.231035917997358 7.338947355747222 34.204591915011406 9.579148665070532 24.985380217432976 11.892332583665846 10.762281134724615 16.246873453259468 18.709085211157799 7.2900591492652884 9.9738263040781003 23.10647714138031 8.0014824122190458 9.7382965534925479 7.1984831541776648
leaf_count=1401 45 80 39 1927 38 388 88 64 56 76 90 60 155 51 148 59 51 42 53 86 91 50 32 24 153 46 79 43 38 60 90 25 40 99 42 45 33
internal_value=0.0154826 0.0297815 0.04162 0.048176 0.00783015 0.0331387 -0.00620166 -0.00227213 -0.047933 -0.000391519 0.0107294 -0.00446458 -0.0171875 0.0298059 0.00926019 0.0225182 -0.00364829 0.0333031 0.0131265 -0.0258895 -0.00859058 -0.0193692 -0.00132446 -0.0403718 -0.0384005 -0.0136563 0.00848567 0.0090329 -0.0264574 -0.0268858 -0.0436825 -0.0227383 -0.0527857 -0.0480179 -0.0559899 -0.0498692 -0.0550154
internal_weight=1529.38 1248.15 795.911 691.735 452.244 156.503 295.741 104.176 281.221 106.23 157.191 87.4086 67.4944 69.7822 88.8639 63.0138 39.422 33.1991 29.6356 138.55 58.5098 70.9773 38.4594 32.5179 80.0405 22.7294 40.4014 39.4049 38.1279 27.2284 27.3656 25.8501 241.799 57.3111 231.825 17.3659 25.1789
internal_count=5987 4344 2704 2319 1640 554 1086 385 1643 392 523 303 243 220 308 207 160 106 104 563 220 279 142 137 343 91 130 134 166 110 128 101 1483 252 1443 84 113
cat_boundaries=0 1 2 3 4 5 6 7 8 9 10 11 12 13
cat_threshold=6 8 1 12 1 21 1 2 1 2 1 1 1
is_linear=0
shrinkage=0.045618


Tree=22
num_leaves=42
num_cat=16
split_feature=1 9 9 9 2 2 6 1 7 6 3 1 3 1 2 3 1 6 4 4 6 6 6 6 1 6 6 7 7 8 1 4 8 8 7 7 6 8 7 1 8
split_gain=613.5 148.099 121.963 126.402 75.0889 58.9216 38.1236 32.2099 40.7193 30.9168 30.8078 25.9008 21.2515 18.9109 17.5135 14.8326 13.2901 11.6709 15.7441 11.5453 14.1274 10.662 10.266 14.4946 9.32129 8.97136 27.9973 11.3864 6.37857 6.16981 3.7309 11.9089 4.27472 2.92884 1.38908 2.54667 3.67757 1.36092 1.16531 1.08513 1.05303
threshold=45.016887313445757 0 1 2 1.0000000180025095e-35 0.99977195935954721 3 75.148152170097191 136.9801776260245 4 0.019523803864261117 56.001575699917957 0.013753533766385053 67.987173944602134 1.0000000180025095e-35 0.99894807841205846 71.991119479914218 5 6 7 8 9 10 11 57.993845923012096 12 13 166.94929875483135 213.52826872502001 28.371883124426827 38.006575028449809 14 27.972657389979073 31.378673569071683 75.057106984959816 70.203510349377396 15 40.290080832434363 133.50002061229176 79.133918705537965 28.768606121936699
decision_type=2 9 9 9 2 2 9 2 2 9 2 2 2 2 2 2 2 9 9 9 9 9 9 9 2 9 9 2 2 2 2 9 2 2 2 2 9 2 2 2 2
left_child=14 4 6 12 7 -6 38 8 17 10 16 -10 25 24 30 -14 -8 29 -19 20 -15 -13 28 33 -7 27 -27 -4 39 -2 34 37 -33 -24 35 -1 -37 -32 40 -9 -3
right_child=1 2 3 -5 5 13 9 22 11 -11 -12 21 15 19 -16 -17 -18 18 -20 -21 -22 -23 23 -25 -26 26 -28 -29 -30 -31 31 32 -34 -35 -36 36 -38 -39 -40 -41 -42
leaf_value=-0.053355221037672824 -0.030944554831531745 -0.036618835752994849 -0.049586588855270328 0.056193719390326781 0.057047422914535982 -0.0078050012050618163 -0.050827110828815185 -0.027368900462307569 -0.049833667895925568 0.060160757187581029 0.04412998965600428 -0.0057077767815349742 0.056771902297564021 -0.03395469132239174 -0.00051672605742610089 -0.0089617002419991373 0.0026517616332942108 -0.027629326173835428 0.037004556892776423 0.053098407786825556 0.023418824800647033 0.038173264914915503 -0.0024488804358899353 0.058102070933299901 -0.067322305779630762 -0.026779480580037138 0.05979390581095189 0.014364149806777625 0.028356311902698807 -0.063112422709585947 -0.055222102318392398 0.018972431370623995 -0.03052329444806837 0.029052553143138992 -0.056117148808640549 -0.053894021703720041 -0.010951581773511732 -0.026628510063567017 -0.025920049972855769 -0.0056766655294420033 -0.058329919861427694
leaf_weight=34.083150625228882 25.080750793218613 13.138803571462633 23.857640847563747 566.40094792842865 86.249652355909348 13.881531074643137 21.82649439573288 11.101791426539426 11.399948745965956 20.890283018350601 18.175383418798447 16.049893170595169 17.250062704086304 13.088879659771919 15.769542366266249 11.753644838929178 16.814990118145943 72.211720913648605 8.5307140201330167 13.517974838614462 26.818137437105179 38.241337850689888 18.538138002157215 21.174219489097595 9.2161510586738569 26.02708725631237 10.827726244926451 7.341503217816352 8.6981853544712049 28.607991263270378 35.098967164754868 7.9191965013742429 6.3003211617469788 8.7354242205619794 148.07148614525795 7.6312091797590256 10.098903775215151 5.5331499576568595 8.3882381170988065 10.088125959038733 14.444997832179068
leaf_count=214 111 55 108 1926 291 52 101 41 53 62 56 57 56 47 58 39 53 301 29 38 86 119 64 68 43 105 31 24 28 142 210 31 34 27 957 50 51 31 32 35 70
internal_value=0.0145342 0.0283358 0.0401239 0.0477365 0.0064939 0.0312414 -0.00452762 -0.00772968 -0.0174476 0.0129918 -0.00440266 0.0118939 -0.00221043 0.0019956 -0.0475786 0.0300496 -0.0275087 -0.0318281 -0.0206435 0.016975 0.0043647 0.0251149 0.0169968 0.0299373 -0.0322214 -0.0164257 -0.000977578 -0.0343442 -0.00383582 -0.0483839 -0.0504646 -0.039115 -0.002653 0.00756146 -0.0535027 -0.0457107 -0.0302054 -0.0516414 -0.0436497 -0.0174936 -0.0485752
internal_weight=1488.87 1218.37 777.138 663.459 441.231 162.772 113.679 278.458 200.122 77.7072 56.8169 65.6912 97.0577 76.5227 270.506 29.0037 38.6415 134.431 80.7424 53.425 39.907 54.2912 78.3359 48.4478 23.0977 68.054 36.8548 31.1991 29.8881 53.6887 254.736 54.8516 14.2195 27.2736 199.885 51.8133 17.7301 40.6321 35.972 21.1899 27.5838
internal_count=5986 4350 2718 2289 1632 557 429 1075 812 272 210 229 363 266 1636 95 154 583 330 171 133 176 263 159 95 268 136 132 104 253 1578 306 65 91 1272 315 101 241 157 76 125
cat_boundaries=0 1 2 3 4 5 6 7 8 9 10 11 12 13 14 15 16
cat_threshold=6 1 8 1 2 1 2 2 2 1 2 1 2 1 2 1
is_linear=0
shrinkage=0.045618


Tree=23
num_leaves=40
num_cat=17
split_feature=4 9 9 9 2 2 7 6 6 5 5 7 2 0 0 0 0 0 0 8 7 7 8 7 8 7 7 6 6 8 7 7 7 6 7 7 7 7 8
split_gain=321.877 184.946 159.884 188.535 92.492 67.475 35.6143 35.0928 38.1384 32.5292 72.297 27.7053 27.6033 22.1785 34.2943 16.1489 61.0251 15.5906 23.7983 13.6642 11.2066 9.96048 9.4057 7.4799 7.32996 7.07954 6.84541 5.67356 4.78548 6.66492 5.76404 9.21922 2.17183 1.92436 1.36871 1.21127 1.71236 1.28539 0.838674
threshold=0 1 2 3 1.0000000180025095e-35 0.99977195935954721 217.92950017205948 4 5 6 7 104.42223390983594 0.12337979428325115 8 9 10 11 12 13 30.501750315661734 74.401967656514628 173.24481123214153 31.902756250700431 78.357676367935383 33.102154451154767 232.31323960145275 170.7354375090267 14 15 22.750769112941388 94.75500000000001 88.815000000000012 80.580000000000013 16 130.17600720105398 76.122101941894172 85.225000000000009 133.50002061229176 28.599048306578418
decision_type=9 9 9 9 2 2 2 9 9 9 9 2 2 9 9 9 9 9 9 2 2 2 2 2 2 2 2 9 9 2 2 2 2 9 2 2 2 2 2
left_child=12 4 7 13 6 -6 9 35 11 15 34 20 28 26 22 23 -17 24 21 -13 -9 -19 -15 -2 27 33 38 -7 -1 -30 31 32 -31 -8 -11 -3 -37 -38 -4
right_child=1 2 3 -5 5 17 25 8 -10 10 -12 19 -14 14 -16 16 -18 18 -20 -21 -22 -23 -24 -25 -26 -27 -28 -29 29 30 -32 -33 -34 -35 -36 36 37 -39 -40
leaf_value=-0.056120349927132614 -0.02339334145580705 -0.061408422699882559 -0.03512414517432691 0.055853453044203041 0.056406006389029095 -0.038184802615380369 0.026561050445448601 -0.003775080054815761 0.059270678708336959 -0.053866350900873661 0.045367106315795429 0.036499644963605041 0.013422369500670687 -0.0016531763094171645 0.057824925588711724 -0.030987513577002735 0.063520659332985716 -0.041345804991270725 0.057146845440975542 -0.032601683948611855 -0.062166942984614566 0.015713604565310395 -0.045806483492368086 -0.048741222844119435 -0.060198303413496627 -0.0017278510502690011 0 0.0087740704261835452 -0.055651135799302226 -0.042968606556473263 -0.050676223469379424 0.020734339667477123 -0.01460668184753789 0.055312052423940106 -0.026554710718790366 -0.018648082289892055 -0.053410846714031124 -0.029223537705388429 -0.052841812820791194
leaf_weight=79.892541155219078 37.93095089495182 9.5390540957450849 16.321136549115181 551.45620962977409 83.321207910776138 9.4510960876941681 10.497927397489548 10.588928297162058 20.25462394952774 24.975975885987285 38.072151958942413 22.415592685341839 16.646747812628746 37.76747065782547 18.933816611766815 86.577092856168747 16.766502171754837 12.731384664773943 16.252488791942596 7.806821644306182 20.569707199931145 12.160333216190336 13.631511121988295 77.236781567335129 9.9448667317628843 10.075418934226034 9.1978789865970594 11.515514045953754 34.586442083120346 15.437673792243006 17.456600338220596 9.0913527309894544 10.547672480344771 13.271603211760521 6.4996278136968604 7.6238582581281653 17.721327438950542 9.4656877219676954 18.144249334931374
leaf_count=537 171 51 80 1932 291 38 33 42 62 137 125 73 56 148 60 370 46 50 52 36 104 38 62 390 45 38 35 39 235 87 105 36 50 41 29 35 92 38 97
internal_value=0.0142467 0.0224218 0.0357184 0.0447056 -0.000360427 0.0285004 -0.0143313 -0.0114986 0.00528209 -0.0195484 0.00806061 -0.0125761 -0.0421529 -0.00933051 0.00563784 -0.027476 -0.0154944 -0.00375335 0.0145128 0.0183409 -0.0426835 -0.0133258 -0.0136257 -0.0405059 -0.0281993 0.0297331 -0.0356201 -0.012271 -0.0477398 -0.039864 -0.0291679 -0.0180441 -0.0319083 0.0432253 -0.036974 -0.0449842 -0.039957 -0.045512 -0.0449006
internal_weight=1452.38 1268.72 791.438 665.452 477.281 155.377 321.904 125.986 81.6357 288.059 69.5478 61.381 183.659 113.996 70.3328 218.511 103.344 72.0557 41.1442 30.2224 31.1586 24.8917 51.399 115.168 30.9115 33.8449 43.6633 20.9666 167.012 87.1197 52.5333 35.0767 25.9853 23.7695 31.4756 44.3499 34.8109 27.187 34.4654
internal_count=5986 4880 2947 2414 1933 553 1380 533 317 1268 291 255 1106 482 270 977 416 262 140 109 146 88 210 561 122 112 212 77 1050 513 278 173 137 74 166 216 165 130 177
cat_boundaries=0 1 2 3 4 5 6 7 8 9 10 11 12 13 14 15 16 17
cat_threshold=1 6 1 8 1 2 12 1 1 2 1 2 1 2 2 1 2
is_linear=0
shrinkage=0.045618


Tree=24
num_leaves=42
num_cat=15
split_feature=1 9 9 9 5 5 1 1 1 5 0 0 0 0 7 7 6 6 8 7 8 6 7 8 1 8 4 7 8 8 1 1 7 7 8 8 7 1 6 7 1
split_gain=557.428 134.29 82.4556 95.0956 73.5383 65.2831 43.3571 20.8926 20.8628 22.7417 18.6461 17.7673 23.3361 17.4564 16.7707 16.1025 14.9274 19.204 19.7772 11.6139 11.5593 11.4744 9.69871 9.51368 10.7074 8.61117 8.59327 8.4673 7.07708 7.05232 4.40947 4.32443 3.98696 3.41936 3.28688 2.10317 1.42552 2.99579 1.08448 0.484769 0.294215
threshold=47.004639972494182 0 1 2 3 4 67.001504294392788 55.874911427594476 38.006575028449809 5 6 7 8 9 79.033286701613804 106.66500000000002 10 11 31.759261604588072 203.62541172490407 30.501750315661734 12 65.475000000000009 30.693747033542113 52.988668370940871 27.257897378672286 13 101.93275192247728 29.858462645284529 32.18685741012208 59.996844235236182 45.016887313445757 195.67609651229165 99.770000000000024 32.236138425440508 28.699296493860874 75.830582757557877 7.5000000000000009 14 72.793179034102096 59.996844235236182
decision_type=2 9 9 9 9 9 2 2 2 9 9 9 9 9 2 2 9 9 2 2 2 9 2 2 2 2 9 2 2 2 2 2 2 2 2 2 2 2 9 2 2
left_child=8 4 7 11 6 25 15 -3 36 22 14 27 29 21 34 23 35 18 -18 20 -17 -12 -10 24 -2 -6 -11 40 -27 -13 -29 -24 -16 -33 -8 -9 37 -1 -30 -39 -4
right_child=1 2 3 -5 5 -7 10 16 9 26 13 12 -14 -15 32 19 17 -19 -20 -21 -22 -23 31 -25 -26 28 -28 30 38 -31 -32 33 -34 -35 -36 -37 -38 39 -40 -41 -42
leaf_value=-0.019287520803935677 0.006609842104936702 -0.056707838575258102 -0.060382254403968071 0.054744165562502035 -0.060588691727538363 0.050914994151010182 0.0028567960876264942 -0.0094804413114740124 0.0016378047418613734 -0.006877537001119806 -0.017416717752783008 0.007995523584946776 0.057006259832732588 0.056770841710075973 -0.038944467911072825 -0.027185345889962007 0.016681949785915407 0.05887249381343046 -0.065402527766064381 -0.043864434572801203 0.023616115503446729 0.025040447496690349 -0.056754230591835535 -0.061881162486914831 -0.041659408756086903 0.01885160227045931 0.046677294804250667 0.01472480121006323 -0.041983255177301011 -0.035183818571926838 -0.029315644356823024 -0.0051165050335055173 -0.0083530368319158915 -0.048763181678545577 0.035945395909311756 -0.037103625425534886 -0.054944404411406418 -0.053041636330606497 -0.016052392565537223 -0.035491324155457853 -0.038175393426491455
leaf_weight=9.366877004504202 13.307448923587797 11.731995835900305 7.4323278367519361 520.80253466963768 9.3476350009441358 103.09887969493866 12.826379522681238 13.979679480195047 8.9960196614265424 12.738775253295898 19.835171043872833 31.726824969053268 20.035029321908951 24.015277862548828 23.865758344531059 14.453641742467878 37.093875929713249 18.101859450340271 7.0816775858402243 13.373260393738745 25.189069479703903 38.312441438436508 40.284109562635422 27.639309644699097 31.565162181854248 10.552920058369638 11.603629887104034 10.688207492232324 7.3458210676908493 10.202337622642515 8.0663061738014203 8.0618380755186063 15.196882814168928 7.483321785926818 12.935305684804915 10.878174528479574 137.4688706099987 32.601864248514175 8.9014462232589739 8.6646266430616361 6.6783633530139923
leaf_count=57 49 62 38 1907 49 370 45 52 37 56 71 110 66 82 97 61 124 57 34 56 88 116 257 137 143 38 37 39 35 42 33 33 54 40 41 48 946 212 38 51 31
internal_value=0.014393 0.0286608 0.0404124 0.0468166 0.00709042 0.0328965 -0.00678572 -5.79557e-05 -0.0435168 -0.0251145 0.00974498 0.00212928 0.016778 0.0241701 -0.00846189 -0.0267153 0.00761181 0.0195788 0.0031302 -0.00741756 0.00489077 0.0104398 -0.0360787 -0.0406752 -0.0272428 -0.0182551 0.0132045 -0.0245867 -0.00965229 -0.00248841 -0.00400508 -0.0486881 -0.0273127 -0.0269014 0.019871 -0.0220317 -0.0521686 -0.0443096 -0.0285498 -0.0497096 -0.0510366
internal_weight=1403.53 1126.26 714.499 615.632 411.762 139.247 272.515 98.8673 277.27 89.1677 146.987 94.8294 61.9642 82.1629 64.8243 125.528 87.1353 62.2774 44.1756 53.016 39.6427 58.1476 64.8253 72.5119 44.8726 36.1478 24.3424 32.8652 26.8002 41.9292 18.7545 55.8293 39.0626 15.5452 25.7617 24.8579 188.102 50.6334 16.2473 41.2665 14.1107
internal_count=5939 4213 2643 2266 1570 530 1040 377 1726 460 506 359 218 269 237 534 315 215 158 205 149 187 367 329 192 160 93 141 111 152 72 330 151 73 86 100 1266 320 73 263 69
cat_boundaries=0 1 2 3 4 5 6 7 8 9 10 11 12 13 14 15
cat_threshold=6 1 8 12 1 5 1 1 2 2 1 2 1 2 2
is_linear=0
shrinkage=0.045618


Tree=25
num_leaves=44
num_cat=15
split_feature=1 9 9 9 2 2 6 6 2 1 7 0 0 0 6 6 8 1 5 7 1 6 1 6 7 7 8 6 7 1 1 7 7 1 8 7 7 8 0 1 1 7 1
split_gain=522.739 127.63 78.9282 91.9287 70.4121 47.1814 31.0105 83.1535 24.9985 19.5454 17.0451 19.5316 16.4245 22.1919 13.7761 18.3096 18.4057 13.5865 12.7002 8.01876 6.5634 6.55174 6.52154 8.29223 6.98205 18.5851 6.48503 5.73407 5.60302 4.04436 3.97007 3.56689 2.78871 2.11126 2.02433 1.61829 3.07119 3.51193 1.40128 0.513999 0.301229 0.0654527 0.00807258
threshold=47.004639972494182 0 1 2 1.0000000180025095e-35 0.99977195935954721 3 4 0.006572800900427834 55.874911427594476 223.59660307484179 5 6 7 8 9 31.759261604588072 73.996428959115889 10 101.93275192247728 65.979452174386651 11 37.500000000000007 12 84.02500000000002 75.057106984959816 32.18685741012208 13 196.38595991379725 59.996844235236182 43.018711562990283 143.36701218771179 92.265000000000015 77.999570706233882 28.285576588577086 75.830582757557877 70.203510349377396 26.201164048725371 14 72.994574074741976 59.996844235236182 94.335000000000022 45.016887313445757
decision_type=2 9 9 9 2 2 9 9 2 2 2 9 9 9 9 9 2 2 9 2 2 9 2 9 2 2 2 9 2 2 2 2 2 2 2 2 2 2 9 2 2 2 2
left_child=8 4 9 12 6 -6 17 10 22 -3 11 -8 19 26 33 16 -16 28 20 40 -7 -20 35 42 25 -25 -14 -22 34 -21 -10 41 -19 38 -2 36 -1 -38 -11 -23 -4 -26 -24
right_child=1 2 3 -5 5 18 7 -9 30 14 -12 -13 13 -15 15 -17 -18 32 21 29 27 39 23 24 31 -27 -28 -29 -30 -31 -32 -33 -34 -35 -36 -37 37 -39 -40 -41 -42 -43 -44
leaf_value=-0.052997434603135066 -0.035340944850402081 -0.055630233590074053 -0.059338471271650234 0.054181175556411054 0.05554451653538317 -0.039507962922741217 -0.048285629423996133 0.05900537696174718 -0.012456269147943611 -0.044691399662747815 0.032212670897048316 -0.0069454753326676534 0.0076360995774977999 0.056311931453092996 0.015953301533373432 0.058068083431568267 -0.064026657825051153 0.010828755429688733 0.0010781880429014386 0.014029022255408877 -0.024937546295649971 0.049723646503312867 -0.0550298124288661 -0.058535512386104271 -0.039053857934067182 0.029299174067272313 -0.033901212117318134 0.021424431107953636 -0.012667904429454554 -0.028196845687916909 0.028140353034889567 -0.0054127895458057542 -0.018633653881821352 -0.0013143524694143374 -0.055675659827378557 -0.054845261521653421 -0.047794780859877393 -0.0068478230803601225 -0.01599769494618938 0.031050878842769501 -0.037051682877781336 -0.05578224301125001 -0.041045064446816319
leaf_weight=28.00430591404438 22.5066938996315 11.424972325563429 7.2265825718641263 502.73263722658157 80.383500397205353 15.001844406127928 36.676056817173958 42.431347578763962 10.221245065331461 7.909307062625885 13.644601359963415 68.448156237602234 31.715110883116722 19.374731659889221 37.029963240027428 17.531563028693199 6.9123835861682883 15.570456057786943 13.432758703827858 10.716494575142862 10.299757570028305 12.088906526565554 26.455157548189163 7.6815071403980282 7.9961881041526857 13.485148593783377 10.115462452173231 11.538882598280907 13.085101649165152 8.0135431438684446 9.2665955871343595 5.4815533608198157 11.320138573646544 8.154377415776251 28.812550574541092 124.89513251185417 8.8222579807043093 9.3802334368228895 8.6307380050420814 10.118175655603407 6.5759141594171524 9.584530442953108 8.1376060843467695
leaf_count=193 106 62 38 1907 298 65 159 140 42 35 44 271 110 66 124 57 34 54 47 39 38 36 180 43 46 53 42 41 49 33 30 28 42 28 148 898 60 51 37 32 31 60 42
internal_value=0.0141262 0.0280846 0.0397532 0.0461702 0.00692856 0.03152 -0.00767463 0.00432642 -0.0427899 -6.68661e-05 -0.0152268 -0.0214965 0.00204378 0.0162281 0.00734 0.0189394 0.00298081 -0.0288937 0.00470469 -0.0237587 -0.0129966 0.0209316 -0.0466705 -0.0353548 -0.0218567 -0.00255189 -0.0023816 -0.00018802 -0.0402367 -0.00382217 0.00662696 -0.0391198 -0.00139298 -0.0211992 -0.0470629 -0.0517961 -0.0432047 -0.0273581 -0.0304877 0.0418725 -0.049895 -0.0490868 -0.0521925
internal_weight=1368.83 1099.42 694.064 596.47 405.359 152.864 252.495 161.2 269.411 97.5933 118.769 105.124 93.7378 61.2053 86.1683 61.4739 43.9423 91.2949 72.4803 32.5325 36.8405 35.6398 249.924 78.8217 44.2289 21.1667 41.8306 21.8386 64.4043 18.73 19.4878 23.0623 26.8906 24.6944 51.3192 171.102 46.2068 18.2025 16.54 22.2071 13.8025 17.5807 34.5928
internal_count=5939 4213 2643 2266 1570 557 1013 614 1726 377 474 430 359 218 315 215 158 399 259 141 144 115 1654 452 230 96 152 79 303 72 72 134 96 100 254 1202 304 111 72 68 69 106 222
cat_boundaries=0 1 2 3 4 5 6 7 8 9 10 11 12 13 14 15
cat_threshold=6 1 8 1 2 2 1 2 1 2 5 1 1 2 2
is_linear=0
shrinkage=0.045618


Tree=26
num_leaves=37
num_cat=13
split_feature=4 9 9 9 5 5 3 3 0 0 3 7 7 7 6 6 7 3 7 3 3 0 7 6 0 8 7 8 8 8 7 7 7 8 8 7
split_gain=268.876 145.501 127.447 178.581 67.9698 104.322 40.4137 35.6294 32.5158 69.1674 26.9548 25.2167 11.7175 14.542 11.1077 43.6921 10.4421 10.0938 7.43031 6.55422 6.19682 6.11596 7.78602 4.7979 6.51235 6.06353 4.71716 5.33296 3.79589 3.45032 3.11982 3.47839 2.14467 1.6285 0.605487 0.182709
threshold=0 1 2 3 4 5 0.013753533766385053 0.019523803864261117 6 7 0.11605189001297951 127.76500000000001 221.733291773769 80.580000000000013 8 9 78.155743006061741 0.068577036387425919 165.09419819643026 0.99894807841205846 0.99894807841205846 10 77.354349526898872 11 12 22.201180668547433 98.902214139955689 29.858462645284529 28.699296493860874 27.65434217155974 180.77066635754616 72.493360827381863 133.50002061229176 30.80474892932931 24.407058295166923 96.99493988790671
decision_type=9 9 9 9 9 9 2 2 9 9 2 2 2 2 9 9 2 2 2 2 2 9 2 9 9 2 2 2 2 2 2 2 2 2 2 2
left_child=10 4 7 6 8 29 21 14 12 11 23 16 13 33 32 28 -10 -13 -15 -8 -9 35 -23 -1 -25 -26 27 -27 -16 -6 31 -31 34 -2 -3 -4
right_child=1 2 3 -5 5 -7 19 20 9 -11 -12 17 -14 18 15 -17 -18 -19 -20 -21 -22 22 -24 24 25 26 -28 -29 -30 30 -32 -33 -34 -35 -36 -37
leaf_value=-0.05239659168790383 -0.0051057035269940288 -0.032641092286277387 -0.047844476856453155 0.054246123756416173 -0.058833551307523144 0.050142373794748875 0.05513527714310703 0.055246596192035327 -0.0092457667345227073 0.058625621158363339 0.023647836109896653 -0.0049001841926984294 0.020479415727266768 -0.049871920506587113 -0.020954960755262538 0.058570455896817357 -0.043827849614684146 0.037263000805724332 -0.016909853834702507 0.0085915811236210241 0.012011671779698271 -0.053754129507980516 -0.0066169570651509607 -0.052176219659712537 -0.053629205230143868 0.0020732365836471319 -0.046775031593752681 -0.040636940684037129 -0.049524099767215619 -0.0093891412211301196 -0.0038800199083735302 -0.049194182435684047 -0.020420980836645012 -0.022147453871600858 -0.055278342912182248 -0.036000517772757756
leaf_weight=76.373708039522171 33.479395121335983 5.9140568077564266 16.165550380945206 502.61845184862614 11.469926729798315 101.02444636821747 15.919473186135292 14.189789697527885 31.687953278422356 35.584296971559525 13.086011201143263 28.195307105779648 9.7781507521867734 64.134383961558342 22.164754986763 13.670908033847807 44.59364877641201 19.813461750745773 19.462724387645721 11.055481612682343 14.399865806102753 9.0367546528577787 36.963970899581909 32.598128497600555 12.340229749679564 24.227649301290512 8.4405182152986509 7.7985956817865363 19.638255566358566 7.1854319274425569 8.5496618300676328 15.610129073262213 7.2894548326730719 19.043894186615944 21.069717675447464 19.959884867072105
leaf_count=554 138 31 94 1955 67 384 57 50 129 119 44 103 33 353 97 43 210 58 81 35 48 44 153 224 92 113 55 43 105 33 33 87 31 90 124 102
internal_value=0.0140421 0.0218715 0.0342171 0.042673 0.00102126 0.0258573 -0.0106704 -0.00936293 -0.0111003 0.00271422 -0.0387026 -0.0133164 -0.0270225 -0.0305074 -0.0243151 -0.0114723 -0.02961 0.0124596 -0.0423352 0.0365075 0.0339385 -0.0275927 -0.0162185 -0.0438092 -0.0359451 -0.0256372 -0.01671 -0.00833439 -0.034709 -0.0299478 -0.0283414 -0.0371229 -0.0447208 -0.011468 -0.0508429 -0.0417233
internal_weight=1354.53 1179.67 730.056 611.72 449.613 143.84 109.101 118.337 305.773 159.875 174.865 124.29 145.899 136.12 89.7471 55.4739 76.2816 48.0088 83.5971 26.975 28.5897 82.1262 46.0007 161.779 85.4051 52.807 40.4668 32.0262 41.803 42.8151 31.3452 22.7956 34.2732 52.5233 26.9838 36.1254
internal_count=6012 4887 2969 2440 1918 604 485 529 1314 619 1125 500 695 662 431 245 339 161 434 92 98 393 197 1081 527 303 211 156 202 220 153 120 186 228 155 196
cat_boundaries=0 1 2 3 4 5 6 7 8 9 10 11 12 13
cat_threshold=1 6 1 8 12 1 1 2 1 2 1 1 2
is_linear=0
shrinkage=0.045618


Tree=27
num_leaves=43
num_cat=21
split_feature=1 9 9 9 2 2 5 5 5 5 6 6 8 0 0 1 4 0 0 2 1 4 8 8 0 0 1 1 0 8 8 6 1 1 1 8 8 6 8 0 8 1
split_gain=467.267 93.8377 66.7839 91.6834 65.566 35.3621 34.6418 33.8113 31.9513 40.116 22.582 20.1508 21.1856 19.7215 25.5237 17.604 14.9587 12.4538 22.0781 11.9712 11.548 10.4867 10.3194 18.6329 9.07859 14.5758 8.75701 7.58414 5.86785 4.726 4.47816 4.43306 3.50848 2.76326 1.47065 1.39919 2.25473 1.15247 0.498561 0.187905 0.161064 0.0819022
threshold=49.019619844933381 0 1 2 0.010368613865304912 0.99977195935954721 3 4 5 6 7 8 31.759261604588072 9 10 44.071135056329894 11 12 13 0.7660437584629658 77.999570706233882 14 29.366208216887127 30.80474892932931 15 16 72.994574074741976 78.96224711734142 17 32.18685741012208 37.616745318758412 18 71.991119479914218 61.998047812628364 39.115616086994201 28.285576588577086 27.082049600064039 19 34.075102768946316 20 31.378673569071683 1.5200000000000002
decision_type=2 9 9 9 2 2 9 9 9 9 9 9 2 9 9 2 9 9 9 2 2 9 2 2 9 9 2 2 9 2 2 9 2 2 2 2 2 9 2 9 2 2
left_child=6 4 10 17 8 -6 15 30 26 13 20 12 21 27 -15 19 24 33 29 41 39 -12 37 -24 32 -26 35 -10 -28 -19 -8 -25 -7 40 -9 36 -2 -17 -37 -3 -4 -1
right_child=1 2 3 -5 5 16 7 34 9 -11 11 -13 -14 14 -16 22 -18 18 -20 -21 -22 -23 23 31 25 -27 28 -29 -30 -31 -32 -33 -34 -35 -36 38 -38 -39 -40 -41 -42 -43
leaf_value=-0.039739075318959323 -0.045628017464751883 -0.056630327609291646 -0.018514032401241706 0.053121362694806634 0.054731217714981573 -0.047289977971472642 -0.051596634206297086 0.030522061593440765 -0.037711789324153193 0.042918414608224195 -0.0014946788034674889 0.056730656085056869 -0.06227917615303432 -0.0063128982457339514 0.059011252346365249 -0.032742809597298528 0.048996276053556866 0.0011106968649038688 0.055224238309198641 -0.00051246855685824363 0.015684964594693936 0.048018608754425429 0.05098182889866619 -0.049982748106994108 -0.0065686680977103326 0.054720440681744989 -0.029819395567739111 0.010202656634271246 0.012027021146074129 -0.035451497738056233 -0.0054654589488927234 -0.0058722179852234912 -0.0060822471296169056 -0.044341335264811411 0.05668929007327829 -0.061172164840179989 -0.010575497702209672 -0.058495623225594796 -0.041343994556018712 -0.040103075225975497 -0.0067359037721300731 -0.054096181089638123
leaf_weight=7.1344286799430838 13.079192608594896 10.350594386458397 7.8357136398553866 468.2975422590971 76.457440808415413 9.0962180346250552 19.667826652526859 9.7614534199237841 41.102443143725395 35.341312855482101 26.065824165940285 18.236893236637115 8.8414636701345426 59.152480781078339 15.504702627658842 11.332862317562103 15.744663730263708 32.446129903197289 16.332797452807426 9.5269476622343046 7.5713685005903235 13.116779297590254 9.0557581037282961 9.2640135139226913 26.892567008733749 11.22409728169441 16.5959262996912 7.9186798930168143 11.498154714703562 9.1860014051198942 6.0887488871812812 10.346907779574394 8.8554100543260557 11.215592443943022 14.830632090568541 14.241345599293711 6.3082666844129553 8.8991232067346573 9.738594636321066 11.198024004697803 7.2273883819580078 178.1443500444293
leaf_count=55 72 51 34 1911 301 37 116 30 192 132 94 63 46 208 49 56 47 115 59 37 25 43 29 50 102 40 66 26 39 38 26 50 28 52 51 75 27 50 54 54 31 1351
internal_value=0.0137885 0.0283129 0.0386866 0.0449885 0.00927285 0.0331646 -0.036885 0.00149971 -0.00568441 0.0061031 0.00130012 0.0162073 0.000505519 -0.00684192 0.00730028 -0.0431285 0.0100218 -0.00101006 0.0106021 -0.0510616 -0.0318348 0.015093 -0.0200933 -0.0021871 -0.000956676 0.0115212 -0.0287779 -0.0298343 -0.0125108 -0.00694774 -0.0296503 -0.0273397 -0.0276179 -0.0271193 0.0334311 -0.0456626 -0.0347816 -0.0448703 -0.0538154 -0.0488083 -0.0134453 -0.0536236
internal_weight=1320.73 1026.67 647.922 552.541 378.751 148.27 294.053 50.3487 230.481 159.02 95.3809 66.261 48.0241 123.678 74.6572 243.704 71.813 84.2436 57.9649 194.806 29.12 39.1826 48.8987 28.6667 56.0683 38.1167 71.4615 49.0211 28.0941 41.6321 25.7566 19.6109 17.9516 26.2787 24.5921 43.3674 19.3875 20.232 23.9799 21.5486 15.0631 185.279
internal_count=6012 4111 2616 2240 1495 555 1901 223 940 607 376 246 183 475 257 1678 254 329 212 1443 130 137 235 129 207 142 333 218 105 153 142 100 65 117 81 228 99 106 129 105 65 1406
cat_boundaries=0 1 2 3 4 5 6 7 8 9 10 11 12 13 14 15 16 17 18 19 20 21
cat_threshold=6 1 8 21 8 9 4 1 2 1 2 2 1 2 2 2 1 1 2 2 2
is_linear=0
shrinkage=0.045618


Tree=28
num_leaves=48
num_cat=11
split_feature=9 9 9 2 3 2 6 6 5 5 3 7 7 8 7 7 6 8 6 6 2 7 7 0 8 2 8 7 7 7 7 7 7 7 7 7 8 8 8 8 7 7 8 7 7 7 7
split_gain=229.338 226.278 180.38 90.6174 86.8981 40.6985 23.5252 51.1083 20.5737 22.5629 19.5378 16.0683 14.8237 13.5096 11.6343 14.7235 12.389 11.4646 10.3533 65.8924 9.91113 9.77379 9.6612 8.49971 7.66657 6.95124 6.69703 5.93772 4.48749 15.7885 7.30945 2.5196 7.81878 1.45126 1.41178 6.88148 1.28732 1.24975 1.12785 6.57218 1.20134 0.91908 0.711138 0.281473 0.554372 0.152361 0.0557337
threshold=0 1 2 0.012423431086299232 0.003533934839724973 0.99977195935954721 3 4 5 6 0.99894807841205846 86.594998706288649 118.01799696873 27.700160166945487 77.927445305353913 208.09640910423931 7 25.714143593066193 8 9 0.010368613865304912 65.10419262931255 71.201792449098406 10 28.188391085245808 0.94532407069458568 25.900608867792283 208.09640910423931 166.94929875483135 80.817096056165965 194.15616731754213 116.72824308156909 89.789294922206096 96.99493988790671 104.42223390983594 108.61500000000002 28.285576588577086 28.978377419726623 31.902756250700431 30.601897426293032 152.09649891308138 152.09649891308138 23.401054600156144 79.033286701613804 76.65000000000002 85.58782645991117 62.124001669136497
decision_type=9 9 9 2 2 2 9 9 9 9 2 2 2 2 2 2 9 2 9 9 2 2 2 9 2 2 2 2 2 2 2 2 2 2 2 2 2 2 2 2 2 2 2 2 2 2 2
left_child=4 3 6 8 17 -5 11 20 14 31 -6 36 -12 -13 16 42 -2 34 38 24 21 -8 -18 -15 33 -22 -11 -26 29 37 -30 32 -10 -20 43 -36 -3 -7 39 40 -19 -37 -16 44 46 -40 -1
right_child=1 2 -4 5 10 28 7 -9 9 26 12 13 -14 23 15 -17 22 18 19 -21 25 -23 -24 -25 27 -27 -28 -29 30 -31 -32 -33 -34 -35 35 41 -38 -39 45 -41 -42 -43 -44 -45 -46 -47 -48
leaf_value=-0.03840960870750483 -0.048672685002060893 -0.038727695607179556 0.053389685949254126 0.054094646766757223 0.054922039659585919 0.020156126532827438 0.030776874173288993 0.057727088940971977 -0.041205327066806678 -0.00243576734397639 -0.040499987720185975 -0.049171557454170255 0.027367920709750571 -0.02338092274581479 -0.038145525944049567 0 -0.02121972451621415 -0.047039105062834326 -0.025754982701803049 0.05758835988676541 0.051171412636385291 -0.026511506583633805 0.030358198008063605 0.018955302217784853 -0.05292982668028761 -0.0083495082100862178 0.047094571578584342 -0.0024995668798165394 0.040614461852478807 -0.059285478114886436 -0.010538850222340947 -0.053317416008029743 0.0082195579151171389 -0.0028021099656755461 0.01007057636171735 -0.054411234821414974 -0.064797219686895405 -0.001632585772600026 -0.038850491868933454 0.0062094128505941482 -0.020426409651425018 -0.026704495249980732 -0.05278166177375495 -0.055990225620380932 -0.025579863061312928 -0.054117401074684476 -0.053111529010497288
leaf_weight=8.4961340129375511 15.790576681494713 11.8113119751215 479.76641549170017 53.524325475096703 28.690399706363678 10.623012632131582 6.8727625310420981 35.569760948419571 16.674110397696499 7.4173133224248913 10.63504618406296 11.841644547879694 17.262689992785454 14.313819676637651 14.575515456497667 13.789300374686716 17.391144171357158 27.293284200131893 12.491272002458574 19.468596905469894 8.0508312433958036 46.220955222845078 13.015729174017904 30.234398998320099 42.387048415839672 7.6687794625759116 20.945438072085381 5.8043867647647849 10.599812075495722 10.191939517855642 12.12927210330963 7.2014062404632559 10.59485602378845 11.788963697850702 5.0026049688458469 15.335149087011816 10.71467776596546 10.042931959033011 9.7622012645006198 6.5447953268885604 5.644606500864028 5.0073212161660186 76.797286778688431 33.816156722605228 4.6555773168802252 15.685055755078791 15.739149659872053
leaf_count=55 100 57 1999 218 108 39 28 126 87 41 42 61 54 67 103 54 83 165 64 64 35 234 50 109 247 29 83 23 34 48 46 34 44 50 25 117 55 36 62 30 26 29 480 249 30 94 115
internal_value=0.0129859 0.0235263 0.0386587 -0.007912 -0.0214662 0.0260386 -0.000648995 0.0134792 -0.0252969 -0.000335624 0.0286329 -0.0194833 0.00116198 -0.00627747 -0.0333783 -0.0439935 -0.0161801 -0.0339574 -0.0264073 -0.0163831 -0.00941048 -0.0188847 0.0007124 0.00516591 -0.0364517 0.0220208 0.025188 -0.0470227 -0.00197254 -0.013364 0.0132012 -0.0224336 -0.0218607 -0.0149875 -0.0472409 -0.0365021 -0.0518964 0.00936052 -0.0404051 -0.0345528 -0.0428284 -0.0482446 -0.0506099 -0.0513429 -0.0453164 -0.0488775 -0.0485949
internal_weight=1285.88 984.369 663.065 321.304 301.51 107.111 183.299 104.383 214.193 62.8331 56.5881 78.9159 27.8977 56.3899 151.36 105.162 46.1975 244.922 156.87 91.9403 68.8133 53.0937 30.4069 44.5482 72.4717 15.7196 28.3628 48.1914 53.587 30.8579 22.7291 34.4704 27.269 24.2802 88.0521 25.3451 22.526 20.6659 64.9299 39.4827 32.9379 20.3425 91.3728 62.707 28.8909 25.4473 24.2353
internal_count=6029 4380 2800 1580 1649 421 801 452 1159 289 204 349 96 237 870 637 233 1445 825 448 326 262 133 176 384 64 124 270 203 123 80 165 131 114 620 171 112 75 377 221 191 146 583 449 200 156 170
cat_boundaries=0 1 2 3 4 5 6 7 8 9 10 11
cat_threshold=9 4 2 2 1 5 8 1 1 2 1
is_linear=0
shrinkage=0.045618


Tree=29
num_leaves=39
num_cat=14
split_feature=1 2 2 6 6 3 2 3 7 0 0 8 1 8 0 0 8 7 4 0 0 1 1 8 4 7 7 1 8 8 7 6 4 4 0 7 8 8
split_gain=413.843 53.1963 71.8675 41.4 121.893 37.4237 23.4835 21.7612 29.8607 21.5936 49.4381 16.7974 16.16 15.2384 14.406 38.5675 12.3992 11.1336 9.22158 9.50087 13.9474 8.37602 8.07881 7.26518 5.65261 5.16784 4.57086 4.20374 3.64933 2.73329 2.65104 3.37052 4.29103 18.9886 1.85587 2.84704 1.81578 0.495891
threshold=47.004639972494182 1.0000000180025095e-35 0.99977195935954721 0 1 0.003533934839724973 1.0000000180025095e-35 0.99894807841205846 209.32088574367808 2 3 36.816660103405511 64.007934468439785 31.378673569071683 4 5 27.300213500713753 111.65059585095045 6 7 8 42.092911427657448 69.836196364742463 28.099371818790381 9 209.32088574367808 79.033286701613804 54.992085452033173 36.570100651547406 39.687865377355472 83.670000000000016 10 11 12 13 94.335000000000022 25.502828488681718 40.424216642122914
decision_type=2 2 2 9 9 2 2 2 2 9 9 2 2 2 9 9 2 2 9 9 9 2 2 2 9 2 2 2 2 2 2 9 9 9 9 2 2 2
left_child=6 3 -3 11 5 9 21 -7 -9 13 -11 14 25 -5 16 22 36 -18 19 23 -21 30 -16 -14 29 26 -4 -28 -8 34 31 -1 -33 -34 35 -23 -2 -13
right_child=1 2 12 4 -6 7 28 8 -10 10 -12 37 18 -15 15 -17 17 -19 -20 20 -22 24 -24 -25 -26 -27 27 -29 -30 -31 -32 32 33 -35 -36 -37 -38 -39
leaf_value=-0.052860152803591784 -0.030996071791834778 0.053369186217052077 0.0009428126640523602 -0.013164340910191384 0.054551220851833199 0.053046675529563846 -0.013164115672896685 -0.047902576465097421 0.04512804851906866 -0.010227001894865716 0.056023352722320292 -0.034370846264360731 0.017728429808101971 -0.063957657757331213 -0.016928148393364893 0.053496774605250451 -0.025110520360003424 0.020747257374477704 0.051193667115071131 0.0017371634228998984 0.053337732898712763 -0.014336254927325758 0.01148137218801667 -0.029366284079053648 0.0082533604814798416 0.014423489209180617 -0.016217743017233575 -0.062810861753503158 0.025546971343812598 -0.0013069447592382029 -0.053532967634146569 -0.053881109322224306 -0.037982671804661812 0.05779214117143941 -0.05468480293589182 -0.053244859144313338 -0.067488787442741782 -0.05866968439406145
leaf_weight=33.932169765233994 6.9566953331232053 251.33454760909081 8.2110887467861193 51.516700431704521 177.51870048046112 44.945103541016579 9.1408018767833727 13.150020748376848 15.28846901655197 92.984189569950104 31.072930514812469 6.6957220584154111 12.267116203904154 16.214041635394096 45.080909624695778 34.228468328714371 22.179668352007866 21.417669460177422 16.804000437259674 23.120264574885368 20.885039120912552 11.93103174865246 38.15993820130825 14.622408851981161 8.0576995089650136 8.2757270187139493 8.8952649831771868 8.3205737024545652 10.588418141007422 5.1097938790917388 105.26547398418188 14.306499026715755 27.240505650639534 4.8685703575611106 10.73632273077965 6.3486639037728301 7.5231211334466934 7.1803378760814667
leaf_count=277 32 1105 36 206 745 195 38 56 45 405 117 36 44 83 226 148 101 76 53 80 86 61 146 58 39 33 37 42 37 27 856 102 196 14 72 43 36 40
internal_value=0.0127504 0.0257694 0.0394503 0.0176816 0.0253153 0.00569151 -0.0400524 0.0333567 0.00185603 -0.0048869 0.00638469 -0.000134079 0.0105398 -0.0255791 0.00367504 0.0128854 -0.0148261 -0.00244859 0.0208755 0.0134687 0.026508 -0.0441882 -0.00383358 -0.00768083 -0.0253215 -0.016133 -0.0263592 -0.0395904 0.00734986 -0.033433 -0.0484082 -0.0414921 -0.0328428 -0.0229806 -0.0388258 -0.0286477 -0.0510892 -0.0480891
internal_weight=1252.37 1004.85 372.736 632.113 442.69 265.171 247.526 73.3836 28.4385 191.788 124.057 189.423 121.401 67.7307 175.546 117.469 58.0772 43.5973 87.6988 70.8948 44.0053 227.797 83.2408 26.8895 42.1835 33.7027 25.4269 17.2158 19.7292 34.1258 185.613 80.3477 46.4156 32.1091 29.016 18.2797 14.4798 13.8761
internal_count=6029 4267 1574 2693 1852 1107 1762 296 101 811 522 841 469 289 765 520 245 177 321 268 166 1687 372 102 242 148 115 79 75 203 1445 589 312 210 176 104 68 76
cat_boundaries=0 1 2 3 4 5 6 7 8 9 10 11 12 13 14
cat_threshold=1 2 2 1 2 1 2 1 2 2 1 2 1 1
is_linear=0
shrinkage=0.045618


Tree=30
num_leaves=49
num_cat=16
split_feature=1 9 9 9 5 5 1 1 0 0 6 6 6 6 7 6 6 7 4 7 7 8 7 8 7 7 6 1 7 7 8 1 7 7 7 8 7 8 1 8 8 8 7 8 0 7 1 7
split_gain=413.037 86.5383 65.9953 69.0508 42.9591 48.2541 33.0404 29.5535 23.1593 19.6259 19.1669 24.8356 17.4636 17.6666 17.4271 14.5759 13.8482 12.7642 11.5345 11.2447 10.3884 9.54169 10.708 9.39724 6.98005 7.00592 6.63367 5.82465 5.69878 5.29913 4.99957 4.93227 3.9664 5.88163 3.89305 3.63131 3.34799 6.37573 6.20902 2.97874 4.15678 2.8735 2.16784 2.1568 1.58404 1.36875 0.767597 3.43581
threshold=49.019619844933381 0 1 2 3 4 62.308203747990234 40.354780611470026 5 6 7 8 9 10 104.42223390983594 11 12 77.354349526898872 13 190.43970067485364 96.740000000000023 34.407419943498837 106.66500000000002 31.378673569071683 86.594998706288649 70.930000000000021 14 46.046992983424225 195.67609651229165 116.04749374590928 28.099371818790381 52.988668370940871 111.92911813471636 198.32500000000002 82.435000000000016 32.236138425440508 73.409226198819439 27.849517868045961 20.500000000000004 28.100161250534335 35.303956406203618 38.714313052279032 65.10419262931255 29.366208216887127 15 93.25534506633845 37.500000000000007 84.585000000000022
decision_type=2 9 9 9 9 9 2 2 9 9 9 9 9 9 2 9 9 2 9 2 2 2 2 2 2 2 9 2 2 2 2 2 2 2 2 2 2 2 2 2 2 2 2 2 9 2 2 2
left_child=7 4 14 15 6 29 21 36 -9 17 39 18 30 -14 24 19 20 35 27 34 -17 31 -23 32 25 -3 -27 -12 -19 44 -11 -2 -16 -34 -4 -8 37 -1 -39 -10 -41 -24 -40 -26 -6 -33 -38 -48
right_child=1 2 3 -5 5 -7 9 8 10 12 11 -13 13 -15 23 16 -18 28 -20 -21 -22 22 41 -25 43 26 -28 -29 -30 -31 -32 45 33 -35 -36 -37 46 38 42 40 -42 -43 -44 -45 -46 -47 47 -49
leaf_value=-0.050956619246998597 -0.015152385147073899 -0.038746140020142789 -0.017982644440526035 0.051928921383275116 -0.057643266255818129 0.047802258872420338 0.0010896381245117251 -0.05224049859846313 -0.055795893729842075 -0.033600184968140247 -0.055291627989783758 0.062855865691817711 0.011754915339500183 0.058396496435768663 0.051751235467277258 -0.037953781172840449 0.055660955059872723 -0.03371558243191615 0.034899896990713934 0.017489996693509539 0.018247050710216785 -0.043537906395981756 0.027923548669772376 -0.020607345997093296 -0.022869960479527596 -0.020555355334892649 0.026789679264549792 -0.0057573024621798297 -0.0016355021920984121 0 0.006628465196219983 -0.038622442399930353 -0.0068340683634528845 0.036409150690883303 -0.058480061683235357 0.036664417777156254 -0.052918348768610061 0.025019201463460053 -0.012656427913629153 0.0039698108213322668 -0.044264806688432003 -0.0075585697233588279 -0.05184253934522387 -0.059672188053923152 -0.026410293693305373 -0.059832907252622726 -0.0070626368222220905 -0.053345440747662072
leaf_weight=24.332134462893009 13.708984762430189 9.4205944687128049 10.033203974366193 426.78281852602959 6.3468680083751678 83.557524755597115 13.069219321012499 25.916327342391014 9.0324190407991427 10.14500252902508 8.6500746905803698 15.167495876550673 35.118376359343529 33.361792802810669 12.626622363924978 9.4124025851488096 14.19728437066078 31.350673645734787 8.6279776170849818 10.078434243798254 23.381158336997032 10.174089699983599 11.622491642832758 8.9273210018873197 7.5764269977807981 10.259982019662857 14.530837923288345 12.017568096518515 18.85014483332634 12.701221898198126 16.335834339261055 19.660716816782951 10.187757864594461 16.81576569378376 11.431430250406263 11.419176802039145 117.71504621952772 5.4344890192151096 6.9508499503135663 6.8502442911267263 7.3207574114203453 7.4296564310789099 6.0073754116892815 7.9397663325071335 11.351338058710104 15.507504299283026 5.3047981858253506 11.124836489558218
leaf_count=196 61 45 44 1932 38 361 49 163 59 39 57 48 127 115 40 44 52 141 36 35 85 54 40 40 33 44 58 55 69 51 53 96 44 56 56 40 985 25 42 37 46 34 46 44 56 81 31 84
internal_value=0.0131596 0.0271225 0.0375077 0.0443714 0.00849203 0.0304935 -0.00241031 -0.0366366 -0.015756 0.00876894 -0.00156959 0.0158613 0.0225261 0.0346797 0.0013068 0.00198082 0.0183739 -0.00865324 -0.00853799 -0.0215794 0.0017854 -0.027038 -0.00609848 0.0208906 -0.0174371 -0.00562378 0.00693743 -0.0271428 -0.0218517 -0.0169854 -0.00869562 -0.0393504 0.030456 0.0199399 -0.0402034 0.0181055 -0.047617 -0.0356075 -0.0146131 -0.0350772 -0.0208026 0.0138326 -0.031845 -0.0426555 -0.0385154 -0.0484576 -0.0513326 -0.0390602
internal_weight=1235.76 965.312 603.602 505.317 361.711 113.957 247.754 270.452 93.5829 169.65 67.6665 44.4631 94.961 68.4802 98.2851 78.5339 46.9908 74.6892 29.2956 31.5431 32.7936 78.1034 29.2262 48.5575 49.7276 34.2114 24.7908 20.6676 50.2008 30.3994 26.4808 48.8772 39.6301 27.0035 21.4646 24.4884 176.87 42.7248 18.3927 23.2034 14.171 19.0521 12.9582 15.5162 17.6982 35.1682 134.145 16.4296
internal_count=6067 4157 2652 2248 1505 506 999 1910 501 633 338 196 334 242 404 316 181 299 148 135 129 366 128 180 224 147 102 112 210 145 92 238 140 100 100 89 1409 309 113 142 83 74 88 77 94 177 1100 115
cat_boundaries=0 1 2 3 4 5 6 7 8 9 10 11 12 13 14 15 16
cat_threshold=6 1 8 12 1 2 1 1 2 2 1 2 1 2 2 2
is_linear=0
shrinkage=0.045618


Tree=31
num_leaves=46
num_cat=19
split_feature=1 9 9 9 5 5 1 1 0 0 0 5 6 6 6 3 6 7 6 7 7 8 7 9 9 6 8 1 7 7 1 8 6 8 8 8 7 8 1 0 7 8 1 7 7
split_gain=387.737 82.4831 63.7874 66.9462 40.7222 45.7594 30.568 28.4919 24.3622 18.1285 17.2566 16.4632 16.2895 17.2098 13.4747 14.4496 13.2372 11.7309 11.0881 10.0303 9.57866 8.89541 9.95949 8.59749 10.1667 8.30731 12.2616 6.73227 5.29643 4.97696 4.70662 4.57841 3.59455 3.3467 2.76635 2.63772 2.58052 4.25277 7.43276 1.57062 1.35744 0.868688 0.656606 0.277554 0.260676
threshold=49.019619844933381 0 1 2 3 4 62.308203747990234 38.006575028449809 5 6 7 8 9 10 11 0.013753533766385053 12 77.354349526898872 13 106.12444971876043 96.740000000000023 34.407419943498837 106.66500000000002 14 15 16 30.901172533339984 44.071135056329894 195.67609651229165 116.04749374590928 52.988668370940871 28.099371818790381 17 32.236138425440508 28.768606121936699 38.714313052279032 73.409226198819439 27.849517868045961 20.500000000000004 18 93.25534506633845 34.302398866847476 60.970532941090745 65.10419262931255 82.190000000000012
decision_type=2 9 9 9 9 9 2 2 9 9 9 9 9 9 9 2 9 2 9 2 2 2 2 9 9 9 2 2 2 2 2 2 9 2 2 2 2 2 2 9 2 2 2 2 2
left_child=7 4 11 14 6 29 21 36 -9 17 23 19 31 -14 15 42 20 33 34 44 -16 30 -23 41 27 26 -20 -25 -19 39 -2 -11 -26 -8 -13 -24 37 -1 -39 -6 -32 -10 -4 -40 -3
right_child=1 2 3 -5 5 -7 9 8 10 12 -12 18 13 -15 16 -17 -18 28 25 -21 -22 22 35 24 32 -27 -28 -29 -30 -31 40 -33 -34 -35 -36 -37 -38 38 43 -41 -42 -43 -44 -45 -46
leaf_value=-0.050060065652456485 -0.014539518459431688 -0.043216185998558261 -0.033339726333453786 0.051514400289894041 -0.056815542097896604 0.047290861197918664 0.0010407364128096096 -0.052044660157353831 -0.054578415549343187 -0.032191232939817176 0.057822946329546848 0.00056148883534423916 0.01123711055611154 0.057677648335051949 -0.036810834147756821 0.023303595746307817 0.055043523459864872 -0.032568912335457542 0.02593613328719669 0.0019962447328966846 0.017448955380387852 -0.042496949018203382 0.02677888219510827 -0.053600136910553424 0.0033064553237722363 0.053997351284559424 -0.042835803086847764 -0.0033330043479716676 -0.0015619533216176577 0 -0.037427061308735819 0.0063311950655115107 0.039923204570074429 0.035276730527196598 -0.034256172908202126 -0.0072311489024168502 -0.051913073547513296 0.023828089918326627 -0.028172328480920779 -0.025457293300040595 -0.058685900074999207 -0.028839411639811137 -0.054357361277292612 -0.050922111087377618 -0.063567065203437828
leaf_weight=22.052748844027519 13.645646020770071 9.601736664772039 12.893941253423696 411.03686952590942 6.1531871259212494 80.782774075865746 13.069168731570246 30.182487346231937 12.127936504781252 10.116037160158159 8.2301425933837873 9.8373035490512866 35.071762919425964 32.26473993062973 9.2718929648399335 10.101286381483076 13.715162754058836 30.989976555109024 29.589759290218353 10.929821237921713 23.345841154456139 9.9581030011177081 11.576684892177584 9.0133361816406268 9.3739541694521904 15.190033853054045 6.332355558872222 14.703047208487986 18.847523435950279 12.701221898198126 19.376647666096687 16.332795813679695 15.346867948770523 11.337329015135763 8.3765666335821134 7.4216914623975745 119.16187346726656 5.4560436457395545 5.4873209595680219 11.249500095844274 15.102916330099104 6.3470793142914763 8.2173572182655317 5.0198393166065216 7.5560867339372626
leaf_count=186 61 44 60 1932 38 361 49 200 85 39 28 40 127 115 44 35 52 141 103 41 85 54 40 67 44 60 33 72 69 51 96 53 59 40 43 34 1028 25 36 56 81 40 40 40 40
internal_value=0.0129274 0.0265938 0.0369232 0.0438539 0.00829218 0.0300352 -0.00232785 -0.0360724 -0.0175686 0.00846128 -0.00352901 0.00124092 0.0217904 0.0336943 0.0019078 -0.0208408 0.017802 -0.00830653 0.0130213 -0.0233908 0.00169528 -0.0261871 -0.00588827 -0.0113288 0.0017457 0.0258028 0.013458 -0.0162263 -0.0210244 -0.0163646 -0.0381913 -0.00830891 0.0188693 0.0173664 -0.0153246 0.0132355 -0.0483914 -0.0369599 -0.0180529 -0.0374558 -0.047224 -0.0302933 -0.0422776 -0.0404244 -0.0532118
internal_weight=1204.5 941.994 585.996 488.582 355.998 110.887 245.111 262.503 105.325 168.029 75.1424 97.4137 93.7853 67.3365 77.5455 31.2126 46.3329 74.244 69.326 28.0876 32.6177 77.0817 28.9565 66.9122 48.4372 51.1121 35.9221 23.7164 49.8375 30.1039 48.1252 26.4488 24.7208 24.4065 18.2139 18.9984 157.178 38.016 15.9632 17.4027 34.4796 18.475 21.1113 10.5072 17.1578
internal_count=6067 4157 2652 2248 1505 506 999 1910 595 633 395 404 334 242 316 135 181 299 279 125 129 366 128 367 242 196 136 139 210 145 238 92 103 89 83 74 1315 287 101 94 177 125 100 76 84
cat_boundaries=0 1 2 3 4 5 6 7 8 9 10 11 12 13 14 15 16 17 18 19
cat_threshold=6 1 8 12 1 2 1 1 9 2 1 2 1 1 9 4 2 2 2
is_linear=0
shrinkage=0.045618


Tree=32
num_leaves=42
num_cat=16
split_feature=1 9 9 9 1 3 6 6 0 0 7 7 0 0 4 7 8 7 7 7 7 8 8 1 7 9 0 1 6 0 1 7 6 1 8 8 1 7 7 6 1
split_gain=357.189 85.5071 73.9241 104.598 28.4605 23.2472 21.7888 23.6069 21.1046 34.8897 19.7193 15.9406 14.2943 12.549 12.4161 18.2936 11.9802 10.5043 10.2391 9.77737 9.71916 8.17145 12.2619 10.4664 7.73669 17.0419 9.80863 7.66 7.15245 6.09474 5.43358 4.53221 4.40239 3.15876 2.36976 2.2619 1.78813 1.22736 0.560702 0.473406 0.43076
threshold=45.016887313445757 0 1 2 67.001504294392788 0.003533934839724973 3 4 5 6 110.70313925695716 75.830582757557877 7 8 9 220.90587831465999 25.502828488681718 92.265000000000015 91.660512747630278 72.985274123657533 197.55360694077675 28.699296493860874 28.00073044985545 57.993845923012096 82.620814347780225 10 11 62.952629132408553 12 13 65.979452174386651 170.7354375090267 14 74.002569813792789 45.387584444699861 27.849517868045961 51.747906192857698 77.002885607562334 68.345000000000013 15 2.2428174031133308
decision_type=2 9 9 9 2 2 9 9 9 9 2 2 9 9 9 2 2 2 2 2 2 2 2 2 2 9 9 2 9 9 2 2 9 2 2 2 2 2 2 9 2
left_child=24 4 11 5 8 21 14 18 10 16 37 38 31 17 15 19 36 -14 33 -6 27 22 -4 -23 25 40 -27 -12 -18 -20 -7 39 -28 -8 -26 -34 -10 -2 -3 -13 -1
right_child=1 2 3 -5 6 30 7 -9 9 -11 20 12 13 -15 -16 -17 28 -19 29 -21 -22 23 -24 -25 34 26 32 -29 -30 -31 -32 -33 35 -35 -36 -37 -38 -39 -40 -41 -42
leaf_value=-0.031692028210105166 -0.037062403194333932 -0.06227251199523607 -0.020697567335364566 0.051385347730806795 0.0085616797964924492 0.052614115435071766 0.0063407876174014707 0.054134201019776854 -0.023226499266169445 0.056170879123563486 -0.0065991062992872612 -0.047893088511924371 0.037175990067730279 0.052964264752564945 0.03752391120254945 0.033235460854932446 -0.018364343137222395 -0.015292569220072959 -0.035468554947670899 -0.038868589317204286 -0.039605882442309413 -0.0069088984302119252 0.035420235008310853 -0.061759483109650404 -0.051640662624998897 -0.050815235805630361 -0.017507253072486951 0.04839407606560156 0.010278420457002287 0.0070775073063770108 0.011495096834626765 0.00056615643543985632 0.0077813637332247044 0.034566717358694751 -0.015912110980380954 0.039847251076881071 -0.057644015058949165 -0.06029518582006211 -0.036300505716250958 -0.027379461761443485 -0.053321695113963702
leaf_weight=4.7436985000967971 10.269924744963648 6.9504704475402814 26.852864176034927 412.05968633294106 12.21269743144512 13.139738082885744 11.769864708185194 49.269269302487373 6.730146810412406 21.910926535725594 13.126356750726705 8.6314510256052017 11.709043949842451 14.12442274391651 13.23401866853237 14.323299899697302 28.308172926306725 23.469760209321976 9.8233623057603836 31.962706595659256 9.7366726696491224 14.158987656235697 11.321076206862925 15.374801680445669 112.93486298620701 5.7284800633788109 6.5104150995612144 8.3749459385871869 49.6257114559412 22.595180332660675 14.679148703813551 8.9693619161844236 9.4865514338016599 34.096647128462791 4.7738242223858824 10.116015769541262 8.8647686094045621 21.539948023855686 6.5004791170358658 7.9223359376192137 49.323984883725643
leaf_count=42 53 36 115 1997 45 46 51 214 34 86 57 49 43 60 53 51 148 92 42 135 40 74 42 82 982 47 48 26 226 84 59 34 51 127 33 38 51 123 33 37 414
internal_value=0.0123594 0.0238552 0.0344109 0.0412491 0.00610734 -0.00315545 0.0181185 0.0294177 -0.0069325 0.00461837 -0.0281246 -0.00504496 0.00257248 0.0169741 -0.00191456 -0.0110474 -0.00749304 0.00211427 0.0136773 -0.0256374 -0.00211382 -0.0179612 -0.00378745 -0.0359124 -0.0425468 -0.0317851 0.00145425 0.0148 -6.7528e-05 -0.00577167 0.0313935 -0.0249144 0.0140307 0.0275223 -0.0502762 0.0248963 -0.0437021 -0.0532877 -0.0509443 -0.0389236 -0.0436334
internal_weight=1177.26 973.638 595.864 507.586 377.775 95.5266 199.287 127.554 178.488 115.44 63.0478 88.2773 74.8264 49.3032 71.7327 58.4987 93.5288 35.1788 78.2851 44.1754 31.238 67.7077 38.1739 29.5338 203.618 85.9091 31.8415 21.5013 77.9339 32.4185 27.8189 25.5231 26.113 45.8665 117.709 19.6026 15.5949 31.8099 13.4509 16.5538 54.0677
internal_count=6100 4445 2799 2415 1646 418 802 518 844 545 299 384 315 195 284 231 459 135 304 180 123 313 157 156 1655 640 184 83 374 126 105 120 137 178 1015 89 85 176 69 86 456
cat_boundaries=0 1 2 3 4 5 6 7 8 9 10 11 12 13 14 15 16
cat_threshold=6 8 1 2 1 2 1 1 2 2 5 2 1 1 1 2
is_linear=0
shrinkage=0.045618


Tree=33
num_leaves=43
num_cat=13
split_feature=9 9 9 3 2 2 6 6 7 3 4 6 6 7 6 6 8 4 2 6 7 7 7 7 2 8 7 7 4 7 7 7 7 8 7 7 8 7 8 8 8 8
split_gain=184.008 175.262 152.585 69.5525 67.5905 36.9323 18.6132 39.2861 18.1309 16.5358 15.6947 14.626 39.163 24.0351 13.3228 55.4037 10.3179 10.1778 10.1486 10.009 8.91509 7.94112 5.89766 5.38305 5.09985 3.87613 3.14828 5.36105 3.34191 2.62222 3.00424 2.5687 2.14815 2.72003 1.69245 1.52156 1.30166 0.382271 0.181071 0.152361 0.11688 0.372038
threshold=0 1 2 0.003533934839724973 1.0000000180025095e-35 0.99977195935954721 3 4 86.594998706288649 0.99894807841205846 5 6 7 78.357676367935383 8 9 27.300213500713753 10 0.010368613865304912 11 208.09640910423931 65.89500000000001 64.032766927493711 197.05454352462212 0.99977195935954721 33.102154451154767 80.05016964398267 108.09000000000002 12 96.99493988790671 104.69830262048932 223.59660307484179 75.830582757557877 31.69330971272613 211.76650054348659 82.435000000000016 31.407649419025329 188.29033247867838 33.102154451154767 30.727979277395278 27.082049600064039 28.188391085245808
decision_type=9 9 9 2 2 2 9 9 2 2 9 9 9 2 9 9 2 9 2 9 2 2 2 2 2 2 2 2 9 2 2 2 2 2 2 2 2 2 2 2 2 2
left_child=3 4 6 10 11 -6 8 18 -3 -5 40 26 13 22 29 32 -10 19 21 -7 -11 -8 -13 -15 -20 -21 38 28 -28 35 -31 -18 39 -34 -32 36 -12 -29 -2 -16 -1 -42
right_child=1 2 -4 9 5 17 7 -9 16 20 14 12 -14 23 15 -17 31 -19 24 25 -22 -23 -24 -25 -26 -27 27 37 -30 30 34 -33 33 -35 -36 -37 -38 -39 -40 -41 41 -43
leaf_value=-0.051997866542132794 -0.057475275680603823 -0.055691889766879263 0.051674419372468278 0.053282490610813506 0.052965343883444614 -0.046422538315542591 0.026126882982219907 0.054441693533316717 -0.041916136973220712 -0.020409052663444081 -0.02893413642192106 -0.028666197414577425 0.056894363301857279 -0.045204050990082019 -0.056098854226410977 0.055801625188073835 0.00016893693366599875 0.039297125556653011 0.049835874390906199 0.012707168163757594 0.03146086374150061 -0.024714326324827469 0.015250131789467308 -0.0064118873461337213 -0.0014042369513823749 -0.026237163681498265 -0.049451286645101886 -0.055366916224005837 -0.011883617324019012 -0.0041999483128305178 -0.04236408891062237 0.027612487526756123 -0.019035802652880258 -0.042795458552474464 -0.01568435143619145 -0.05902893747722749 -0.054853888964733477 -0.037111667347587987 -0.036062064204527448 -0.03398538742788533 -0.027792148120390183 -0.047502499680594799
leaf_weight=50.153077870607376 16.540899075567726 19.562151722609997 411.61805459856987 25.114522710442543 47.108036726713181 12.846620813012123 7.1784028336405745 30.931707099080086 11.443591974675654 15.599152557551863 16.699505671858791 7.7647301554679862 14.634411975741385 53.680145375430584 7.8844944015145284 19.701673686504364 30.557752072811127 9.078032508492468 7.8280621916055662 19.652093246579174 11.983653947710989 44.025491677224636 30.370535865426064 9.1738426536321622 7.6437962651252747 7.0156958699226371 6.1687434837222099 13.950374498963358 26.56627631187439 9.1816597357392293 20.255257323384289 9.2213914692401868 33.872487463057041 15.788382746279238 8.1267020478844625 14.061155483126639 7.2155693024396887 9.3360868096351606 4.3720009624958029 4.3885122910141945 6.0136618018150356 13.661857835948465
leaf_count=483 117 108 2039 108 220 61 31 132 63 58 87 42 59 350 53 72 136 31 39 77 39 236 136 39 27 31 59 103 156 47 113 33 183 96 32 91 48 47 31 30 45 112
internal_value=0.0121245 0.0223575 0.0367065 -0.0197068 -0.00676152 0.0242719 -0.000708895 0.012116 -0.0185645 0.0266597 -0.0313802 -0.022578 -0.0122062 -0.0223806 -0.0232555 -0.0103314 -0.00409095 -0.00352751 -0.00753768 -0.0136822 0.00197064 -0.0173861 0.00603524 -0.0396822 0.0244497 0.00210199 -0.0380074 -0.0318539 -0.0194282 -0.0370713 -0.0277927 0.00680079 -0.0315893 -0.0268662 -0.035118 -0.045878 -0.0374312 -0.048719 -0.0537056 -0.0494109 -0.0494516 -0.0421566
internal_weight=1147.97 868.269 580.01 279.701 288.259 95.7005 168.392 97.6075 70.7849 52.6973 227.004 192.558 115.624 100.989 157.175 81.6356 51.2227 48.5924 66.6758 39.5144 27.5828 51.2039 38.1353 62.854 15.4719 26.6678 76.9344 56.0215 32.735 75.5398 37.5636 39.7791 61.9339 49.6609 28.382 37.9762 23.9151 23.2865 20.9129 12.273 69.8286 19.6755
internal_count=6100 4403 2844 1697 1559 420 805 465 340 205 1492 1139 626 567 852 434 232 200 333 169 97 267 178 389 66 108 513 365 215 418 192 169 362 279 145 226 135 150 148 83 640 157
cat_boundaries=0 1 2 3 4 5 6 7 8 9 10 11 12 13
cat_threshold=9 4 2 2 1 1 1 2 2 1 2 2 1
is_linear=0
shrinkage=0.045618


Tree=34
num_leaves=38
num_cat=12
split_feature=1 9 9 9 5 5 5 6 1 6 8 7 6 6 7 1 1 7 7 2 4 4 8 8 8 1 7 7 8 1 1 7 7 1 7 7 1
split_gain=312.539 81.2749 65.7836 68.2324 40.369 47.3752 20.7133 18.5084 17.442 15.4175 19.0263 13.8758 13.7319 43.2285 11.3625 6.29158 6.18748 6.1422 7.61826 5.39488 4.92104 11.7336 6.83607 4.54218 6.05855 4.28529 6.9344 9.3194 5.90096 4.24474 5.69692 5.68815 2.40801 0.966122 2.81711 0.744906 0.32626
threshold=46.046992983424225 0 1 2 3 4 5 6 62.308203747990234 7 31.759261604588072 75.830582757557877 8 9 101.14000000000001 78.96224711734142 77.999570706233882 220.90587831465999 77.927445305353913 0.07516789977446571 10 11 33.102154451154767 27.65434217155974 31.102906064822296 47.663582317456481 106.66500000000002 112.22794845350542 30.402398677635684 61.998047812628364 53.004253282543161 143.36701218771179 160.13507499983595 44.071135056329894 93.25534506633845 99.338803373238463 1.5200000000000002
decision_type=2 9 9 9 9 9 9 9 2 9 2 2 9 9 2 2 2 2 2 2 9 9 2 2 2 2 2 2 2 2 2 2 2 2 2 2 2
left_child=6 4 7 11 8 23 19 16 25 10 14 -4 17 15 -9 -14 32 18 -10 33 22 -22 -8 -6 -25 -2 28 -28 -27 30 -13 -31 -3 36 -35 -26 -1
right_child=1 2 3 -5 5 -7 20 9 12 -11 -12 29 13 -15 -16 -17 -18 -19 -20 -21 21 -23 -24 24 35 26 27 -29 -30 31 -32 -33 -34 34 -36 -37 -38
leaf_value=-0.032775379821699702 0.011142717983494865 -0.053240450045903089 -0.046086378566331514 0.050463797843121404 -0.049356334264917479 0.046363103244662814 -0.052630995456416106 -0.014248842795272526 0.0066835336964176572 0.053742820430583767 -0.0583267829067965 -0.0053473853892897711 -0.017992242014599039 0.056025200134144089 0.034804539407492723 0.012854831923279337 0.0032338701573920974 0.019747510024368666 -0.029256348520957084 -0.015037193255165456 -0.016186831499626398 0.055894623082161365 0.017478348634578891 0.012021310426359186 -0.019313178826401805 -0.021117210357095788 0.029347034679766064 -0.021523202811297763 -0.054593950406545466 -0.029490837530881473 0.027711627825545648 0.014231657630168473 -0.018501098864646195 -0.053688338297732126 -0.0060137126095462391 -0.045843677892619415 -0.051693733361754604
leaf_weight=5.2255474850535384 7.933811590075492 15.916660934686666 10.652437165379522 356.89302319288254 8.8799401894211751 76.023087799549103 6.0998311638832092 17.003149136900902 17.687418460845947 13.900359526276587 9.3002502471208555 15.62612786144018 40.593193128705025 34.636570155620575 22.38685554265976 20.347575291991234 7.6521880924701682 10.58976364135742 37.645421877503395 10.554094001650808 9.7743578180670738 8.556578204035759 5.0143396854400635 11.771364890038969 6.1353027224540693 28.682980060577393 9.7466275840997678 29.475887522101402 19.091281816363335 11.443096578121187 32.854205697774887 12.826891437172888 6.8748417496681204 6.28311590105295 4.9137795493006706 5.8972914665937424 142.23597083240747
leaf_count=51 34 94 56 1875 53 368 44 72 66 57 56 75 174 135 78 71 28 33 159 47 52 29 23 49 33 139 39 135 111 54 131 52 29 42 31 31 1374
internal_value=0.0114071 0.0228609 0.0339736 0.0414909 0.0055209 0.0275657 -0.0403327 -0.00212729 -0.00449899 0.0117612 -0.000279376 0.00171111 0.00441667 0.0154777 0.0135099 -0.00758163 -0.0314613 -0.0115238 -0.0176741 -0.0451921 0.00205212 0.0173801 -0.0207167 -0.0166402 -0.0107722 -0.0201809 -0.0231295 -0.00863303 -0.0348092 0.00914477 0.0169512 -0.00620586 -0.0433031 -0.0499802 -0.0338194 -0.0334008 -0.0511142
internal_weight=1097.13 898.468 533.33 440.296 365.138 108.707 198.658 93.0343 256.431 62.5906 48.6903 83.4028 161.5 95.5773 39.39 60.9408 30.4437 65.9226 55.3328 169.213 29.4451 18.3309 11.1142 32.6839 23.804 94.9306 86.9968 39.2225 47.7743 72.7503 48.4803 24.27 22.7915 158.658 11.1969 12.0326 147.462
internal_count=5980 4287 2657 2243 1630 534 1693 414 1096 263 206 368 638 380 150 245 151 258 225 1545 148 81 67 166 113 458 424 174 250 312 206 106 123 1498 73 64 1425
cat_boundaries=0 1 2 3 4 5 6 7 8 9 10 11 12
cat_threshold=6 1 8 12 1 21 1 2 2 1 2 1
is_linear=0
shrinkage=0.045618


Tree=35
num_leaves=45
num_cat=14
split_feature=1 9 9 9 1 3 6 6 8 0 0 7 6 6 3 7 4 7 7 1 7 0 1 8 1 6 3 7 4 8 7 1 1 7 7 7 1 8 1 8 7 1 8 4
split_gain=294.098 79.9233 65.1744 69.826 27.3793 18.8612 18.1148 15.6487 17.7631 11.8433 36.9567 19.8711 11.4729 28.7143 11.103 10.351 8.93865 13.3318 9.48635 7.87804 7.38686 7.66703 6.94766 6.49154 6.04723 5.95701 5.59108 5.44866 4.54741 8.88824 4.10078 3.72678 3.3573 2.42617 2.14244 3.23507 4.90165 1.70309 1.63312 1.17167 1.74932 0.382572 0.366042 0.171109
threshold=45.016887313445757 0 1 2 67.001504294392788 0.013753533766385053 3 4 31.759261604588072 5 6 110.70313925695716 7 8 0.092181660511038557 198.32500000000002 9 220.90587831465999 77.927445305353913 61.998047812628364 91.660512747630278 10 38.006575028449809 25.502828488681718 77.999570706233882 11 0.99894807841205846 96.740000000000023 12 36.957642745222401 85.225000000000009 73.208146300600887 58.568983284623869 160.13507499983595 75.830582757557877 70.203510349377396 19.500000000000004 28.371883124426827 52.988668370940871 29.775796703539815 84.935000000000016 37.500000000000007 40.290080832434363 13
decision_type=2 9 9 9 2 2 9 9 2 9 9 2 9 9 2 2 9 2 2 2 2 9 2 2 2 9 2 2 9 2 2 2 2 2 2 2 2 2 2 2 2 2 2 9
left_child=22 4 6 5 9 19 24 8 14 11 23 39 16 20 -8 32 17 18 -6 27 31 -22 34 38 33 -25 -7 -4 29 -24 -30 -14 -13 -3 35 43 -37 -21 -11 40 -2 -36 -31 -1
right_child=1 2 3 -5 12 26 7 -9 -10 10 -12 15 13 -15 -16 -17 -18 -19 -20 37 21 -23 28 25 -26 -27 -28 -29 30 42 -32 -33 -34 -35 41 36 -38 -39 -40 -41 -42 -43 -44 -45
leaf_value=-0.051494804284700151 -0.022825281586872043 -0.052539946152881579 -0.022668434760570379 0.050205929392656903 0.011649079919053902 0.052380344339153354 -0.0050490297614078404 0.053398953102612598 -0.057480336720679051 -0.020746452725386961 0.055073347960083931 -0.0017615371223757004 -0.004411430608760457 0.053023809077187789 0.045346090900754296 -0.03751308157002619 0.035504614900888742 0.033350045796315245 -0.032746808572003121 -0.025898938922704839 -0.036069446724684061 0.0087697597103289227 -0.049123903020798811 -0.020696820554782537 0.0030898909164431285 0.005009422402146007 0.0082092296184344046 0.0099108699917654485 0.020972862098637562 0.0077189617464320515 -0.034829278383960161 0.028016340555388618 0.034378992356717347 -0.017792353022927289 -0.05162456163505915 0.0099653334049342093 -0.041346448846372008 -0.060530833817761781 -0.055155068026851738 -0.059057988615134047 -0.056815142587446868 -0.029972669897008392 -0.0083549730783856468 -0.035533578311243638
leaf_weight=17.252461150288582 8.9398854821920413 16.327536799013622 17.599255345761776 346.07815396785736 14.761966899037359 14.509304240345955 25.88958503305912 14.013667568564413 9.1553156822919828 6.407351687550543 20.940515279769897 8.5416133999824577 9.1733063310384733 47.51339091360569 13.637851580977438 9.2497550696134549 13.479219183325766 13.71802209317684 29.321978822350502 8.4099295139312726 12.702855587005615 20.059048399329185 24.421617232263088 33.741125509142876 7.653375342488288 41.159982867538929 10.810315489768982 26.254903540015221 6.9409253150224668 5.6753135845065099 4.2258654683828354 31.005354821681976 12.737399771809576 6.8321376144886008 91.158494904637337 6.4850963801145545 8.6365375593304616 6.2277799844741812 7.5720657184720039 16.233159802854061 6.329463079571723 4.2156041488051406 5.6706859171390533 7.877053119242194
leaf_count=165 45 100 92 1884 53 65 102 59 57 33 89 37 42 228 50 38 56 49 127 38 56 77 208 165 28 213 35 111 33 31 32 121 42 29 922 44 71 33 48 97 38 37 38 62
internal_value=0.0112148 0.0220727 0.0332377 0.0408879 0.00492404 0.00107107 -0.00243571 0.0113063 -0.000863624 -0.00813368 0.000820049 -0.024034 0.0169127 0.02549 0.0123321 0.00202742 0.00229827 -0.00544032 -0.017755 -0.0129633 0.0073663 -0.008548 -0.0414693 -0.0119939 -0.0312683 -0.00651352 0.0339931 -0.00306864 -0.0258439 -0.033737 0 0.020474 0.0197085 -0.0428137 -0.0467813 -0.0368809 -0.019102 -0.0417149 -0.0403756 -0.0493297 -0.0379096 -0.0508022 0 -0.0470809
internal_weight=1069.55 886.987 523.399 429.89 363.587 83.8115 93.5095 62.6964 48.6828 171.852 109.821 62.0313 191.735 120.454 39.5274 30.5288 71.2812 57.802 44.0839 58.4919 72.9406 32.7619 182.56 88.8805 30.813 74.9011 25.3196 43.8542 46.9344 35.7676 11.1668 40.1787 21.279 23.1597 135.625 40.2511 15.1216 14.6377 13.9794 31.5025 15.2693 95.3741 11.346 25.1295
internal_count=5980 4337 2683 2258 1654 374 425 268 209 845 548 297 809 524 152 117 285 229 180 274 296 133 1643 459 157 378 100 203 342 277 65 163 79 129 1301 342 115 71 81 180 83 959 69 227
cat_boundaries=0 1 2 3 4 5 6 7 8 9 10 11 12 13 14
cat_threshold=6 1 8 1 2 2 1 2 1 2 1 2 2 1
is_linear=0
shrinkage=0.045618


Tree=36
num_leaves=36
num_cat=12
split_feature=4 5 5 9 9 9 7 2 4 2 3 2 2 7 0 0 8 0 0 7 7 7 7 7 7 7 7 7 8 8 0 7 7 8 7
split_gain=158.092 103.691 100.934 93.537 45.5692 88.5004 23.4816 19.5576 16.1055 14.7444 14.3461 11.3187 27.3206 10.5119 9.48449 25.0917 7.96007 9.38548 6.32882 5.48811 6.66979 5.95657 4.246 3.6883 13.2161 3.63494 9.12714 2.87928 2.87615 5.67255 4.19875 4.25711 3.83851 1.49063 0.0256209
threshold=0 1 2 3 4 5 106.12444971876043 0.11609826858020895 6 0.010368613865304912 0.068577036387425919 0.019727718657930663 0.99977195935954721 103.28922227186466 7 8 32.003418625309287 9 10 80.271774417438408 76.122101941894172 165.09419819643026 84.935000000000016 96.740000000000023 105.21399713811572 133.50002061229176 72.985274123657533 67.910000000000011 23.903372770532382 28.188391085245808 11 93.732323151157928 80.580000000000013 28.188391085245808 107.60000000000001
decision_type=9 9 9 9 9 9 2 2 9 2 2 2 2 2 9 9 2 9 9 2 2 2 2 2 2 2 2 2 2 2 9 2 2 2 2
left_child=7 3 8 11 10 6 9 28 13 -6 23 14 -13 27 19 22 17 -15 -8 20 -2 -21 -16 33 -25 26 -14 -3 -1 30 34 32 -32 -5 -30
right_child=1 2 -4 4 5 -7 18 -9 -10 -11 -12 12 25 16 15 -17 -18 -19 -20 21 -22 -23 -24 24 -26 -27 -28 -29 29 -31 31 -33 -34 -35 -36
leaf_value=-0.050546222832660602 -0.030181075539067195 -0.019208763113933349 0.049681608423415159 -0.022751751978655945 -0.036938569427407177 0.049723816510489786 -0.010871540501379184 0.012102073749673391 0.052988768535074282 0.018972487104286836 0.023587678958001863 0.052872607858110661 0.0045773044273138917 0.038135627575066902 -0.038174710704506613 0.058904473058485472 -0.041099322228965472 -0.027715978652025547 0.024380560592528053 -0.0494540074123389 0.0122731307360041 -0.017660473228252122 -0.012458457686269579 0.024640371665218583 -0.035971489393410154 -0.003077959731501983 -0.056349238474852945 -0.052033048401869092 -0.050225412623379206 -0.048378276872197312 -0.019363127817805241 -0.040245873912577876 0.026937261081571975 -0.049096142378022081 -0.028586861989883781
leaf_weight=51.028681218624115 24.897290647029877 8.9521228894591349 282.077273696661 9.5044970884919184 42.773566834628582 166.38192181289196 13.161306858062744 15.495683223009108 5.9815394878387442 12.410413205623625 16.710212573409081 15.130084335803984 8.224944934248926 11.606175936758518 19.512788318097591 9.2967941612005216 7.8454117849469176 6.9860703051090285 48.156791776418686 43.793571807444096 10.718471854925154 18.436952717602253 46.541624188423157 11.46617376804352 20.355896599590778 16.847248554229736 12.473731532692907 21.110187813639641 6.4583325386047363 31.735080145299435 6.6328535079956072 5.7318987175822249 7.822872020304203 13.059566698968409 3.0063824579119682
leaf_count=550 143 50 1571 60 231 881 65 59 22 50 60 64 35 53 117 30 45 35 182 309 52 83 239 53 109 63 64 154 64 268 49 53 39 90 27
internal_value=0.0119883 0.0185711 0.0379726 0.00625941 0.0206883 0.0288864 -0.00243255 -0.0354886 -0.014356 -0.0242272 -0.0113852 -0.0162433 0.00144085 -0.0243004 -0.0225896 -0.0102604 -0.00300299 0.0130259 0.0167011 -0.0319774 -0.0172334 -0.0402275 -0.0202483 -0.0243806 -0.0139181 -0.0193021 -0.0320418 -0.0426699 -0.0421146 -0.0348529 -0.019925 -0.0076167 0.00529473 -0.038592 -0.0447826
internal_weight=1052.32 924.413 344.559 579.854 353.98 282.884 116.502 127.912 62.4815 55.184 71.0963 225.874 52.676 56.5 173.197 75.3512 26.4377 18.5922 61.3181 97.8463 35.6158 62.2305 66.0544 54.3861 31.8221 37.5459 20.6987 30.0623 112.416 61.3874 29.6523 20.1876 14.4557 22.5641 9.46471
internal_count=6019 4910 1930 2980 1781 1409 528 1109 359 281 372 1199 226 337 973 386 133 88 247 587 195 392 356 312 162 162 99 204 1050 500 232 141 88 150 91
cat_boundaries=0 1 2 3 4 5 6 7 8 9 10 11 12
cat_threshold=1 12 1 5 8 2 2 1 2 1 1 2
is_linear=0
shrinkage=0.045618


Tree=37
num_leaves=41
num_cat=17
split_feature=1 9 9 9 2 2 6 1 7 0 0 6 3 2 1 3 4 1 3 6 6 1 6 6 6 0 7 1 7 1 6 4 4 1 7 7 1 1 7 1
split_gain=261.676 78.819 48.0055 71.0328 41.2299 35.6435 15.9008 15.6219 15.6147 14.3572 34.7931 13.9183 15.4491 13.7355 12.6929 12.2136 9.62725 9.32307 9.04577 9.00881 11.2391 7.79806 7.45902 5.66293 9.54786 5.0017 3.54444 3.34205 2.23498 4.62657 4.45218 5.99999 16.1575 2.80879 1.90823 1.1802 1.02192 0.451676 0.256694 0.0878778
threshold=45.016887313445757 0 1 2 0.010368613865304912 0.99977195935954721 3 75.002921032621373 130.17600720105398 4 5 6 0.019523803864261117 1.0000000180025095e-35 55.528015017506171 0.013753533766385053 7 65.979452174386651 0.99894807841205846 8 9 61.998047812628364 10 11 12 13 173.24481123214153 77.999570706233882 83.670000000000016 44.071135056329894 14 15 16 33.216875894974983 98.902214139955689 106.12444971876043 79.001800853160489 58.994499616780779 94.335000000000022 58.994499616780779
decision_type=2 9 9 9 2 2 9 2 2 9 9 9 2 2 2 2 9 2 2 9 9 2 9 9 9 9 2 2 2 2 9 9 9 2 2 2 2 2 2 2
left_child=13 4 6 15 7 -6 27 8 9 37 -11 12 17 28 -10 21 19 -8 -17 26 -21 25 -16 34 36 -4 -7 35 30 -30 -1 -32 33 -33 -9 39 -25 -2 -23 -3
right_child=1 2 3 -5 5 16 11 23 14 10 -12 -13 -14 -15 22 18 -18 -19 -20 20 -22 38 -24 24 -26 -27 -28 -29 29 -31 31 32 -34 -35 -36 -37 -38 -39 -40 -41
leaf_value=-0.050570152432384829 -0.05677245640517236 -0.035283282730263807 -0.025559550919123871 0.049644370536831309 0.051702628470443129 -0.043629923339679751 -0.042336557687485322 -0.0179798346198572 -0.047844099015019043 -0.027123918185188885 0.056849816898889863 0.052697523359367789 0.043630171096863728 0.00258713303962262 -0.0099782665179036171 0.051654474988849661 0.037864004986745289 0.0062768881931466501 -0.0025555752183873287 -0.0058232176552845509 0.05238590454617631 -0.03056360991964532 0.02767565628061883 -0.0042000092263476717 0.052469277252789395 0.0079866240532200823 -0.006163715332142391 -0.00052126242310513305 -0.051024958201467893 -0.0035788652770010962 -0.05149614910712972 -0.038775536193803098 0.053261623863982852 0.004596340039823725 0.0067664542590452617 -0.022720107871085988 0.014558035079552469 -0.041227217359715261 -0.051197215271681071 -0.056335676346309344
leaf_weight=28.624721117317677 15.905389301478861 4.9005847498774582 13.445360451936724 334.48959346115589 58.841904535889626 12.224504038691522 14.513529546558855 11.246058762073519 7.73481760919094 60.368334636092186 12.123041167855261 14.269803658127783 12.653041779994963 14.498546108603476 16.519925862550735 13.000091850757599 13.483224824070929 18.031891144812107 11.989699885249138 25.242036610841751 9.1998673528432828 6.0376143530011159 30.661697953939438 11.474366024136545 14.465102002024649 28.144124493002888 9.9920146465301496 6.9718734472990027 83.836423583328724 4.8413445577025405 13.12348735332489 18.203789561986927 5.6782985925674465 3.385537661612033 14.320502266287802 8.2819512635469419 11.609639436006544 17.873861402273178 7.2370309382677078 6.2894326895475388
leaf_count=304 103 34 75 1962 314 56 84 45 43 333 42 64 50 62 68 62 46 63 40 99 41 33 123 46 72 121 38 26 902 32 115 176 21 20 56 42 42 90 36 38
internal_value=0.0117886 0.022143 0.0335296 0.0401743 0.00490404 0.0255816 0.000554527 -0.00675325 -0.0142999 -0.024501 -0.0128685 0.0137717 0.00115405 -0.0394648 0.00534595 -0.000555905 0.00348909 -0.0153467 0.0255972 -0.00469336 0.00977291 -0.0127358 0.0143745 0.0124042 0.0236542 -0.00278455 -0.0272776 -0.0285985 -0.0433689 -0.0485198 -0.0365306 -0.0262127 -0.0135102 -0.0317095 -0.00393561 -0.0382191 0.00501315 -0.0490425 -0.0429104 -0.0485
internal_weight=1025.73 853.542 500.256 414.344 353.286 128.984 85.9121 224.303 161.187 106.271 72.4914 59.4683 45.1985 172.192 54.9164 79.8539 70.1416 32.5454 24.9898 56.6584 34.4419 54.8641 47.1816 63.1157 37.5491 41.5895 22.2165 26.4438 157.694 88.6778 69.0158 40.3911 27.2676 21.5893 25.5666 19.472 23.084 33.7793 13.2746 11.19
internal_count=6019 4387 2730 2329 1657 594 401 1063 802 568 375 261 197 1632 234 367 280 147 102 234 140 265 191 261 160 196 94 140 1570 934 636 332 217 196 101 114 88 193 69 72
cat_boundaries=0 1 2 3 4 5 6 7 8 9 10 11 12 13 14 15 16 17
cat_threshold=6 1 8 1 2 1 2 2 2 1 1 2 1 1 1 2 1
is_linear=0
shrinkage=0.045618


Tree=38
num_leaves=40
num_cat=11
split_feature=1 5 5 0 0 1 1 2 2 3 3 1 0 0 2 7 7 1 7 6 6 4 0 7 7 7 7 1 7 6 7 7 7 1 7 1 7 1 7
split_gain=276.331 61.3769 51.5485 34.9837 62.2779 25.8307 22.3479 15.1795 19.4489 12.7319 21.1619 12.5884 11.7826 16.5266 14.607 9.12913 8.55221 15.009 8.45498 6.78544 12.1677 5.9622 8.60091 7.30541 10.3144 4.10956 9.0322 3.48582 2.85784 2.47786 2.36421 2.12827 1.40552 0.923987 0.820057 1.87944 0.651408 0.0659803 0.034024
threshold=49.019619844933381 0 1 2 3 39.115616086994201 55.000954631733443 1.0000000180025095e-35 0.99977195935954721 0.99894807841205846 0.013753533766385053 68.992685870561175 4 5 0.019727718657930663 91.660512747630278 88.815000000000012 69.836196364742463 198.32500000000002 6 7 8 9 103.28922227186466 73.213977957945033 95.885000000000005 73.671442354197879 54.992085452033173 112.70605020184304 10 95.408577850036082 68.345000000000013 152.09649891308138 74.937935396884527 72.985274123657533 7.5000000000000009 104.69830262048932 38.006575028449809 95.885000000000005
decision_type=2 9 9 9 9 2 2 2 2 2 2 2 9 9 2 2 2 2 2 9 9 9 9 2 2 2 2 2 2 9 2 2 2 2 2 2 2 2 2
left_child=5 3 21 7 6 34 28 16 -9 10 -8 -11 36 14 25 33 17 31 -17 27 -21 22 23 24 -3 26 -14 -18 30 -19 -5 -2 -27 -10 35 -1 -7 -36 -24
right_child=1 2 -4 4 -6 12 9 8 15 11 -12 -13 13 -15 -16 18 19 29 -20 20 -22 -23 38 -25 -26 32 -28 -29 -30 -31 -32 -33 -34 -35 37 -37 -38 -39 -40
leaf_value=-0.01172359377013041 -0.027147724024979739 0.023765501668262627 0.048840123120844514 -0.038467169014333981 0.051759634787681204 -0.049343331113891033 0.0094874491830968383 0.051356693234860702 0.031026866899076907 0.020083963373675667 0.05206470463980039 -0.045679927284342274 -0.054448421491664213 0.055365700852814781 0.033288129090789383 -0.052030469976645254 0.010855799024382636 -0.015472078539894931 0.0084839603183294067 -0.0017114948660827665 0.053538100834457474 0.026463923565792035 -0.028760188927189699 0.028048445981925779 -0.055755470741384081 -0.052319159584036094 0.0026158740463929644 -0.026032904063866734 -0.061665333321355077 0.012218908276140019 -0.00075908899599326995 -0.056763501720566573 -0.018354375450968383 0.0083404010840909919 -0.051024828226379243 -0.044626138704622585 -0.027016940790116965 -0.035365690114367195 -0.0439970020671379
leaf_weight=5.1200289055705097 9.1840010732412356 5.8928859978914279 250.15700739622116 8.8729409724473971 103.06983686983585 15.732893399894239 118.25686679780483 21.901770547032356 9.0359066948294657 10.389314956963064 30.606965348124504 13.723382622003554 7.9511953219771412 8.0242768377065641 10.625880837440489 10.383995257318022 6.4777583554387119 11.646774217486382 8.4136482626199705 40.150673575699329 10.174647912383078 9.8897638320922834 5.8602950796484938 12.715373173356054 7.2964858487248421 11.938317678868772 19.003785692155361 23.455850385129452 6.3914611786603919 15.304733663797379 6.1598037183284751 18.580917276442051 4.4208337888121596 8.210102051496504 92.043197095394135 23.662995494902134 6.2640023380517951 5.4322097077965728 9.6840569227933866
leaf_count=48 53 26 1520 54 587 125 490 122 34 37 165 54 57 32 43 52 33 48 34 183 48 42 36 57 48 100 116 119 33 61 28 118 27 31 1020 227 44 46 52
internal_value=0.0116408 0.0239877 0.039982 0.0130475 0.0231216 -0.0348166 0.00786548 -0.00178643 0.017664 0.013345 0.0183457 -0.0171606 -0.0150447 -0.00469601 -0.0139301 -0.00281971 -0.0101975 -0.0240697 -0.0248262 -0.000623658 0.00951493 -0.0040216 -0.0125093 0.0034086 -0.0199486 -0.0257641 -0.014284 -0.0178225 -0.0357806 0 -0.0236534 -0.0474735 -0.0438735 0.0208194 -0.0478676 -0.0391186 -0.0435888 -0.0502956 -0.0391183
internal_weight=1002.11 791.887 301.496 490.391 297.471 210.22 194.401 192.921 57.9454 172.977 148.864 24.1127 83.9612 61.9643 53.94 36.0437 134.975 54.7164 18.7976 80.2589 50.3253 51.3389 41.4491 25.9047 13.1894 43.3141 26.955 29.9336 21.4242 26.9515 15.0327 27.7649 16.3592 17.246 126.258 28.783 21.9969 97.4754 15.5444
internal_count=6050 4165 1781 2384 1448 1885 861 936 273 746 655 91 544 375 343 151 663 280 86 383 231 261 219 131 74 300 173 152 115 109 82 171 127 65 1341 275 169 1066 88
cat_boundaries=0 1 2 3 4 5 6 7 8 9 10 11
cat_threshold=12 1 1 2 2 1 1 2 2 1 2
is_linear=0
shrinkage=0.045618


Tree=39
num_leaves=42
num_cat=11
split_feature=1 9 9 9 1 2 2 1 6 6 1 5 0 0 2 7 7 2 0 0 7 8 7 8 7 7 8 8 8 8 1 1 8 0 8 8 7 1 7 1 1
split_gain=259.176 62.0434 45.5647 38.8127 25.0243 20.6021 26.0657 14.4154 14.3233 29.8965 13.9588 12.3219 11.117 15.5495 13.5401 8.33035 11.7197 7.59149 6.94153 11.6579 6.70417 16.5778 5.95765 5.82404 4.70878 3.97864 8.64803 3.9319 3.71722 3.67552 2.63304 2.45137 2.25155 4.82612 2.14257 1.87625 0.888434 1.8344 0.645313 0.53065 0.111766
threshold=49.019619844933381 0 1 2 39.115616086994201 1.0000000180025095e-35 0.99977195935954721 55.000954631733443 3 4 78.46313731894908 5 6 7 0.019727718657930663 208.09640910423931 74.123238576005846 0.010368613865304912 8 9 106.66500000000002 30.084110596067081 96.99493988790671 30.501750315661734 84.935000000000016 95.885000000000005 30.289483736550231 28.300657430286304 29.366208216887127 32.18685741012208 57.993845923012096 51.747906192857698 30.99585718815862 10 28.768606121936699 38.912106206703662 72.985274123657533 7.5000000000000009 104.69830262048932 62.952629132408553 38.006575028449809
decision_type=2 9 9 9 2 2 2 2 9 9 2 9 9 9 2 2 2 2 9 9 2 2 2 2 2 2 2 2 2 2 2 2 2 9 2 2 2 2 2 2 2
left_child=4 5 7 18 36 8 -7 31 10 15 24 17 38 14 25 16 -10 28 22 29 21 -13 -4 -22 -2 26 -14 -8 -9 -20 -24 -3 -29 -34 -26 -27 37 -1 -6 -17 -38
right_child=1 2 3 -5 12 6 27 11 9 -11 -12 20 13 -15 -16 39 -18 -19 19 -21 23 -23 30 -25 34 35 -28 32 -30 -31 -32 -33 33 -35 -36 -37 40 -39 -40 -41 -42
leaf_value=-0.011279779984836596 -0.05272794708020509 -0.011519610237993961 -0.044415724021925077 0.048799860061573629 -0.048647892348930973 0.051189738544687495 -0.01848519808998322 -0.012308600753812583 0.01277030587713193 0.053162600956649125 0.017431724503069995 0.025324941984194944 0.0041475661470176143 0.054721925001482721 0.0320638361277693 0.030279853595991727 -0.025238042338183764 0.017732125356617567 0.010849169422050661 0.051974761025098994 0.011784692246913201 -0.041450249890935688 0.021462966773140524 0.045795339687490041 -0.010296807422688617 -0.052220113464345512 -0.050383248438852342 0.025092397444925609 -0.052479343955859355 -0.02535427995788898 -0.014824556708767023 -0.053258095547781825 -0.021775326558898463 0.021890395513964399 -0.03388939016774261 -0.012524863959834862 -0.050748853779893216 -0.043948377156027875 -0.026267964601220838 0.012043883897423752 -0.034437605766120739
leaf_weight=5.0879242718219784 16.309963285923004 5.6167867854237539 7.7313788384199169 300.98105731606483 15.244239054620268 38.160182148218155 15.018833257257937 11.586190193891534 25.184422567486763 22.131140515208244 14.92002598941326 31.449724063277245 17.935455560684208 7.7570204883813849 10.538619682192801 9.3660540878772753 49.393151059746742 9.7939371019601804 28.404531836509705 14.428298756480215 16.745865970849991 9.9870265200734121 8.2924757599830645 31.589898690581322 17.493247978389263 12.002998791635035 8.7659754008054716 11.97701223194599 8.9159239232540113 7.0675828307867041 7.8066619634628287 7.6334501132369041 10.177031822502615 10.46190409362316 16.856882825493813 3.8771531432867041 88.407024994492531 22.951658688485622 6.1573263853788367 8.1465012878179532 5.332248628139495
leaf_count=48 103 28 50 1929 125 221 63 55 105 107 53 147 103 32 43 37 253 37 110 71 73 51 33 130 85 102 70 47 48 33 36 48 46 39 98 25 1020 227 44 29 46
internal_value=0.0114161 0.0234834 0.0325735 0.0410052 -0.0342799 0.00465947 0.0232084 0.00759996 -0.00391501 0.00579871 -0.0208921 0.0132061 -0.0146809 -0.00456994 -0.0135304 -0.0056132 -0.0123195 -0.0110325 0.00704537 0.0176976 0.0204191 0.00895046 -0.0120293 0.0342451 -0.0323276 -0.0250647 -0.0137815 0.000533147 -0.0304417 0.00335193 0.00352043 -0.036494 0.00954432 5.69791e-05 -0.0221936 -0.0432124 -0.0474215 -0.038372 -0.0428223 0.0223973 -0.0499682
internal_weight=977.685 773.627 508.031 374.712 204.058 265.596 85.795 133.319 179.801 114.221 65.5801 120.069 82.2788 60.8772 53.1202 92.0901 74.5776 30.2961 73.7309 49.9004 89.7725 41.4368 23.8305 48.3358 50.6601 42.5816 26.7014 47.6348 20.5021 35.4721 16.0991 13.2502 32.6159 20.6389 34.3501 15.8802 121.779 28.0396 21.4016 17.5126 93.7393
internal_count=6050 4165 2879 2262 1885 1286 416 617 870 531 339 541 544 375 343 424 358 140 333 214 401 198 119 203 286 300 173 195 103 143 69 76 132 85 183 127 1341 275 169 66 1066
cat_boundaries=0 1 2 3 4 5 6 7 8 9 10 11
cat_threshold=5 2 8 1 2 9 2 1 1 2 1
is_linear=0
shrinkage=0.045618


Tree=40
num_leaves=44
num_cat=11
split_feature=1 9 9 9 2 2 7 8 1 0 9 2 4 4 7 3 1 0 8 3 8 8 1 7 1 7 4 1 7 8 0 1 1 8 7 7 7 1 8 8 0 1 8
split_gain=213.966 63.1682 61.0511 69.1557 29.6763 35.8494 14.9489 14.8633 13.6924 11.1176 10.4614 12.7971 11.1314 13.7093 10.2903 10.2652 10.2633 9.82036 9.0752 12.9826 6.40143 8.21862 6.40006 6.38283 6.26196 5.93642 5.48266 5.08749 5.95192 4.77349 4.69771 6.03643 4.61145 4.55965 3.92751 3.56575 4.30276 3.10683 3.04504 1.07946 1.00683 0.355912 0.176588
threshold=45.016887313445757 0 1 2 1.0000000180025095e-35 0.99977195935954721 72.793179034102096 27.972657389979073 57.297962531282288 3 4 1.0000000180025095e-35 5 6 84.21465614595148 0.019523803864261117 77.002748449769257 7 28.285576588577086 0.059170866737767176 28.599048306578418 24.001284893037823 53.938484311053749 101.93275192247728 65.979452174386651 103.28922227186466 8 57.993845923012096 87.537129141039273 25.80171869545568 9 71.485938690576774 57.993845923012096 30.80474892932931 184.12666282161379 83.670000000000016 75.512346055105283 79.997490684662566 45.387584444699861 27.370574445194276 10 43.018711562990283 34.809135409720618
decision_type=2 9 9 9 2 2 2 2 2 9 9 2 9 9 2 2 2 9 2 2 2 2 2 2 2 2 9 2 2 2 9 2 2 2 2 2 2 2 2 2 9 2 2
left_child=10 4 15 6 7 -6 -4 16 14 23 38 12 41 35 33 20 22 -11 40 -20 21 -3 29 -8 -17 -23 30 28 -22 -2 31 -7 -32 -9 -16 36 -14 -18 -1 -24 -10 -12 -29
right_child=1 2 3 -5 5 26 9 8 18 17 11 -13 13 -15 34 24 37 -19 19 -21 27 25 39 -25 -26 -27 -28 42 -30 -31 32 -33 -34 -35 -36 -37 -38 -39 -40 -41 -42 -43 -44
leaf_value=-0.050892898838146024 -0.034652454865355509 -0.042979239714700544 -0.059261912824889885 0.048811628218640025 0.051118795428365615 -0.049728421427704776 -0.054651326982734776 0.0278061255051303 0.051639475617683235 0.0044892054755363425 -0.050352990928006977 0.041828801038639896 -0.032925420409980172 0.053670816236013247 -0.054529201750064205 0.046019996188965462 0.018280974617026727 0.051451841620821899 -0.0045997131082621268 0.035952145841597553 0.01789275996137266 -0.01525483043046452 -0.051393657683655933 -0.0032842241483498073 -0.0014519853821292953 0.027287815474996747 0.028556761841789242 -0.0589533178675158 -0.046587052502574874 0.015685710639040569 0.032874776715004217 0.001164968135483901 -0.0056347411771448227 -0.015128278409691973 -0.012513504060168221 -0.047845920563100088 0.031121114513087054 -0.015114849446285272 -0.0055935419495557739 -0.024770294802810854 0.025661527920740612 -0.026861660213657525 -0.036751457182404704
leaf_weight=104.64493795484304 7.8561530560255033 8.0748489350080472 8.2316555231809598 300.76188580691814 51.919447839260101 9.4015611410141009 7.48250334709883 9.1435222923755664 9.9954257607460022 32.852774605154991 16.460841737687591 7.3553589135408393 4.4967142790555936 6.6803368926048288 14.477605596184732 10.23603391647339 11.723567366600038 12.917054325342177 66.217895217239857 21.547318778932095 6.4921723008155841 11.685975998640062 25.646591663360599 15.482300229370592 12.371372312307356 15.509606584906576 11.360196694731711 8.7545045092701894 5.0635224282741547 7.2520054876804352 8.390463322401045 9.2963179945945722 25.380809471011162 11.09702581912279 7.6235311925411215 6.7859578207135209 3.8227301388978958 10.973652899265288 3.5603089407086363 5.4680675119161597 7.493878886103631 3.7723858579993239 4.7906469330191603
leaf_count=1216 48 42 49 1981 306 45 50 39 47 134 172 25 45 25 102 42 49 66 305 93 35 56 148 69 56 59 43 52 37 35 33 29 115 66 37 83 24 45 29 28 30 33 31
internal_value=0.0105132 0.0201674 0.0308353 0.0387283 0.00429021 0.0230534 -0.00170501 -0.00552667 0.00260783 0.00501301 -0.0379905 -0.0104797 -0.0224313 0 -0.0191837 -0.00533447 -0.0229915 0.0180568 0.0114545 0.0053486 -0.0158419 -0.00306413 -0.0352872 -0.020641 0.0199989 0.00880307 3.25823e-05 -0.0333719 -0.0101648 -0.010201 -0.00611581 -0.0243685 0.00389626 0.00404996 -0.0405756 -0.0237871 -0.00272233 0.00187191 -0.0452961 -0.0471157 0.0413066 -0.0466061 -0.0522497
internal_weight=950.551 792.972 460.707 377.728 332.265 115.749 76.9663 216.516 147.596 68.7346 157.58 49.3743 42.019 21.7857 42.3417 82.9787 68.92 45.7698 105.255 87.7652 60.3713 35.2704 46.2228 22.9648 22.6074 27.1956 63.8293 25.1008 11.5557 15.1082 52.4692 18.6979 33.7713 20.2405 22.1011 15.1054 8.31944 22.6972 108.205 31.1147 17.4893 20.2332 13.5452
internal_count=6054 4402 2759 2349 1643 571 368 1072 719 319 1652 407 382 177 244 410 353 200 475 398 312 157 259 119 98 115 265 155 72 83 222 74 148 105 139 152 69 94 1245 176 77 205 83
cat_boundaries=0 1 2 3 4 5 6 7 8 9 10 11
cat_threshold=6 1 8 1 5 2 1 2 2 2 1
is_linear=0
shrinkage=0.045618


Tree=41
num_leaves=38
num_cat=8
split_feature=1 5 5 9 9 9 1 5 7 2 7 7 8 7 1 8 8 7 7 1 2 3 1 8 7 1 6 7 8 7 8 6 1 7 8 1 7
split_gain=201.179 69.5604 63.1473 58.2066 38.2822 52.0931 23.1281 19.3042 15.8015 15.8207 9.88078 9.53829 8.31 20.4534 7.06839 6.09322 7.30839 5.54038 4.98469 4.42808 4.38948 4.30598 4.23141 5.06669 4.21023 3.97222 3.92599 3.55268 3.53231 3.27378 2.93435 2.53293 2.54913 2.53038 2.36448 2.12404 2.01504
threshold=45.016887313445757 0 1 2 3 4 71.284834830397742 5 106.66500000000002 0.010368613865304912 96.740000000000023 81.995000000000019 31.378673569071683 152.09649891308138 46.972767339246097 32.236138425440508 26.201164048725371 84.02500000000002 104.42223390983594 59.996844235236182 0.48180625930040832 0.023050697060420237 58.994499616780779 36.459833056514491 89.15000000000002 62.952629132408553 6 103.28922227186466 29.502895907122909 72.793179034102096 30.084110596067081 7 78.121740007346361 81.365317371691646 27.972657389979073 44.071135056329894 106.66500000000002
decision_type=2 9 9 9 9 9 2 9 2 2 2 2 2 2 2 2 2 2 2 2 2 2 2 2 2 2 9 2 2 2 2 9 2 2 2 2 2
left_child=7 3 15 6 8 10 14 20 9 30 29 31 13 -10 -2 16 36 34 28 -12 35 -14 24 -24 -16 27 -20 -18 -13 -6 -5 -8 -33 -17 -9 -1 -3
right_child=1 2 -4 4 5 -7 11 17 12 -11 19 18 21 -15 22 33 25 -19 26 -21 -22 -23 23 -25 -26 -27 -28 -29 -30 -31 -32 32 -34 -35 -36 -37 -38
leaf_value=-0.049971993373266077 0.022498991066795281 -0.046096039366961397 0.048117496506491914 -0.025446039883376129 -0.058566979696994759 0.047349311746001752 0.0064998336771922727 0.037351822070087394 0.031204295161474903 0.023910578151369467 0.017231420851078309 -0.04776094952594246 0.015346178380031376 -0.054982682468705746 -0.0061017086694074288 -0.0062974439827174619 -0.027384345023984843 -0.020323792892237878 -0.017658366315557131 -0.01450532689449268 -0.013828574042306828 0.051029196372949136 -0.047084183797625918 -0.0056559133471387867 -0.031960022827530361 0.029920326421860814 0.014849288809855241 0.018691140383047086 -0.0013078446463085033 -0.017197194742672256 -0.053536414768828776 0.011272767389469985 0.043008364599246805 -0.045291332046339061 0 -0.016257875440715174 -0.0077245646577817021
leaf_weight=113.9012308716774 5.5978563353419295 6.1379686519503576 228.37036602199078 24.812763348221779 6.895197473466399 139.60606367886066 13.919131994247437 9.8796861693263072 12.987604275345804 12.06309139728546 26.905249916017056 8.7288792580366117 18.390778124332432 9.8814013302326185 25.274756945669651 5.8946159929037121 6.6312931254506129 8.9630168601870519 12.312815979123117 13.428464412689207 8.7975732982158643 12.298369184136389 35.513166844844818 7.9214178621768943 28.965446569025517 15.034903861582277 19.806534618139263 6.7860969975590706 5.9803079217672339 11.100015252828596 12.973129168152807 9.1888436228036898 15.367885783314703 10.260295145213602 5.7108323946595183 4.8708610609173766 6.1865218579769135
leaf_count=1429 26 37 1541 121 42 899 55 48 51 53 117 40 78 43 136 33 40 60 46 56 42 49 197 40 175 62 74 29 25 59 75 48 58 65 34 39 32
internal_value=0.0103132 0.0197317 0.0372428 0.00857479 0.0207914 0.0323799 -0.010981 -0.037603 -0.00225227 -0.0209593 -0.00507404 0.00595051 0.0146384 -0.0059303 -0.0260714 -0.0069697 0.00109527 0.00540085 -0.00776733 0.00649037 -0.042983 0.0301026 -0.028962 -0.0397366 -0.0200967 0.0139411 0.00216006 -0.00369534 -0.029583 -0.0338946 -0.0355023 0.0227582 0.0315857 -0.0317135 0.0240773 -0.0486736 -0.0277941
internal_weight=927.344 775.221 285.302 489.919 301.342 197.935 188.577 152.123 103.407 49.849 58.3289 85.3044 53.5582 22.869 103.273 56.9317 40.7768 24.5535 46.8285 40.3337 127.57 30.6891 97.6748 43.4346 54.2402 28.4523 32.1194 13.4174 14.7092 17.9952 37.7859 38.4759 24.5567 16.1549 15.5905 118.772 12.3245
internal_count=6054 4402 1839 2563 1643 1173 920 1652 470 249 274 346 221 94 574 298 200 142 185 173 1510 127 548 237 311 131 120 69 65 101 196 161 106 98 82 1468 69
cat_boundaries=0 1 2 3 4 5 6 7 8
cat_threshold=12 1 5 2 8 21 1 2
is_linear=0
shrinkage=0.045618


Tree=42
num_leaves=40
num_cat=18
split_feature=1 5 5 9 9 9 2 1 5 4 4 0 0 0 6 4 1 1 2 0 6 0 1 1 1 1 1 3 0 6 1 1 1 1 1 1 1 1 1
split_gain=202.674 52.6076 53.297 29.4352 31.3008 45.1763 16.6481 12.3115 8.01982 9.77314 8.58405 7.48081 7.10231 18.2148 8.01881 6.67728 8.15201 5.77988 5.33497 5.32706 5.17673 4.98027 7.38371 4.48246 4.05832 3.84841 3.82492 5.09427 4.48104 1.98085 1.65636 1.64841 1.50929 1.44926 0.743485 0.714056 0.500994 0.0318518 0.014737
threshold=47.004639972494182 0 1 2 3 4 1.0000000180025095e-35 57.297962531282288 5 6 7 8 9 10 11 12 53.938484311053749 44.071135056329894 1.0000000180025095e-35 13 14 15 52.988668370940871 72.994574074741976 46.972767339246097 65.979452174386651 59.996844235236182 0.052401689729262409 16 17 68.992685870561175 55.000954631733443 40.354780611470026 74.002569813792789 55.000954631733443 1.5200000000000002 42.092911427657448 50.181181996288082 45.947875376448415
decision_type=2 9 9 9 9 9 2 2 9 9 9 9 9 9 9 9 2 2 2 9 9 9 2 2 2 2 2 2 9 9 2 2 2 2 2 2 2 2 2
left_child=6 3 15 7 11 26 8 21 17 36 -11 25 18 14 -14 16 -3 35 30 23 -13 31 37 -18 38 -5 28 -28 -6 -20 -9 -2 -8 -22 -24 -1 -10 -23 -19
right_child=1 2 -4 4 5 -7 32 12 9 10 -12 20 13 -15 -16 -17 19 24 29 -21 33 22 34 -25 -26 -27 27 -29 -30 -31 -32 -33 -34 -35 -36 -37 -38 -39 -40
leaf_value=-0.023207177463551516 -0.049811920540199443 -0.055341971196307176 0.047770586059426037 -0.047653531543022487 -0.016363604892716512 0.046494107400033603 -0.0076405352044599259 -0.025627790161294718 -0.049630493911066151 -0.014493307000046233 0.052762816149296912 -0.021480640199717332 -0.01527303019781825 0.052431947599276447 0.014775699449056557 0.028199164535094051 0.021872343256709788 -0.0013746196132559108 -0.0042278849067946093 -0.028030961049696455 0.0074537230707500237 0.005526546443724246 -0.044582341795180162 -0.019479962618049993 -0.052325137813468162 -0.010878593797855661 -0.033727824781092895 0.0066669253170913477 0.019349674912732623 0.020662824266310945 -0.0077197558027971526 -0.016480316479064606 0.018867952703538676 0.031674561321933997 -0.020580022648150252 -0.049774035721661072 -0.023038375021877236 0.012004590452208507 -0.0067660627080986255
leaf_weight=3.6162750273942939 12.067004248499872 7.7245001420378676 214.9539503455162 10.696201771497728 11.141663148999214 125.87947221845388 7.0182138010859516 17.388860411942005 5.290228582918644 7.6107373461127281 7.6153182238340378 9.6522181630134583 29.710881792008877 19.46334420144558 47.826790668070316 9.5445898547768575 16.392873331904415 5.6117798015475291 10.34591356664896 12.57427431643009 13.418879278004171 8.9607985541224497 7.485207259654997 7.793673336505889 5.4215751141309729 14.591111674904822 15.55448938906193 10.568532705307005 19.880186840891838 16.517452798783779 32.375234320759773 5.3739391788840285 10.668486684560774 9.3798662722110731 7.3372198194265366 106.88062100112438 4.634629525244236 9.3988052830100042 6.8479580134153366
leaf_count=47 77 52 1512 72 47 854 35 100 48 50 32 50 118 99 183 43 83 41 41 70 59 43 47 35 41 62 78 39 95 70 137 27 45 36 44 1390 32 44 38
internal_value=0.0111513 0.0215819 0.0373741 0.0113728 0.0222209 0.031415 -0.033499 -0.000708062 -0.0383289 -0.00258583 0.0190061 -0.00717294 0.00500688 0.0132133 0.00317096 -0.0049093 -0.0133521 -0.0418141 -0.00530805 -0.00409019 0.0059259 -0.0205099 -0.00977128 0.00823737 -0.0200701 -0.0269486 -0.00372213 -0.0172271 0.0062989 0.0108885 -0.0141853 -0.0402202 0.00803488 0.0178922 -0.0335791 -0.0490076 -0.0385782 0.00927927 -0.00489474
internal_weight=905.214 733.998 268.984 465.014 240.763 183.024 171.216 224.251 153.529 25.1509 15.2261 57.7383 173.628 97.001 77.5377 54.0299 44.4853 128.378 76.6275 36.7608 32.451 50.623 33.182 24.1865 17.8813 25.2873 57.1449 26.123 31.0218 26.8634 49.7641 17.4409 17.6867 22.7987 14.8224 110.497 9.92486 18.3596 12.4597
internal_count=6016 4217 1795 2422 1392 1113 1799 1030 1719 162 82 279 748 400 301 283 240 1557 348 188 145 282 178 118 120 134 259 117 142 111 237 104 80 95 91 1437 80 87 79
cat_boundaries=0 1 2 3 4 5 6 7 8 9 10 11 12 13 14 15 16 17 18
cat_threshold=12 1 6 1 8 21 2 1 1 1 2 2 2 1 1 2 2 1
is_linear=0
shrinkage=0.045618


Tree=43
num_leaves=40
num_cat=18
split_feature=1 5 5 9 9 9 2 1 5 4 4 0 0 0 6 4 1 1 0 2 6 0 1 1 1 1 1 3 0 6 1 1 1 1 1 1 1 1 1
split_gain=190.316 50.7367 51.549 27.8663 29.6509 43.6384 16.0057 11.3745 7.50495 9.16383 8.14346 6.93964 6.54624 17.4806 7.32559 6.14934 7.77323 5.84843 4.91512 4.89083 4.75885 4.72494 6.8707 4.0848 3.89971 3.7152 3.51333 4.73348 4.09958 1.81563 1.6136 1.54839 1.38385 1.34124 0.733637 0.728754 0.511626 0.0265135 0.0123577
threshold=47.004639972494182 0 1 2 3 4 1.0000000180025095e-35 57.297962531282288 5 6 7 8 9 10 11 12 53.938484311053749 44.071135056329894 13 1.0000000180025095e-35 14 15 52.988668370940871 72.994574074741976 46.972767339246097 65.979452174386651 59.996844235236182 0.052401689729262409 16 17 55.000954631733443 68.992685870561175 40.354780611470026 74.002569813792789 55.000954631733443 1.5200000000000002 42.092911427657448 50.181181996288082 45.947875376448415
decision_type=2 9 9 9 9 9 2 2 9 9 9 9 9 9 9 9 2 2 9 2 9 9 2 2 2 2 2 2 9 9 2 2 2 2 2 2 2 2 2
left_child=6 3 15 7 11 26 8 21 17 36 -11 25 19 14 -14 16 -3 35 23 31 -13 30 37 -18 38 -5 28 -28 -6 -21 -2 -9 -8 -22 -24 -1 -10 -23 -19
right_child=1 2 -4 4 5 -7 32 12 9 10 -12 20 13 -15 -16 -17 18 24 -20 29 33 22 34 -25 -26 -27 27 -29 -30 -31 -32 -33 -34 -35 -36 -37 -38 -39 -40
leaf_value=-0.022624650905147307 -0.048992219643997054 -0.05466505303134539 0.047487948170168798 -0.046874450293115405 -0.015714383306959356 0.046164748565073965 -0.007320545338022756 -0.024795539411177427 -0.049188736800679186 -0.013960328608358769 0.052232277530641719 -0.020710829048269028 -0.014613438910085768 0.05202960922600261 0.0141368057162521 0.027115885242452009 0.020810638131051832 -0.001315236460564377 -0.027140635567992025 -0.0040390378301349552 0.0071253519622165827 0.0052706133981483333 -0.043727173984778746 -0.018669806016626628 -0.051757102082685844 -0.01042301391399795 -0.032670981634210387 0.0063772255487525879 0.018503907511802895 0.019785617237155835 -0.015843078224704609 -0.0073900742556536935 0.018076874617941951 0.03051301466155705 -0.019787953320818081 -0.049559535910580932 -0.022288409863185275 0.011441529817818118 -0.0064851777960631051
leaf_weight=3.5473078191280356 11.720836736261846 7.4719065576791754 206.62211856245995 10.388633057475092 11.082958057522774 121.17566291242838 7.0006272047758129 17.165110073983669 5.1005488261580467 7.550471618771553 7.3500505387783051 9.5643505826592445 29.646585635840893 18.737510688602924 47.720118321478367 9.4831211417913419 16.452737294137481 5.6073842868208903 12.405341990292071 10.34564621001482 13.407095953822138 8.9773140102624911 7.2921413332223874 7.7707588672637931 5.2376453727483741 14.544639699161051 15.337170600891115 10.554684877395628 19.851010397076607 16.473416775465012 5.3444044739007941 32.288391843438148 10.637506604194639 9.3027348816394788 7.2924508228898048 102.54716188460588 4.5805311799049377 9.4214923456311208 6.8283887803554535
leaf_count=47 77 52 1512 72 47 854 35 100 48 50 32 50 118 99 183 43 83 41 70 41 59 43 47 35 41 62 78 39 95 70 27 137 45 36 44 1390 32 44 38
internal_value=0.0109516 0.0211363 0.0369385 0.011076 0.02179 0.0309216 -0.0330269 -0.000686277 -0.0379129 -0.00252449 0.0185555 -0.00691047 0.00481622 0.0127424 0.00302942 -0.0047329 -0.0128884 -0.0413369 -0.00392841 -0.00509694 0.0056921 -0.0198383 -0.00939358 0.00783737 -0.0194546 -0.0261292 -0.0035711 -0.0165924 0.00602003 0.010405 -0.0392974 -0.0136381 0.00767998 0.0171739 -0.0326393 -0.0487651 -0.0378507 0.00886139 -0.00470936
internal_weight=883.828 717.84 260.206 457.634 235.209 178.001 165.988 222.425 148.349 24.5816 14.9005 57.2075 172.377 96.1042 77.3667 53.5839 44.1007 123.768 36.6288 76.2726 32.2742 50.0486 32.9834 24.2235 17.6734 24.9333 56.8258 25.8919 30.934 26.8191 17.0652 49.4535 17.6381 22.7098 14.5846 106.094 9.68108 18.3988 12.4358
internal_count=6016 4217 1795 2422 1392 1113 1799 1030 1719 162 82 279 748 400 301 283 240 1557 188 348 145 282 178 118 120 134 259 117 142 111 104 237 80 95 91 1437 80 87 79
cat_boundaries=0 1 2 3 4 5 6 7 8 9 10 11 12 13 14 15 16 17 18
cat_threshold=12 1 6 1 8 21 2 1 1 1 2 2 2 1 1 2 2 1
is_linear=0
shrinkage=0.045618


Tree=44
num_leaves=41
num_cat=17
split_feature=1 5 5 9 9 1 1 1 1 1 8 8 0 9 0 0 8 8 0 8 0 3 6 3 1 1 4 0 1 8 8 8 1 6 6 1 8 8 6 0
split_gain=179.506 55.7852 64.0998 25.2091 22.0573 13.0826 12.5095 12.3291 11.884 8.43697 9.96341 9.92482 8.36776 8.55675 7.53911 8.32658 6.8537 5.88909 5.55759 5.44271 4.90331 4.76281 4.42299 4.33687 3.7942 3.69586 3.61398 3.26842 2.75801 5.55689 2.4912 2.38904 2.32141 2.13749 1.31816 0.682774 0.33217 0.268555 0.174842 0.564186
threshold=46.046992983424225 0 1 2 3 38.006575028449809 55.000954631733443 66.004546384439223 73.996428959115889 52.988668370940871 31.902756250700431 35.760875345206998 4 5 6 7 29.366208216887127 26.100215711118519 8 39.104595687605155 9 0.99894807841205846 10 0.019523803864261117 79.06131297025793 51.263985506641298 11 12 61.998047812628364 35.498117988441997 30.402398677635684 29.672574451114404 77.999570706233882 13 14 49.995846964799846 28.100161250534335 37.293563301300807 15 16
decision_type=2 9 9 9 9 2 2 2 2 2 2 2 9 9 9 9 2 2 9 2 9 2 9 2 2 2 9 9 2 2 2 2 2 9 9 2 2 2 9 9
left_child=5 4 3 8 16 38 18 25 9 10 -3 -11 37 19 26 -16 17 33 -5 -14 -19 23 -20 24 -9 35 -8 31 29 -27 -30 -10 -18 -2 -15 -6 -29 -7 -1 -40
right_child=1 2 -4 6 7 12 14 21 27 11 -12 -13 13 34 15 -17 32 20 22 -21 -22 -23 -24 -25 -26 28 -28 36 30 -31 -32 -33 -34 -35 -36 -37 -38 -39 39 -41
leaf_value=-0.049282227918060674 -0.052492007177537159 0.026605888735668173 0.047290157892423142 -0.039253082020415525 -0.017490888252953401 -0.051000858850088739 0.0059066553933471554 0.011760115259856652 -0.011444744026178408 -0.030531846120654599 -0.034248071348070494 0.0076703148887622965 -0.051325979968760184 0.0028859180027155794 0.025887097162312273 0.049808581156644903 -0.054605222274306101 -0.026507557331192338 -0.015575065312290134 0.010677460795893276 0.018173915831775286 -0.012723802932025486 0.025178955821809686 0.05020103986721889 0.040527820158017626 -0.0059767365978464528 0.038963490530099662 0.025229660315783879 -0.00010876039395751279 0.04360555246264141 -0.043966579630870882 0.022102480949775134 -0.02102862247584204 -0.01504260151410166 0.028417093673240572 -0.044107143435282666 0.04178636971331573 -0.026762031433110737 -0.036462108873975906 -0.049375913810957316
leaf_weight=43.958285927772522 7.7624943405389786 20.643952719867233 202.80918807536364 6.6575685143470764 5.5416591763496381 10.501710303127764 36.708521790802479 38.917369402945042 8.6878679692745227 47.980611674487591 7.3855636566877356 19.599756009876728 11.917206637561319 7.0041774958372116 91.638596184551716 47.637614123523235 17.578891061246399 7.9433803930878639 9.3565961942076683 3.5999485477805147 13.413324110209944 7.3145112097263327 12.669245652854446 11.993463508784769 13.082977093756197 16.781080268323425 8.5037749707698804 11.74696569144726 6.4502367377281171 6.2258662581443778 4.8048223629593849 8.3617437630891782 7.079148218035697 6.6301469355821592 13.398803398013117 5.438354603946209 7.8019751012325278 3.3495902195572862 31.985197767615318 19.884097281843424
leaf_count=638 43 92 1540 45 36 108 198 204 38 252 46 89 121 52 442 357 115 38 56 26 57 28 89 76 61 97 50 51 39 29 31 35 30 32 72 36 29 26 375 266
internal_value=0.0107036 0.0199909 0.0269148 0.013918 -0.00279128 -0.0354702 0.0234441 0.0087191 -0.00197773 -0.0106297 0.010212 -0.0193711 -0.0162031 -0.00430416 0.0288992 0.0341779 -0.0231369 -0.0138056 -0.00326731 -0.0223731 0.00116743 0.0212856 0.00760263 0.0252996 0.0192542 -0.0090391 0.0124162 0.0198482 -0.00140364 0.00745049 -0.019848 0.00471654 -0.045481 -0.0361419 0.0135192 -0.0318238 0.032535 -0.0460805 -0.0453537 -0.0417154
internal_weight=870.746 725.147 548.19 345.38 176.958 145.599 213.172 116.55 132.208 95.6099 28.0295 67.5804 49.7714 35.9201 184.489 139.276 60.4074 35.7493 28.6834 15.5172 21.3567 71.3083 22.0258 63.9938 52.0003 45.242 45.2123 36.5986 34.262 23.0069 11.2551 17.0496 24.658 14.3926 20.403 10.98 19.5489 13.8513 95.8276 51.8693
internal_count=6045 4361 3409 1869 952 1684 1237 637 632 479 138 341 405 271 1047 799 315 170 190 147 95 369 145 341 265 268 248 153 196 126 70 73 145 75 124 72 80 134 1279 641
cat_boundaries=0 1 2 3 4 5 6 7 8 9 10 11 12 13 14 15 16 17
cat_threshold=9 4 12 3 2 12 1 2 2 2 2 2 1 2 1 1 1
is_linear=0
shrinkage=0.045618


Tree=45
num_leaves=37
num_cat=8
split_feature=4 5 5 0 0 2 2 7 3 3 7 2 8 7 7 8 7 8 7 0 7 7 8 6 7 7 7 7 8 6 8 7 7 8 8 8
split_gain=92.0461 66.2472 79.7035 33.9729 71.6519 21.414 17.1905 15.7166 14.614 18.7029 12.2705 10.46 9.67303 7.50671 9.11135 5.59518 4.65078 5.48225 4.08105 3.08209 5.26744 5.8043 2.63834 3.19804 3.61513 4.68067 2.0379 3.17747 1.87271 1.49731 1.33648 1.26757 1.04238 0.28867 0.255274 1.21163
threshold=0 1 2 3 4 1.0000000180025095e-35 0.99977195935954721 68.345000000000013 0.013753533766385053 0.99894807841205846 75.512346055105283 0.11609826858020895 26.904220082526127 165.09419819643026 111.0784393295482 34.407419943498837 225.14491753954491 39.104595687605155 196.38595991379725 5 103.28922227186466 68.57307213484475 22.750769112941388 6 94.75500000000001 80.580000000000013 208.09640910423931 88.170826344035632 28.099371818790381 7 29.1781650942137 71.419530520720699 84.21465614595148 24.600353907024164 28.285576588577086 25.714143593066193
decision_type=9 9 9 9 9 2 2 2 2 2 2 2 2 2 2 2 2 2 2 9 2 2 2 9 2 2 2 2 2 9 2 2 2 2 2 2
left_child=11 3 19 5 7 13 -7 29 12 -10 -8 22 -9 14 15 -2 17 -15 -12 20 21 -3 -1 33 25 31 27 -21 -23 -5 -22 -25 -27 -24 35 -26
right_child=1 2 -4 4 -6 6 10 8 9 -11 18 -13 -14 16 -16 -17 -18 -19 -20 26 30 28 23 24 34 32 -28 -29 -30 -31 -32 -33 -34 -35 -36 -37
leaf_value=-0.048961222030159721 -0.012541714182331428 0.011503025172868329 0.047326698769568999 -0.061758273736270825 0.050822462792964346 0.051262855807686497 0.037135031212881239 -0.028477572275325595 0.051161985587490584 -0.0034500302011733126 -0.035163811505855708 0.0080290494125857571 0.0024268348933272794 -0.0027938764961648334 -0.055177348809988404 -0.040365412229658143 -0.028397463304408069 0.043744054803511991 0.00040934306057406822 -0.014235253026766349 0.023059954071308862 -0.017383422389957392 -0.025082813355569191 -0.013124849000301933 -0.049785381289848538 0.025411474855083493 -0.0016042929579056691 -0.055900647945262991 -0.054189445499614408 -0.027252784276901119 -0.0032995685658953862 -0.050853599976552456 -0.0010571988001223339 -0.047026374990140118 -0.053686444832414117 -0.0053483928377285935
leaf_weight=29.15856820717454 89.506179921329021 6.6588662043213871 202.85064631700516 6.9486363679170609 85.074299640953541 18.537396796047688 11.268802553415297 25.622110366821289 27.004980221390724 24.634367093443871 14.627568811178209 11.759405270218847 112.99129974842072 14.398206308484083 15.292914543300865 18.382328934967518 6.9849383831024161 7.8756834566593161 11.618024602532385 7.8552248105406823 9.4505819082260114 5.8936038464307767 3.6596017964184311 4.2335946112871223 3.0804447345435602 4.5880008116364461 4.7546656578779212 8.7039691507816297 7.8377387933433056 6.5169617682695371 6.1191684529185286 4.6172748804092407 7.5124901384115219 19.326999701559544 4.7312986962497234 2.7523185387253761
leaf_count=451 595 34 1573 40 592 118 42 155 174 99 78 50 605 72 127 157 31 34 49 57 48 49 50 41 40 30 24 64 62 42 36 44 65 245 46 26
internal_value=0.0104589 0.0157854 0.0339419 0.00547257 0.0157163 -0.00842592 0.0155846 0.000987009 0.00440809 0.0250826 -0.00207111 -0.031696 -0.0032759 -0.0173049 -0.0222378 -0.0174108 0.00326185 0.0136437 -0.0193051 -0.0133593 -0.00722831 -0.0224928 -0.0373605 -0.0308725 -0.0208199 -0.00928214 -0.0294438 -0.0369425 -0.0393498 -0.0462039 0.0124006 -0.0342329 0.00873932 -0.044066 -0.0424834 -0.0307823
internal_weight=852.829 757.409 260.124 497.285 288.793 208.492 56.0518 203.718 190.253 51.6393 37.5144 95.42 138.613 152.44 123.181 107.889 29.2588 22.2739 26.2456 57.2738 35.96 20.3902 83.6606 54.502 31.5154 20.9514 21.3139 16.5592 13.7313 13.4656 15.5698 8.85087 12.1005 22.9866 10.5641 5.83276
internal_count=6045 4957 1947 3010 1707 1303 287 1115 1033 273 169 1088 760 1016 879 752 137 106 127 374 229 145 1038 587 292 180 145 121 111 82 84 85 95 295 112 66
cat_boundaries=0 1 2 3 4 5 6 7 8
cat_threshold=1 12 1 1 2 1 1 2
is_linear=0
shrinkage=0.045618


Tree=46
num_leaves=38
num_cat=9
split_feature=1 5 5 9 9 9 8 5 1 1 0 0 7 8 1 8 7 7 8 7 7 7 1 2 8 1 7 7 0 8 8 1 1 1 1 7 1
split_gain=159.715 53.0695 42.9685 28.4797 39.4025 49.532 12.6813 12.4263 12.3983 11.8019 10.8957 16.8964 9.50244 9.23273 7.748 10.6419 6.61294 6.60746 6.42541 6.25808 5.59124 5.29758 5.0725 4.79318 4.56601 3.6255 3.60442 2.8671 2.59514 2.53903 4.30154 1.74745 1.51412 0.7746 0.373154 0.124166 0.0288895
threshold=45.016887313445757 0 1 2 3 4 27.700160166945487 5 67.273622636382854 52.988668370940871 6 7 59.525286656454689 31.378673569071683 73.208146300600887 27.257897378672286 84.935000000000016 85.225000000000009 32.003418625309287 202.07060069775869 81.995000000000019 95.885000000000005 65.979452174386651 0.057087398054918921 27.082049600064039 40.354780611470026 168.75908475785027 78.155743006061741 8 28.699296493860874 26.100215711118519 73.996428959115889 77.999570706233882 60.72875900793175 43.018711562990283 79.254749456227259 59.996844235236182
decision_type=2 9 9 9 9 9 2 9 2 2 9 9 2 2 2 2 2 2 2 2 2 2 2 2 2 2 2 2 9 2 2 2 2 2 2 2 2
left_child=7 3 18 10 8 6 22 12 9 13 26 14 -1 -5 15 -12 35 -8 20 -11 -3 31 -6 -23 33 -18 29 -20 -26 30 -2 -10 -16 -22 -14 -9 -29
right_child=1 2 -4 4 5 -7 17 16 21 19 11 -13 34 -15 32 -17 25 -19 27 -21 24 23 -24 -25 28 -27 -28 36 -30 -31 -32 -33 -34 -35 -36 -37 -38
leaf_value=0.0039730831835419565 -0.042119556189819905 -0.030216344073653031 0.046680976697365477 0.022647350123501647 -0.055981164809735237 0.046094492626378145 -0.017395597037929453 0.01865470261423946 0 -0.047250986250880582 -0.066788175296225674 0.050983217982028921 -0.049462333915041269 -0.041126629676676178 0.027958535780746863 -0.0084223352666107244 -0.050026703127253776 0.01805354104525864 0 -0.0021754057794799546 -0.020067481962017467 -0.025919630741898115 -0.011665934282733366 0.012898280766604792 0.0096140888319559588 0.0056151481020146072 -0.0044402078902741312 -0.051615470723965946 0.043168499468283862 -0.050903982423337844 -0.00056286634443073922 0.023675580584140189 0.00071841146860562735 0.0026127233407178844 -0.034272820778516205 0.033675832302585654 -0.031866467425819098
leaf_weight=7.5321115665137759 12.174385271966459 6.7177228182554236 182.59038397669792 16.793556228280071 7.8189942315220859 119.6983911767602 13.087205670773981 7.0912766158580798 8.8189676702022535 27.564554266631603 8.1249870732426626 11.283462971448897 91.81900092586875 6.3001510053873053 9.0630805045366305 31.515320762991905 4.9446368515491468 58.662987314164639 4.9697091579437247 8.7438757419586164 5.4288397803902608 13.8745436668396 18.334343403577805 12.075175315141678 9.8771675601601601 4.2030954360961914 10.950337819755076 4.6217150986194593 10.69382006675005 13.784667946398256 9.454555578529833 31.083549916744232 8.7512441426515561 6.0420431047677994 8.7076267488300783 5.4551295638084412 4.9045298397541046
leaf_count=63 66 41 1503 79 50 903 68 42 36 181 43 58 1356 45 30 151 45 253 27 38 37 59 85 41 46 24 46 38 49 103 46 136 37 30 81 30 28
internal_value=0.0100757 0.0187705 0.0359292 0.00892852 0.0154656 0.0269569 0.00135702 -0.0363228 -0.0049793 -0.0204817 -0.0101671 0.000403365 -0.0408139 0.00476315 -0.00957432 -0.020837 0.00313929 0.0114683 -0.00241577 -0.0366432 0.00671089 0.00817762 -0.025499 -0.0076602 0.0147958 -0.024251 -0.0280853 -0.0286276 0.0276231 -0.0351507 -0.0244237 0.0186189 0.0150909 -0.00775811 -0.0482843 0.0261312 -0.043014
internal_weight=823.557 693.804 235.846 457.958 342.856 217.602 97.9035 129.753 125.254 59.4021 115.102 68.7381 108.059 23.0937 57.4546 39.6403 21.6941 71.7502 53.2555 36.3084 38.7596 65.8522 26.1533 25.9497 32.0419 9.14773 46.3639 14.496 20.571 35.4136 21.6289 39.9025 17.8143 11.4709 100.527 12.5464 9.52624
internal_count=5994 4353 1799 2554 1974 1359 456 1641 615 343 580 319 1500 124 261 194 141 321 296 219 203 272 135 100 162 69 261 93 95 215 112 172 67 67 1437 72 66
cat_boundaries=0 1 2 3 4 5 6 7 8 9
cat_threshold=12 1 9 4 2 21 1 2 2
is_linear=0
shrinkage=0.045618


Tree=47
num_leaves=35
num_cat=8
split_feature=1 5 9 5 9 9 1 5 8 6 6 7 8 8 7 8 8 1 1 3 7 7 7 8 7 7 7 8 7 1 7 1 1 8
split_gain=150.196 50.5089 41.3662 38.4528 21.9506 41.7158 13.4555 13.4441 11.6283 11.4798 9.4327 8.09313 10.302 6.10486 11.2748 5.89298 5.88954 5.59514 5.45811 4.77224 4.4651 4.26058 4.15582 3.89225 3.77831 5.59759 4.37007 3.44904 5.28826 3.18077 2.83054 2.40282 0.419811 0.352383
threshold=46.046992983424225 0 1 2 3 4 71.284834830397742 5 27.700160166945487 6 7 59.525286656454689 36.701951791953071 28.285576588577086 85.58782645991117 32.003418625309287 26.100215711118519 75.718875193775105 47.663582317456481 0.99894807841205846 81.995000000000019 96.740000000000023 84.02500000000002 27.082049600064039 202.07060069775869 217.04191755835774 96.740000000000023 24.107338497976567 77.002885607562334 45.016887313445757 78.155743006061741 62.952629132408553 43.018711562990283 24.407058295166923
decision_type=2 9 9 9 9 9 2 9 2 9 9 2 2 2 2 2 2 2 2 2 2 2 2 2 2 2 2 2 2 2 2 2 2 2
left_child=7 2 6 15 8 16 18 11 9 -4 -9 12 -1 -10 -15 20 -6 -11 -2 27 -3 -18 -12 33 26 -26 -20 -8 -29 32 -17 -25 -13 -22
right_child=1 3 4 -5 5 -7 19 10 13 17 22 29 -14 14 -16 30 21 -19 24 -21 23 -23 -24 31 25 -27 -28 28 -30 -31 -32 -33 -34 -35
leaf_value=-0.047220636225778087 0.021244516974019492 -0.026989308926846114 -0.057869655270820344 0.046390122148120064 -0.038083710173420555 0.045544255186423827 0.031788330267872179 -0.048608601868356326 0.046226256665064726 -0.024060388558414386 0.039729818539255987 -0.049267072124240099 0.054355023158966016 -0.037079627972199034 0.014867934479158844 0.00010826691096649578 -0.020904173336068303 0.032333202549637473 -0.018331050772748051 -0.022339270933049771 0.00067301074301550853 0.010424624408869525 -0.0027649408196394358 0.0089261974067361329 0.019180517387719007 -0.029481345690724317 -0.04205928183746236 0.023877230568632998 -0.0052523977689879009 -0.011753568471838031 -0.041797375962085798 0.041216792762100621 -0.033530549348822519 -0.014385732900898375
leaf_weight=4.0801505520939818 6.2646856456995001 6.1626161932945243 11.434722661972046 174.13422974944115 9.1229851990938169 113.80184877663851 12.807667106389998 5.0342234373092651 8.9820337966084463 7.3374065607786179 10.202465891838079 88.065006699413061 3.8043829798698425 10.185370787978171 51.877222508192062 4.8123233765363684 12.23638018965721 6.8501018732786179 51.793227031826973 10.301051929593084 5.5464313402771968 32.419982202351093 8.3404848501086217 9.8319445252418536 10.299415901303293 8.9712485894560796 25.025400385260582 20.226431526243687 34.727960243821144 5.9682353883981696 8.9908287525176984 10.771866619586943 8.5038785971701127 5.6519380807876587
leaf_count=50 32 38 61 1495 49 899 48 55 33 41 47 1356 15 57 227 26 74 31 306 38 31 142 53 50 45 40 159 95 142 36 63 45 81 34
internal_value=0.0098976 0.0187153 0.00897777 0.0358461 0.0202319 0.0301825 -0.00767366 -0.0341417 0.00168726 -0.0242838 0.00362786 -0.0390522 0.0011614 0.011423 0.00614403 -0.00132061 -0.00430783 0.0028104 -0.0189768 0.00609802 0.00759232 0.00164215 0.02047 0.0146244 -0.0217054 -0.00322818 -0.0262377 0.0105697 0.00540697 -0.0460018 -0.0269638 0.0263585 -0.0480232 -0.00650771
internal_weight=804.566 670.567 444.665 225.902 264.248 167.581 180.417 133.999 96.6669 25.6222 23.5772 110.422 7.88453 71.0446 62.0626 51.7679 53.7793 14.1875 102.354 78.0631 37.9648 44.6564 18.543 31.8022 96.0893 19.2707 76.8186 67.7621 54.9544 102.537 13.8032 20.6038 96.5689 11.1984
internal_count=5994 4301 2519 1782 1614 1164 905 1693 450 133 155 1538 65 317 284 287 265 72 582 323 198 216 100 160 550 85 465 285 237 1473 89 95 1437 65
cat_boundaries=0 1 2 3 4 5 6 7 8
cat_threshold=12 5 1 2 8 21 2 1
is_linear=0
shrinkage=0.045618


Tree=48
num_leaves=40
num_cat=14
split_feature=1 9 9 9 5 5 5 1 7 1 7 1 4 7 0 7 0 1 1 7 1 4 7 7 7 0 1 1 0 1 6 7 7 7 7 1 1 6 7
split_gain=141.132 50.554 29.578 48.7585 19.3331 31.2305 13.7891 13.5011 14.0651 11.7107 10.0142 9.4523 8.46896 8.45887 8.35762 7.17773 6.68688 6.0302 5.86701 5.00647 4.96399 4.9261 4.44109 6.1109 5.05949 3.14667 6.9998 2.51788 1.66412 3.51544 2.51836 1.28945 1.26872 1.19371 1.18692 0.888867 0.878534 0.295283 0.271454
threshold=45.016887313445757 0 1 2 3 4 5 73.004143482794049 220.90587831465999 56.998935247660832 75.830582757557877 58.994499616780779 6 197.55360694077675 7 78.155743006061741 8 62.308203747990234 67.273622636382854 59.525286656454689 78.174054245990021 9 100.78000000000002 113.22500000000001 82.190000000000012 10 71.991119479914218 61.998047812628364 11 50.999562327306911 12 67.910000000000011 110.15500000000002 101.51000000000001 82.190000000000012 1.5200000000000002 73.996428959115889 13 86.055000000000021
decision_type=2 9 9 9 9 9 9 2 2 2 2 2 9 2 9 2 9 2 2 2 2 9 2 2 2 9 2 2 9 2 9 2 2 2 2 2 2 9 2
left_child=6 4 9 10 17 7 19 8 13 37 -4 -11 33 -6 27 31 -16 28 -10 -1 -17 -14 24 -24 -13 26 32 -12 29 -2 -31 -9 -19 -8 -28 -21 -27 -3 -30
right_child=1 2 3 -5 5 -7 12 15 18 11 14 22 21 -15 16 20 -18 25 -20 35 -22 -23 23 -25 -26 36 34 -29 38 30 -32 -33 -34 -35 -36 -37 -38 -39 -40
leaf_value=-0.0050622425409399992 -0.052323789691137899 -0.049999527704976336 -0.041136656055409795 0.047047551277189396 -0.010204408211052502 0.040590765096562412 -0.045674130528418615 0.02142971664280735 -0.00093367057661090057 0.044499544495463818 -0.0033981224486695854 0.0044052809401072777 0.00036597905970888676 -0.056688946814286774 0.0084530086135006927 -0.014964529064958158 0.050015210270289705 -0.001324033582446884 0.049827577522799107 -0.018470183502645711 0.024927984937772631 0.052871316448211116 0.04033064827452873 -0.0018387809434122003 -0.03725570150760029 -0.0034390936613074214 -0.015798814623848811 -0.037296202954047557 -0.029538376961552693 -0.02767159093706735 0.012604163380107196 0.048244287421157363 0.024700962087011637 -0.008377783746088753 -0.03828734510747752 -0.048595027876570461 0.013234304447886503 -0.028160704301659945 -0.053608040557472328
leaf_weight=6.5364690050482741 5.2409061491489437 5.2266594618558866 9.7706643715500814 220.72571944445372 86.355843499302864 46.877084225416183 4.8910875171422958 7.012982182204726 7.8932284116745022 13.054673008620737 14.217915922403337 14.035873614251615 8.2897935658693314 8.907927989959715 30.010330766439438 12.927926473319532 11.130825139582155 8.1834438815712911 10.787639901041983 3.1364456415176383 12.484128318727015 6.9131934940814963 10.789839662611486 19.63740811496973 10.129448413848875 10.699965171515943 9.9837043881416339 6.8917789682745925 4.1386591196060198 6.2078812122344971 6.0852491408586484 15.015926919877527 6.5406158566474906 3.6504433043301105 14.16771140694618 87.631781492382288 14.854573845863341 6.3414241448044777 6.9291215166449547
leaf_count=62 38 46 60 1952 455 371 45 29 30 56 73 70 52 45 130 57 67 44 51 51 51 28 44 97 61 49 41 40 36 43 36 72 27 27 63 1361 60 46 52
internal_value=0.0101352 0.0182961 0.0292254 0.0361664 0.00368008 0.0112919 -0.0351552 0.000835637 -0.00758715 0.0023038 0.00104101 0.00994939 0.00318463 -0.014734 0.00804614 0.0213151 0.0200497 -0.0127308 0.0282818 -0.0407131 0.00443434 0.0250497 0.00143176 0.0130888 -0.0129758 -0.00619367 -0.0143842 -0.0150215 -0.0315022 -0.0216219 -0.00736112 0.0402773 0.0100072 -0.0310431 -0.0294681 -0.0476687 0.00604015 -0.039288 -0.0458933
internal_weight=794.306 673.257 371.963 292.747 301.295 208.263 121.049 161.386 113.945 79.2153 72.0215 67.6472 23.7445 95.2638 62.2509 47.441 41.1412 93.0318 18.6809 97.3047 25.4121 15.203 54.5926 30.4272 24.1653 64.43 38.8755 21.1097 28.6018 17.534 12.2931 22.0289 14.7241 8.54153 24.1514 90.7682 25.5545 11.5681 11.0678
internal_count=6018 4392 2742 2322 1650 1161 1626 790 581 420 370 328 152 500 310 209 197 489 81 1474 108 80 272 141 131 284 175 113 205 117 79 101 71 72 104 1412 109 92 88
cat_boundaries=0 1 2 3 4 5 6 7 8 9 10 11 12 13 14
cat_threshold=6 1 8 9 4 21 2 1 2 1 1 1 2 1
is_linear=0
shrinkage=0.045618


Tree=49
num_leaves=42
num_cat=11
split_feature=1 9 9 9 1 6 6 1 7 7 1 8 9 7 8 6 6 7 4 7 7 8 1 2 4 7 7 8 8 8 8 7 1 7 4 8 7 1 8 8 1
split_gain=132.607 47.9843 28.6502 47.5039 15.5425 11.3304 25.046 10.9292 9.36894 9.3265 8.74317 17.737 8.20262 13.7793 7.107 7.05644 20.2619 12.232 11.4123 8.48194 8.13382 6.08689 5.86693 5.19186 10.6405 5.0826 4.58861 5.81104 5.4022 4.41813 5.34401 4.08301 3.42586 3.13934 2.1735 2.04302 1.56571 1.28296 0.833559 0.832275 0.83009
threshold=45.016887313445757 0 1 2 67.001504294392788 3 4 56.998935247660832 186.5861743259305 75.830582757557877 58.994499616780779 28.866595152097769 5 84.02500000000002 28.099371818790381 6 7 220.90587831465999 8 91.660512747630278 72.985274123657533 31.800334325944537 60.970532941090745 0.14333562375712508 9 133.50002061229176 92.708553661258506 28.285576588577086 27.178623811580159 27.101475503540279 31.902756250700431 197.55360694077675 73.208146300600887 111.65059585095045 10 27.892240881620648 73.409226198819439 43.018711562990283 45.387584444699861 30.289483736550231 1.5200000000000002
decision_type=2 9 9 9 2 9 9 2 2 2 2 2 9 2 2 9 9 2 9 2 2 2 2 2 9 2 2 2 2 2 2 2 2 2 9 2 2 2 2 2 2
left_child=12 4 7 9 5 26 8 39 22 -4 -9 14 38 23 -12 17 19 18 20 32 -6 -21 -7 24 -14 -13 36 28 -28 33 -31 -29 -17 -11 35 -26 -2 -15 40 -3 -1
right_child=1 2 3 -5 15 6 -8 10 -10 29 11 25 13 37 -16 16 -18 -19 -20 21 -22 -23 -24 -25 34 -27 27 31 -30 30 -32 -33 -34 -35 -36 -37 -38 -39 -40 -41 -42
leaf_value=-0.021072930525174231 -0.023238629701673303 -0.051097881985586208 -0.040191726196507717 0.046808985949138432 0.014815774419256331 0.0051051782663904975 0.052687584809021797 0.042998014305131706 -0.051043298831387258 -0.040952602690885714 0.0014709275915839107 -0.057222103071750262 -0.047389353537100075 -0.046883546515217076 0.041949701184603408 -0.0016183195729402495 0.050798342672693779 0.041746805252289271 0.037083320158412265 -0.027530908045036721 -0.031735326618526613 0.013543457690289194 -0.029103783623145765 0.0558849783633176 0.027592371212519621 -0.0058928760676107217 -0.015351992666893311 -0.014187947911376071 0.041805349238550026 0.025979379160739346 -0.0039146237283629653 -0.060612318708068498 0.029209948266900685 0.0056063927923259383 0.050552974962861472 -0.020174706005626174 -0.052790347212672471 -0.011922839692042816 -0.015394589689930729 -0.021762692858406776 -0.049569641061141943
leaf_weight=3.4486435055732718 7.6313694790005711 5.9835421890020353 9.5542724654078466 211.98387210071087 10.224336400628088 45.883072465658188 16.557933889329433 12.905248686671255 9.4887165352702123 5.6823597401380521 21.180240891873837 10.038039565086367 5.7771348804235467 13.350048732012512 15.984486185014246 9.686635807156561 31.759463034570217 12.078538306057451 8.789773151278494 18.447237931191925 29.663721263408661 12.16273797303438 13.226608224213122 4.6166813671588889 4.7868167981505394 7.1680857464671126 7.6521062552928907 12.982025034725668 5.8088817894458771 29.676134832203388 20.681425973773003 5.9405870661139479 27.930405758321285 5.6606911271810532 4.7062813192606008 2.6421972662210464 11.805811800062655 3.4283617362380019 2.452437996864318 5.3073813617229462 71.855737432837486
leaf_count=56 49 49 60 1952 42 263 113 56 49 33 91 68 77 197 76 51 223 50 49 79 137 60 76 15 41 37 51 80 25 133 112 33 131 32 21 31 89 27 27 43 1134
internal_value=0.00994849 0.0178979 0.0287351 0.0357406 0.00361008 -0.00752452 0.00265106 0.00220316 -0.0094623 0.000995245 0.00955626 0.00136657 -0.034735 -0.00735456 0.0191886 0.0133589 0.0207998 0.000980881 -0.00914547 0.00662902 -0.019632 -0.011027 -0.00252182 0.0138576 0.00214825 -0.0365324 -0.0243079 -0.0133598 0.00912554 0.00775168 0.0136142 -0.0296045 0.0211422 -0.0175044 0.02665 0.00969736 -0.0418857 -0.0403479 -0.0420959 -0.0385138 -0.0484108
internal_weight=776.59 659.526 361.806 283.239 297.72 136.977 85.1563 78.567 68.5984 71.2549 67.2761 54.3709 117.064 39.3075 37.1647 160.743 99.9865 60.7564 48.6778 68.227 39.8881 30.61 59.1097 22.5291 17.9124 17.2061 51.8208 32.3836 13.461 61.7006 50.3576 18.9226 37.617 11.3431 12.1353 7.42901 19.4372 16.7784 77.7568 11.2909 75.3044
internal_count=6018 4392 2742 2322 1650 828 501 420 388 370 328 272 1626 409 167 822 544 278 228 321 179 139 339 185 170 105 327 189 76 310 245 113 182 65 93 72 138 224 1217 92 1190
cat_boundaries=0 1 2 3 4 5 6 7 8 9 10 11
cat_threshold=6 1 8 1 2 5 2 1 2 2 1
is_linear=0
shrinkage=0.045618


Tree=50
num_leaves=35
num_cat=14
split_feature=1 5 5 9 9 9 1 1 4 1 9 0 0 0 8 1 4 0 1 1 1 8 1 8 4 6 1 1 1 8 1 8 8 8
split_gain=134.104 50.0747 39.7695 20.4569 25.9433 47.3242 11.3919 9.06186 9.93395 9.77185 7.90936 9.56851 7.55802 15.0094 6.39254 6.29469 4.98101 9.36729 7.24977 4.36948 7.285 3.92569 3.04367 2.69393 9.1336 2.23246 1.71565 1.58648 2.55427 4.16659 1.06665 0.873814 0.682089 0.495245
threshold=45.016887313445757 0 1 2 3 4 55.000954631733443 78.796735069141292 5 52.988668370940871 6 7 8 9 27.300213500713753 56.998935247660832 10 11 52.988668370940871 19.500000000000004 38.006575028449809 31.028525551788011 72.994574074741976 35.064458434086497 12 13 63.906134626296996 52.791648062943985 57.993845923012096 28.188391085245808 51.747906192857698 29.202206335847567 30.289483736550231 28.100161250534335
decision_type=2 9 9 9 9 9 2 2 9 2 9 9 9 9 2 2 9 9 2 2 2 2 2 2 9 9 2 2 2 2 2 2 2 2
left_child=10 3 16 12 7 6 32 8 9 -5 -1 -12 27 15 -8 30 17 18 -3 -13 31 -17 -20 24 -22 -9 -19 -2 -29 -30 -14 -21 -6 -27
right_child=1 2 -4 4 5 -7 14 25 -10 -11 11 19 13 -15 -16 21 -18 26 22 20 23 -23 -24 -25 -26 33 -28 28 29 -31 -32 -33 -34 -35
leaf_value=-0.043740676656339364 -0.043176493028348806 -0.038462585400790096 0.045811067397819503 0.0092911499048799421 -0.053044566430809473 0.044640698010914429 -0.015481805813578591 -0.00061243137197069608 0.03678990692494799 -0.025200318622847873 -0.048779047070798977 0.043433181516567942 -0.02413661301699083 0.05043531170832765 0.012956911880897764 -0.012486045001655776 0.027344961894823536 -0.05366822959288714 0.027760418147365507 -0.046638580233068973 -0.04735478142768082 0.015000983411667473 -0.0084313859513473824 0.037006436430758592 0.040408367671294777 0.015825942497246316 -0.018302361253365824 -9.5213246918003145e-05 -0.011433991284212965 -0.048913897240062724 -0.057998545874813998 -0.015982863178877246 -0.026939252496758062 0.03228702477411375
leaf_weight=77.115226544439793 8.211107209324835 5.9653402566909817 159.68714262545109 23.202619075775146 5.9307897463440877 96.543137602508068 21.814574703574181 9.3566836267709732 7.9761416092514983 61.463663876056671 10.094006601721048 4.312026601284745 5.5718450248241407 10.067417666316031 63.510823115706444 28.367819145321846 8.8527099937200529 8.2655328288674337 16.066422075033191 5.8646729737520236 4.4772602804005137 17.093074962496758 6.4326678067445746 6.2294120229780665 4.9849174432456484 9.749960124492647 5.7937909290194503 10.416857987642286 15.608931533992292 10.891441427171229 4.7942806333303452 4.4772883653640747 6.9172301068902016 11.861069038510321
leaf_count=1267 64 45 1528 120 42 858 110 37 38 347 144 27 42 55 285 116 42 65 84 91 54 73 28 33 28 36 31 54 71 75 28 54 43 48
internal_value=0.00851656 0.0167458 0.0344001 0.00707423 0.0129012 0.0230311 -0.000366272 -0.00354914 -0.0110161 -0.0156749 -0.0362103 -0.00865395 -0.00926088 -0.000133713 0.0055926 -0.00952242 -0.00268126 -0.00981148 0.00508189 0.00190555 -0.00503354 -0.00199246 0.0171561 0.0142327 -0.000602808 0.0173726 -0.0400253 -0.0244291 -0.0198659 -0.0273406 -0.0412456 -0.0345526 -0.0401406 0.025375
internal_weight=757.968 640.413 211.064 429.349 318.327 194.717 98.1734 123.61 92.6424 84.6663 117.555 40.4396 111.023 65.8944 85.3254 55.827 51.3765 42.5238 28.4644 30.3456 26.0336 45.4609 22.4991 15.6916 9.46218 30.9677 14.0593 45.1283 36.9172 26.5004 10.3661 10.342 12.848 21.611
internal_count=6063 4365 1823 2542 1964 1338 480 626 505 467 1698 431 578 314 395 259 295 253 157 287 260 189 112 115 82 121 96 264 200 146 70 145 85 84
cat_boundaries=0 1 2 3 4 5 6 7 8 9 10 11 12 13 14
cat_threshold=12 1 9 4 2 2 5 2 1 2 2 1 2 2
is_linear=0
shrinkage=0.045618


Tree=51
num_leaves=28
num_cat=12
split_feature=1 5 5 2 2 7 7 0 0 1 2 1 1 1 5 4 4 4 0 1 7 0 6 7 1 7 6
split_gain=126.817 48.0131 38.577 16.6261 41.8954 11.8673 11.6029 10.9108 33.7546 17.5505 10.8354 7.59305 6.629 5.69796 4.58983 7.91017 5.26449 4.58952 8.78244 6.71522 4.47662 4.35391 3.14394 3.00004 1.69917 1.41657 0.867354
threshold=45.016887313445757 0 1 1.0000000180025095e-35 0.99977195935954721 67.045000000000016 241.90397689840748 2 3 56.877867799867744 0.006572800900427834 71.991119479914218 47.663582317456481 53.938484311053749 4 5 6 7 8 52.988668370940871 106.12444971876043 9 10 88.815000000000012 63.906134626296996 82.435000000000016 11
decision_type=2 9 9 2 2 2 2 9 9 2 2 2 2 2 9 9 9 9 9 2 2 9 9 2 2 2 9
left_child=10 3 17 5 -5 21 11 12 9 -9 14 13 -7 -6 -1 -16 25 18 19 -3 -21 -2 -13 -14 -20 -17 -23
right_child=1 2 -4 4 6 7 -8 8 -10 -11 -12 22 23 -15 15 16 -18 -19 24 20 -22 26 -24 -25 -26 -27 -28
leaf_value=-0.043594929487145939 -0.059437482433706029 -0.037708536205568716 0.045566827852832288 0.049427096847233398 0.0052252326721122493 0.029084041885637599 0.050792075363083958 -0.039113679958633532 0.050709836614384801 0.0076228792346033202 0.0047939466362700075 -0.0094861609443101704 -0.021735856012414963 -0.038493468106222062 -0.046185541670570276 0.012864757701911585 0.050251472094522971 0.026263496598437304 -0.053106182976309604 -0.0044182331551203217 0.035563471119452017 -0.026324253126232225 0.0175269260411135 -0.0050069109082089263 -0.017641476135455254 -0.026829575500144313 -0.0027388599268087141
leaf_weight=83.833530738949776 7.4245561212301254 5.8148537352681187 153.41872245073318 57.955141372978687 8.361873999238016 9.3225876018404943 7.366969794034957 19.704297922551632 35.062160596251488 103.90109352022409 11.873019956052302 15.905368223786354 33.707677721977234 21.030497997999191 5.7884157188236713 3.0857205055654049 5.4362613111734408 8.806692607700823 7.9808101058006269 10.777826756238939 11.780107185244558 7.3453514203429222 19.573015175759792 69.897477760910988 5.7458020448684692 3.8070309609174728 6.935214079916479
leaf_count=1452 47 45 1528 493 37 44 46 144 272 497 58 63 204 110 96 25 26 42 65 61 51 40 107 394 31 41 44
internal_value=0.00833704 0.0163776 0.0339843 0.00689052 0.0206077 0.00100451 -0.00250536 0.00362826 0.0113508 6.72168e-05 -0.035905 -0.00880132 -0.00716793 -0.0258972 -0.040706 -0.00185247 0.0174208 -0.002602 -0.00950528 0.00483289 0.0163249 -0.0312559 0.00525749 -0.0105434 -0.0392085 -0.00832887 -0.0155109
internal_weight=741.642 627.818 204.325 423.493 130.193 293.3 72.2377 271.595 158.668 123.605 113.824 64.8708 112.928 29.3924 101.951 18.1174 12.329 50.9061 42.0994 28.3728 22.5579 21.7051 35.4784 103.605 13.7266 6.89275 14.2806
internal_count=6063 4365 1823 2542 856 1686 363 1555 913 641 1698 317 642 147 1640 188 92 295 253 157 112 131 170 598 96 66 84
cat_boundaries=0 1 2 3 4 5 6 7 8 9 10 11 12
cat_threshold=12 1 1 2 28 2 1 2 1 2 1 2
is_linear=0
shrinkage=0.045618


Tree=52
num_leaves=39
num_cat=14
split_feature=4 9 9 9 4 6 6 7 8 3 0 6 7 8 7 0 6 3 8 7 6 7 8 7 6 7 8 3 6 7 7 7 7 7 8 7 8 8
split_gain=68.5119 59.3652 37.8098 56.831 25.7184 12.8583 55.6942 10.8141 8.90995 8.88109 6.88334 6.94614 6.53794 6.24897 12.2615 7.81297 5.82638 5.52744 5.19319 4.58976 4.36617 7.92495 4.39381 4.18272 3.82541 3.58586 3.39347 3.65859 2.932 2.86499 2.73839 1.87366 0.758287 4.84962 0.471617 0.22534 0.159416 0.137426
threshold=0 1 2 3 4 5 6 78.357676367935383 27.203168648674119 0.013753533766385053 7 8 104.42223390983594 28.285576588577086 86.055000000000021 9 10 0.99894807841205846 23.63081848217578 62.475000000000001 11 170.7354375090267 31.902756250700431 92.265000000000015 12 78.357676367935383 34.140865254729221 0.99894807841205846 13 168.75908475785027 180.77066635754616 80.580000000000013 89.15000000000002 84.02500000000002 22.201180668547433 93.732323151157928 36.701951791953071 41.693485945526383
decision_type=9 9 9 9 9 9 9 2 2 2 9 9 2 2 2 9 9 2 2 2 9 2 2 2 9 2 2 2 9 2 2 2 2 2 2 2 2 2
left_child=10 4 8 9 5 26 7 19 16 20 30 32 -9 24 28 -16 35 -11 34 -7 21 -4 -22 31 -10 -18 27 29 -15 -2 -1 -20 33 -12 -13 -3 -28 -38
right_child=1 2 3 -5 -6 6 -8 12 13 17 11 18 -14 14 15 -17 25 -19 23 -21 22 -23 -24 -25 -26 -27 36 -29 -30 -31 -32 -33 -34 -35 -36 -37 37 -39
leaf_value=-0.052378359823544995 -0.018246965434467244 -0.0562247400379784 -0.038826987488151443 0.046686582191767807 0.048681888700896646 -0.028403097036952516 0.051728624539959078 -0.044188550132152331 0.0073322654573501457 0.049051098194360876 -0.050482154062483568 -0.046269385400395151 -0.01495146813796595 -0.056594625980051917 -0.016117166875482158 0.020627105529667601 0.021447944856816545 0.001072577407067682 0.0002616344502384539 0.013071376657590214 0.011632158545485513 0.018705832036777111 -0.02699670965954705 -0.029003398881968675 0.049500682704162267 -0.022959378513252301 -0.029675594024083436 -0.046287287870428566 -0.013785374908593174 0.0056513428898930093 0.0021702061593361194 0.031265951908383958 -0.051659951093039266 0.0157180853249686 -0.015853784034068931 -0.033450570452111618 -0.054204477469969217 -0.031526748601387621
leaf_weight=28.191212512552742 56.775232061743736 5.670594859868288 19.781733259558681 192.34855538606644 17.109824791550636 6.7236886620521537 32.682197600603104 27.564232960343361 8.4237605780363083 9.4691064730286598 7.0338717661798018 5.3929510638117817 40.372149784117937 6.8806912787258625 15.845471531152727 46.612756907939911 6.6750545352697381 10.912226021289825 8.6303297393024021 26.848370254039764 21.716070871800188 6.3266508579254142 8.277261693030594 5.5039904303848735 10.653254926204681 8.1021421998739225 6.7070605196058777 8.2457263097166997 7.5465731173753721 12.219858676195143 1.8011882118880738 8.2087723687291128 10.084491893649099 3.072405993938446 2.6042579151690006 5.4032636843621731 6.0571141317486745 4.0584828071296215
leaf_count=460 440 41 164 1940 134 39 236 241 38 64 118 103 235 48 94 247 42 39 62 149 141 28 58 58 65 52 61 38 55 59 16 59 163 33 34 36 53 35
internal_value=0.00810356 0.0131318 0.0238327 0.0334289 -0.00466615 -0.00893859 8.60622e-05 -0.0165537 0.00165969 -0.00141331 -0.0314637 -0.0208264 -0.0270073 0.00825133 0.00233213 0.0111823 -0.0217997 0.023945 -0.00668687 0.0044527 -0.0110437 -0.0246095 0.000649115 0.00442513 0.0314926 -0.00246368 -0.0218503 -0.0175742 -0.0351583 -0.0139197 -0.0489036 0.0159449 -0.0414741 -0.0298433 -0.0377975 -0.046512 -0.040649 -0.0465535
internal_weight=716.533 636.009 390.645 268.832 245.364 228.254 134.191 101.508 121.814 76.483 80.5235 50.5311 67.9364 95.9625 76.8855 62.4582 25.8511 20.3813 30.3403 33.5721 56.1017 26.1084 29.9933 22.3431 19.077 14.7772 94.0635 77.2408 14.4273 68.9951 29.9924 16.8391 20.1908 10.1063 7.99721 11.0739 16.8227 10.1156
internal_count=5978 4872 3152 2434 1720 1586 900 664 718 494 1106 630 476 547 444 341 171 103 316 188 391 192 199 179 103 94 686 537 103 499 476 121 314 151 137 77 149 88
cat_boundaries=0 1 2 3 4 5 6 7 8 9 10 11 12 13 14
cat_threshold=1 5 2 8 2 1 2 2 1 1 2 2 2 2
is_linear=0
shrinkage=0.045618


Tree=53
num_leaves=43
num_cat=7
split_feature=1 9 9 9 5 5 1 1 3 2 1 8 8 7 1 8 7 4 7 2 8 2 7 2 7 8 7 8 7 1 2 1 8 7 7 1 7 8 1 8 4 7
split_gain=99.109 37.8813 31.677 33.8918 16.7021 17.8504 14.1404 11.5853 9.44833 8.9163 6.70629 7.01804 8.71999 10.9748 6.50296 4.71126 9.23001 5.23652 4.53411 4.01697 5.49069 4.01658 3.92797 3.37934 5.367 3.21908 2.86781 2.70111 2.54425 6.10704 5.13093 2.22922 1.92161 1.73095 2.97613 3.78908 1.47004 1.09337 0.793514 0.749858 0.584563 0.0977848
threshold=49.019619844933381 0 1 2 3 4 37.500000000000007 75.002921032621373 0.66800761716476609 1.0000000180025095e-35 55.000954631733443 27.700160166945487 28.285576588577086 106.66500000000002 63.906134626296996 45.387584444699861 95.408577850036082 5 75.830582757557877 0.019727718657930663 30.80474892932931 0.12337979428325115 110.70313925695716 0.99977195935954721 113.22500000000001 27.082049600064039 202.07060069775869 29.672574451114404 190.43970067485364 61.998047812628364 0.053572004988885376 52.988668370940871 30.300519129400026 75.057106984959816 70.203510349377396 8.5000000000000018 145.24000000000004 28.099371818790381 60.970532941090745 36.570100651547406 6 92.708553661258506
decision_type=2 9 9 9 9 9 2 2 2 2 2 2 2 2 2 2 2 9 2 2 2 2 2 2 2 2 2 2 2 2 2 2 2 2 2 2 2 2 2 2 9 2
left_child=6 4 10 18 7 25 33 9 23 14 31 21 41 -14 26 16 17 19 -4 20 -8 22 -12 24 -9 -6 -2 -27 29 -20 -30 -3 -11 34 39 -36 -18 -16 -29 -1 -37 -13
right_child=1 2 3 -5 5 -7 15 8 -10 32 11 12 13 -15 37 -17 36 -19 28 -21 -22 -23 -24 -25 -26 27 -28 38 30 -31 -32 -33 -34 -35 35 40 -38 -39 -40 -41 -42 -43
leaf_value=-0.047455780735374174 -0.021427965197882523 -0.0072228856673338584 -0.027057725952462041 0.04562674716080755 -0.041541163496655271 0.037804359283021192 -0.0048266277592607012 0.028897592208658177 -0.039644169285364531 0.01942447980578128 -0.04352183497564751 0.057074379550027574 -0.019171971238410832 0.020943403112556679 -0.061599813736113951 0.026312589499521324 -0.050138006963967821 0.028229521836182971 0.013243281173393122 0.015939305464166803 -0.048935783849339103 0.010919900242508331 0.0013714150736154863 -0.0085614644758319376 -0.0084854334365636174 0.0178438906996028 0.0081115710607638589 -0.0018265975034568306 -0.0014782181072643722 -0.027726571952503321 0.043784659300531943 -0.049242207416525907 -0.0062400208359378925 -0.046838056245404637 0.038840802675172592 -0.043603622813587879 -0.021236764207257397 -0.0366378629302756 -0.027358028115532864 -0.010490471247827215 -0.007797613916612189 0.037852378010848897
leaf_weight=10.512375667691233 39.065924309194088 5.7878126204013807 8.3345758691430074 173.83158437162638 6.2429722920060184 34.452026888728142 17.540701363235716 32.882170513272285 7.4806016981601706 11.329476967453958 10.070488683879381 6.2467829585075361 20.936534911394119 42.45088192820549 8.276684835553171 5.7331497296690932 13.509785611182453 8.3055930361151677 25.535824470221996 8.0265877321362478 8.9526410177350026 9.1706847324967367 6.2422000020742408 10.336415648460386 10.118934810161589 7.0613583028316524 7.8211177289485923 4.9213162586092931 9.8789391741156596 10.493895918130873 10.214191660284994 5.4858352765440941 12.142853215336798 47.597611960023642 2.4242995493113986 2.4835066869854927 6.917279575020074 14.017912708222864 6.7236335128545761 1.9474010542035092 2.4257267564535141 7.2127413973212242
leaf_count=184 264 35 52 1899 40 309 151 139 35 59 60 40 120 206 48 40 164 63 134 38 112 50 33 37 48 31 36 37 49 59 43 41 56 939 25 40 63 84 39 20 28 28
internal_value=0.00793485 0.01637 0.0252122 0.0347909 0.000506378 0.0192268 -0.0269223 -0.00744886 0.00744858 -0.0180915 0.00385751 0.00793959 0.0148479 0.00757537 -0.0263308 -0.012218 -0.0158858 -0.0036287 0.00324088 -0.0116006 -0.020239 -0.0126 -0.0261703 0.0143022 0.0199578 -0.00977868 -0.0163535 -0.00366603 0.00851234 0.00104485 0.0214427 -0.0287507 0.00594767 -0.0417957 -0.0289863 -0.00473454 -0.0409758 -0.0466806 -0.0173226 -0.0424461 -0.0281965 0.0479852
internal_weight=701.143 564.766 351.893 238.289 212.873 59.4013 136.377 153.472 60.8181 92.654 113.604 102.33 76.8469 63.3874 69.1816 68.9857 63.2526 42.8255 64.4574 34.5199 26.4933 25.4834 16.3127 53.3375 43.0011 24.9493 46.887 18.7063 56.1229 36.0297 20.0931 11.2736 23.4723 67.3909 19.7933 7.33353 20.4271 22.2946 11.6449 12.4598 4.90923 13.4595
internal_count=5978 4111 2849 2236 1262 456 1867 806 259 547 613 537 394 326 432 631 591 364 337 301 263 143 93 224 187 147 300 107 285 193 92 76 115 1236 297 93 227 132 76 204 68 68
cat_boundaries=0 1 2 3 4 5 6 7
cat_threshold=5 2 8 12 1 2 1
is_linear=0
shrinkage=0.045618


Tree=54
num_leaves=35
num_cat=8
split_feature=1 5 5 9 1 1 5 9 2 2 2 2 2 1 8 8 8 4 8 8 8 1 8 1 3 8 4 1 8 8 8 0 1 1
split_gain=97.4549 40.4086 47.5819 21.3213 11.5938 10.8548 9.86492 9.46259 9.28402 8.02143 9.90602 7.36066 6.6316 6.28747 6.26066 7.19709 6.52972 5.9797 5.72113 5.54016 4.23972 4.0359 3.83673 3.53478 3.20452 3.61388 3.13903 3.10959 6.84067 5.68787 1.42596 1.18556 1.00548 0.254843
threshold=46.046992983424225 0 1 2 73.996428959115889 52.988668370940871 3 4 1.0000000180025095e-35 0.99977195935954721 0.006572800900427834 0.019727718657930663 0.99977195935954721 47.663582317456481 34.217930406810694 26.100215711118519 29.366208216887127 5 27.101475503540279 38.714313052279032 28.099371818790381 72.000515869208968 37.813142355451383 76.963130737918092 0.71406770108732542 28.371883124426827 6 67.273622636382854 35.498117988441997 32.18685741012208 50.003676798998121 7 1.5200000000000002 45.016887313445757
decision_type=2 9 9 9 2 2 9 9 2 2 2 2 2 2 2 2 2 9 2 2 2 2 2 2 2 2 9 2 2 2 2 9 2 2
left_child=6 5 3 4 13 31 11 14 27 10 18 30 -10 -3 15 -7 -17 22 -5 21 -15 -11 -8 -14 25 -6 -19 28 -9 -29 32 -2 -1 -34
right_child=1 2 -4 9 24 7 17 8 12 19 -12 -13 23 20 -16 16 -18 26 -20 -21 -22 -23 -24 -25 -26 -27 -28 29 -30 -31 -32 -33 33 -35
leaf_value=-0.013954146468402951 -0.052960244118475969 0.02748835009454249 0.044856959102517371 0.0021238428887424446 0.027293379439983816 -0.04341154597041149 -0.04797334052045487 -0.029911942136927914 0.049063582871431165 -0.038648445524755007 0.048660156781271571 -1.8783172740073947e-05 0.022483226989089198 -0.038953958603348063 -0.058858362200986641 0.01553211401503472 -0.026012577041740613 0.0028348936082675533 0.025331135029102659 0.029774602149410061 -0.01239771831217714 0.0070951186495188251 0.012158297462679706 -0.015597118932008209 -0.014466322752356498 -0.0026854679938466443 0.04974392153313395 0.01698139100071425 0.031274725896159747 -0.029341716372636977 -0.00093105784650098736 -0.024079611948280927 -0.048112244221995448 -0.029424884398874404
leaf_weight=2.7411370724439612 8.4459342062473279 6.146305873990058 134.59268444031477 29.447271659970284 28.446888461709023 10.665249548852442 5.1291307136416435 17.241948321461681 15.364590480923651 8.7140068784356135 31.93733724206686 8.6860063225030881 14.819420062005522 17.592146456241608 6.580694079399108 20.092994339764118 12.634192407131193 6.6340823881328106 96.988325290381908 7.0398477986454955 47.628490321338177 6.8332777097821227 3.4101992845535278 7.2837138101458541 6.7839877083897582 11.255165480077265 5.6927908211946487 22.986395634710792 4.582237657159566 6.9687417969107619 1.7876253239810456 7.1300274953246108 67.716978929936886 4.6654312908649436
leaf_count=52 68 30 1504 210 123 58 60 125 142 47 311 46 72 111 47 85 69 46 590 45 286 38 20 37 30 54 30 120 27 34 20 53 1352 34
internal_value=0.00854153 0.0158192 0.0226705 0.0115045 -0.00365397 -0.00450003 -0.0315595 -0.000678178 0.0080081 0.0210772 0.0258674 -0.036323 0.0261509 -0.0155338 -0.0149084 -0.0112622 -0.000381425 0.00344996 0.0199881 -0.00292023 -0.0197604 -0.0183243 -0.0235368 0.00962545 0.0136559 0.0186695 0.0254763 -0.0035135 -0.0166025 0.00586594 -0.0450403 -0.0406417 -0.0460014 -0.0470842
internal_weight=694.665 588.202 433.406 298.813 117.853 154.796 106.463 139.22 89.247 180.96 158.373 85.5972 37.4677 71.3669 49.9731 43.3924 32.7272 20.8662 126.436 22.5871 65.2206 15.5473 8.53933 22.1031 46.486 39.7021 12.3269 51.7793 21.8242 29.9551 76.9112 15.576 75.1235 72.3824
internal_count=5976 4316 3379 1875 634 937 1660 816 557 1241 1111 1504 251 427 259 212 154 156 800 130 397 85 80 109 207 177 76 306 152 154 1458 121 1438 1386
cat_boundaries=0 1 2 3 4 5 6 7 8
cat_threshold=9 4 5 21 3 2 1 1
is_linear=0
shrinkage=0.045618


Tree=55
num_leaves=33
num_cat=10
split_feature=1 5 5 9 7 1 9 2 9 9 1 7 2 1 5 4 7 7 7 0 2 7 8 2 1 7 1 0 7 1 8 1
split_gain=91.2819 37.8223 46.9107 20.21 10.3213 10.7831 9.77498 9.29382 8.12222 13.4337 9.15403 7.49413 6.8322 6.37954 5.69767 7.93465 5.64562 10.4252 7.00222 5.57202 5.44154 5.27088 3.90825 2.86631 1.94433 1.77366 1.61076 1.37692 1.28725 1.01373 0.783641 0.197033
threshold=46.046992983424225 0 1 2 219.77696615317103 52.988668370940871 3 1.0000000180025095e-35 4 5 55.000954631733443 106.66500000000002 1.0000000180025095e-35 74.002569813792789 6 7 208.09640910423931 106.12444971876043 62.722161286027976 8 0.99977195935954721 76.349603808578124 26.100215711118519 0.053572004988885376 32.319809730690139 217.04191755835774 65.979452174386651 9 191.6985675696279 1.5200000000000002 38.002718495131553 45.016887313445757
decision_type=2 9 9 9 2 2 9 2 9 9 2 2 2 2 9 9 2 2 2 9 2 2 2 2 2 2 2 9 2 2 2 2
left_child=7 4 3 16 5 27 19 14 10 13 -5 -12 21 -10 25 -16 17 18 -3 26 -14 -8 -21 -18 -17 29 -7 -2 -19 -1 -9 -31
right_child=1 2 -4 8 -6 6 12 30 9 -11 11 -13 20 -15 15 24 23 28 -20 22 -22 -23 -24 -25 -26 -27 -28 -29 -30 31 -32 -33
leaf_value=-0.013520902306420611 -0.052238585584795112 -0.04446016110897956 0.044618960351262768 -0.039553889775919671 -0.05138036925075596 -0.0151054442697061 -0.026264305447728016 -0.0045943062135222323 -0.0092098248398259606 0.042108781257222935 -0.006794154295042612 0.02513542690508937 0.048831789757909624 0.02696381423567161 -0.040507236921710196 0.0021916542188260878 -0.001501639678962231 -0.026214006615859334 0.0048107509373608599 -0.032033741500421632 0.012247942008232706 0.0096005234856174852 0.0072765962377636575 0.030359795636478368 0.041560198839434841 0 -0.045097745141349115 -0.020677038509000743 -0.051564405568932881 -0.047974633406808846 0.017711515739139146 -0.030544624903443101
leaf_weight=2.7075796686112872 7.8263499960303289 6.4099641367793074 129.31423376500607 7.7068948522210112 9.032642260193823 6.9489806070923832 10.907074160873888 6.2811787202954275 25.671440780162811 65.516772992908955 24.996041923761368 37.923031941056252 14.748509041965006 16.356270529329777 5.8865226097404957 5.2259513176977652 10.007496953010561 17.846010826528076 63.640169613063335 6.7454644963145283 21.368421509861946 36.14724288508296 21.076013080775738 12.832005426287649 5.8884489573538303 1.5605850070714939 11.748790718615053 6.5463464446365833 7.0994604006409636 64.70951546728611 5.8733321577310562 4.9904893189668647
leaf_count=52 66 37 1504 51 43 45 68 37 159 686 123 166 142 67 66 36 38 102 354 35 106 217 105 55 35 21 61 49 37 1348 28 37
internal_value=0.00834036 0.0153983 0.0221046 0.0110883 -0.00435476 -0.00159288 0.00254042 -0.0311366 0.0205171 0.0288501 0.00570893 0.0123718 0.011332 0.00386969 -0.0361422 0.000677099 -0.00361899 -0.00886615 9.14351e-05 -0.012726 0.027559 0.00107364 -0.00220379 0.0162442 0.0239922 -0.0394409 -0.0345789 -0.0388064 -0.0340548 -0.0457944 0.00579977 -0.0469134
internal_weight=681.539 578.416 425.32 296.006 153.096 144.063 129.69 103.124 178.17 107.544 70.626 62.9191 83.1712 42.0277 90.9691 17.0009 117.835 94.9956 70.0501 46.5192 36.1169 47.0543 27.8215 22.8395 11.1144 73.9682 18.6978 14.3727 24.9455 72.4076 12.1545 69.7
internal_count=5976 4316 3379 1875 937 894 779 1660 1252 912 340 289 533 226 1595 137 623 530 391 246 248 285 140 93 71 1458 106 115 139 1437 65 1385
cat_boundaries=0 1 2 3 4 5 6 7 8 9 10
cat_threshold=9 4 12 3 2 1 21 2 2 1
is_linear=0
shrinkage=0.045618


Tree=56
num_leaves=32
num_cat=14
split_feature=1 5 5 6 6 3 3 0 0 5 6 1 1 3 4 9 0 0 1 6 8 6 1 1 1 8 1 8 1 1 1
split_gain=92.9683 34.0632 34.3106 19.6035 55.2511 14.9178 14.9422 7.89927 24.7522 7.61909 6.56705 6.17255 5.98871 5.09073 4.76025 3.70991 3.69573 3.14584 3.09399 4.06607 4.80211 3.06759 2.83789 1.9672 1.45778 1.19353 1.13652 1.07615 0.749065 0.477538 0.164167
threshold=46.046992983424225 0 1 2 3 0.99894807841205846 0.0067886466325203796 4 5 6 7 77.002748449769257 55.000954631733443 0.10971049927600014 8 9 10 11 39.115616086994201 12 29.800864676504617 13 59.996844235236182 44.071135056329894 32.319809730690139 28.188391085245808 1.5200000000000002 28.599048306578418 74.937935396884527 41.065250725315742 50.999562327306911
decision_type=2 9 9 9 9 2 2 9 9 9 9 2 2 2 9 9 9 9 2 9 2 9 2 2 2 2 2 2 2 2 2
left_child=9 3 14 5 7 6 11 12 13 18 -11 15 30 -9 17 -2 -13 21 26 -20 -21 -3 -14 29 -12 -23 -1 -19 -7 -22 -5
right_child=1 2 -4 4 -6 28 -8 8 -10 10 24 16 22 -15 -16 -17 -18 27 19 20 23 25 -24 -25 -26 -27 -28 -29 -30 -31 -32
leaf_value=-0.012539468059389299 -0.01747425170808559 -0.020185648499161449 0.044440780665353667 -0.051891798043464943 0.050213463856076439 -0.05654137782948828 0.050482575901296511 -0.0059905144121005895 0.050696318053238397 -0.046856639785676453 -0.0014904097811607037 -0.00065889564361693226 0.014350778733310287 0.025583960419433747 0.026641155046321051 0.001856080337491111 0.033476212054089148 -0.042841806335026121 -0.049019398373836752 -0.047204636767035325 0.0050190713674944437 0.024287761068609446 -0.009111315361837867 0.034300485569839542 0.027105528729958091 -0.00046384971909770896 -0.048081829099507513 -0.015012103174756817 -0.031533925240248187 -0.018877083900856097 -0.030447908099007701
leaf_weight=2.6242901347577563 51.429560221731663 9.9886451400816441 126.36559385061264 4.5811536051332933 68.25948578864336 9.2849509865045565 10.666104964911936 74.573217339813709 23.951361931860447 3.9918655715882778 5.103599879890683 15.008370347321033 13.332361988723276 12.147256918251513 8.4626818746328336 34.916645459830761 11.090949572622776 5.957644782960414 9.2564080506563187 4.5420210398733625 2.8215073943138105 7.7829326689243317 49.44005098938942 3.6011291295289993 10.229010142385958 7.2363883182406425 54.141241051256657 8.0771677047014219 7.1316314935684195 3.1772034764289856 5.6084925830364227
leaf_count=50 310 64 1528 37 598 46 81 419 205 53 35 62 77 61 44 228 66 39 125 67 31 39 242 26 65 46 1181 60 29 36 39
internal_value=0.00853903 0.0157047 0.0319652 0.00744595 0.0152366 -0.006043 -0.000512643 0.00215785 0.00986019 -0.0320601 0.00221978 -0.00549212 -0.00943472 -0.00144376 -0.0031037 -0.0114044 0.0137642 -0.010611 -0.0361624 -0.0256934 -0.00948668 -0.000601602 -0.00399714 0.00836421 0.0172962 0.0121138 -0.0466016 -0.0277306 -0.0465997 -0.00684724 -0.0415596
internal_weight=664.781 565.293 173.871 391.422 251.893 139.528 123.112 183.634 110.672 99.4883 19.3245 112.446 72.9621 86.7205 47.5055 86.3462 26.0993 39.0428 80.1638 23.3983 14.1419 25.008 62.7724 9.59984 15.3326 15.0193 56.7655 14.0348 16.4166 5.99871 10.1896
internal_count=5989 4320 1820 2500 1678 822 747 1080 685 1669 153 666 395 480 292 538 128 248 1516 285 160 149 319 93 100 85 1231 99 75 67 76
cat_boundaries=0 1 2 3 4 5 6 7 8 9 10 11 12 13 14
cat_threshold=12 1 1 2 2 1 21 1 2 6 1 1 2 2
is_linear=0
shrinkage=0.045618


Tree=57
num_leaves=40
num_cat=13
split_feature=1 9 9 9 2 2 7 6 6 1 1 1 1 1 0 1 3 1 1 4 2 7 1 7 7 7 0 7 6 0 4 4 7 4 7 2 7 7 1
split_gain=87.1736 28.4605 26.6852 39.4521 13.3718 22.6626 7.72739 7.11636 25.3042 7.21837 6.8632 6.89771 6.64432 6.58964 6.02866 5.80603 7.869 5.09688 8.91863 4.77164 4.71966 4.1939 3.02329 6.83195 2.99135 2.73719 2.22839 1.83022 2.22512 2.28698 2.61119 6.73773 1.79634 3.28568 1.73705 1.35763 0.807754 1.83384 0.107383
threshold=46.046992983424225 0 1 2 1.0000000180025095e-35 0.99977195935954721 75.830582757557877 3 4 49.995846964799846 55.874911427594476 58.994499616780779 39.115616086994201 73.208146300600887 5 61.998047812628364 0.032644749878696706 67.987173944602134 57.993845923012096 6 1.0000000180025095e-35 196.38595991379725 56.001575699917957 106.12444971876043 73.213977957945033 82.190000000000012 7 83.670000000000016 8 9 10 11 143.36701218771179 12 76.122101941894172 0.14333562375712508 93.25534506633845 104.08500000000002 51.747906192857698
decision_type=2 9 9 9 2 2 2 9 9 2 2 2 2 2 9 2 2 2 2 9 2 2 2 2 2 2 9 2 9 9 9 9 2 9 2 2 2 2 2
left_child=12 4 6 10 7 -6 -3 13 9 -9 38 -12 27 21 -13 22 -17 18 -7 26 32 34 23 -8 -11 -15 -19 28 -1 -30 -31 -32 33 36 -2 -24 -14 -38 -4
right_child=1 2 3 -5 5 17 15 8 -10 24 11 14 20 25 -16 16 -18 19 -20 -21 -22 -23 35 -25 -26 -27 -28 -29 29 30 31 -33 -34 -35 -36 -37 37 -39 -40
leaf_value=-0.047210163774662396 -0.05161318033418022 -0.044189461030070924 -0.047375378222604403 0.045153551071314635 0.048927854215585515 0.0061107043480322027 0.023421653026501548 0.029129160846458692 0.05131673998783956 0.005925936104432923 0.037705030899053069 -0.019716545477150647 -0.048558263943720037 0.0233284445568601 0.012402920950632427 -0.050289071891571217 0.010153173329541439 -0.012267239306441587 -0.058712396580343162 0.039920429181631821 0.015875048136413172 -0.00036152161069698903 0.016094906196836439 -0.026511579166634512 -0.015654656303482683 -0.0080116881763168529 0.012974920553210256 -0.047778276453733823 -0.046030475498875498 -0.044076551408132068 -0.024921358496006723 0.050112904784933299 0.0055905136460247511 0 -0.026083334982022147 0.044614673273715016 0.0066867479533288792 -0.044274520926892803 -0.025489423227973797
leaf_weight=11.251150090247393 8.5670037716627103 7.8775536864995948 3.8742984533309928 156.59013705700636 31.896116457879543 10.998680308461191 13.136039152741434 10.267035149037836 19.062164403498173 16.403395354747772 11.832000255584715 20.384938172996044 9.8756916299462301 9.498386003077032 29.420034497976303 8.2144142091274279 9.1651197001337987 13.234422922134401 6.969525881111621 8.5056437700986844 7.7992152422666541 11.292425148189066 10.615310713648798 9.7094056904315931 62.243440434336662 13.846180923283098 15.534237153828142 34.436273295432329 5.0799816846847534 3.229097057133913 6.7830285429954529 3.6443803608417529 3.231203604489564 5.8414891473949 25.246227577328682 6.3477353602647772 2.2562260180711755 3.0348437167704105 3.927567221224308
leaf_count=243 64 59 41 1948 310 59 70 55 139 87 60 108 143 39 162 49 49 51 42 38 37 50 56 52 343 61 71 790 99 57 112 15 34 60 194 31 30 49 32
internal_value=0.00834478 0.0153149 0.0248203 0.0323476 0.00370001 0.0184486 -0.00208652 -0.00335321 0.00389581 -0.00629966 0.00130376 0.00671959 -0.0316137 -0.0148555 -0.000646764 0.00338422 -0.0183246 0.000616688 -0.0190854 0.0103355 -0.0142006 -0.0250216 0.0130652 0.0018799 -0.0110705 0.00457116 0.00114253 -0.040101 -0.0308015 -0.0201961 -0.00957315 0.00119771 -0.0241872 -0.0290717 -0.0330196 0.0275544 -0.0401332 -0.0219954 -0.0381129
internal_weight=651.122 554.659 291.095 226.029 263.565 87.1386 65.0656 176.426 107.976 88.9139 69.4388 61.637 96.4626 68.4502 49.805 57.188 17.3795 55.2425 17.9682 37.2743 32.0387 45.1057 39.8085 22.8454 78.6468 23.3446 28.7687 64.4239 29.9876 18.7365 13.6565 10.4274 24.2395 21.0083 33.8132 16.963 15.1668 5.29107 7.80187
internal_count=5989 4320 2717 2351 1603 571 366 1032 624 485 403 330 1669 408 270 307 98 261 101 160 353 308 209 122 430 100 122 1316 526 283 184 127 316 282 258 87 222 79 73
cat_boundaries=0 1 2 3 4 5 6 7 8 9 10 11 12 13
cat_threshold=6 8 1 1 2 2 2 1 1 2 2 1 2
is_linear=0
shrinkage=0.045618


Tree=58
num_leaves=46
num_cat=14
split_feature=1 9 9 9 5 1 1 4 5 3 0 0 0 1 7 7 1 5 7 0 8 7 1 0 7 0 8 1 7 7 1 8 1 7 8 4 7 8 8 1 1 8 8 8 7
split_gain=76.6729 34.7197 25.2716 23.0701 18.4497 12.3459 11.3342 9.313 9.31287 9.10533 8.68152 7.7432 7.25396 6.82254 6.72381 9.54672 6.32783 5.42729 5.57537 5.27981 5.25715 5.09667 4.96696 4.86795 4.38626 4.3516 4.06743 3.98358 3.67388 3.15873 2.92348 2.64658 2.46776 2.31359 2.2623 2.19467 2.13765 8.55605 1.98373 4.65376 1.61812 1.34496 1.22284 0.599698 0.466376
threshold=49.019619844933381 0 1 2 3 37.500000000000007 71.485938690576774 4 5 0.99894807841205846 6 7 8 58.994499616780779 94.75500000000001 217.92950017205948 55.000954631733443 9 100.78000000000002 10 29.672574451114404 80.817096056165965 72.994574074741976 11 194.90665862735761 12 36.294659388917715 56.001575699917957 197.55360694077675 203.62541172490407 74.937935396884527 28.978377419726623 76.963130737918092 80.817096056165965 28.699296493860874 13 61.332619806657995 30.80474892932931 24.501839874965686 14.500000000000002 52.988668370940871 26.301214066090491 32.816366378452337 38.714313052279032 64.565044415741113
decision_type=2 9 9 9 9 2 2 9 9 2 9 9 9 2 2 2 2 9 2 9 2 2 2 9 2 9 2 2 2 2 2 2 2 2 2 9 2 2 2 2 2 2 2 2 2
left_child=5 4 16 19 6 33 7 13 22 11 35 21 14 25 36 -16 40 24 20 26 -19 -8 31 27 30 -2 34 -21 -20 -15 -18 -6 -13 38 -4 43 -12 -38 -1 -40 -3 -41 -33 -7 -43
right_child=1 2 3 -5 8 10 9 -9 -10 -11 12 32 -14 29 15 -17 17 18 28 23 -22 -23 -24 -25 -26 -27 -28 -29 -30 -31 -32 42 -34 -35 -36 -37 37 -39 39 41 -42 44 -44 -45 -46
leaf_value=-0.043570316798380297 -0.027579521846744257 -0.009316334866001379 -0.0071570000370227167 0.044730430578548842 0.027839955803824229 -0.049968101525163428 0.014087175144008621 0.030034133803462579 0.036153877646706759 -0.033985455373666616 0.032306985406714103 0.04422688859531166 0.050642727439929473 -0.049102347067576088 -0.049833256051195415 0.042293858029731735 -0.016240498254010208 0.013910219255123158 0.041031992907363993 -0.016175456531461661 -0.030782387331038736 -0.019749134194745062 -0.034758743913473202 0.047919617784017855 -0.040257945575466761 0.0047229593845978749 0.020432225882002289 0.018881786550185124 0.011229674690581518 -0.015614865197430567 0.017886149353364827 -0.022433970191664005 0.016084130539998416 -0.047742825923565879 -0.044289019318561725 0 0.019470602896932976 -0.040075076617464164 0.041954388421956021 0 -0.047433933331411035 -0.015703444990501442 0.0085772893130555902 -0.019301849036402832 -0.043086128811581796
leaf_weight=10.312588606029751 16.946733683347702 5.4398792348802072 8.1814529150724429 145.51472319662571 8.4055429697036796 11.733795411884783 17.392266534268856 6.4662526398897162 30.155388034880161 11.041642278432844 5.1538032591342953 11.687075741589071 4.9759557619690886 24.931115780025721 11.594521239399908 2.6720325276255599 10.288838159292945 18.869079597294334 21.181829929351807 9.3134948238730448 7.455566093325614 19.174019925296307 7.2628582566976538 8.1332627013325673 7.1944739520549765 16.900170639157295 5.5573078468441954 22.053484044969082 15.929527863860129 8.7825155034661275 10.154367350041865 4.8735646679997426 17.538051947951317 33.797327313572168 6.4693679809570304 2.7869601882994184 15.354156810790302 7.1971524506807318 2.1536097191274157 2.9480013959109774 4.8526156321167946 3.1080340817570669 4.9820344634354115 2.7371158637106427 6.4265734851360321
leaf_count=234 118 36 45 1909 44 152 75 33 321 46 27 54 29 176 152 17 69 123 110 50 44 87 35 64 33 101 27 100 89 41 42 36 80 815 44 27 128 88 21 42 40 40 36 26 122
internal_value=0.00783091 0.0155913 0.0249364 0.0343209 0.000449842 -0.0244765 -0.00786149 -0.021107 0.0207915 0.00382206 -0.0104622 0.0103516 -0.000111812 -0.0261734 -0.00650382 -0.0317766 0.00447818 0.00882032 0.0148651 0.0060343 0.000870869 -0.00349729 -0.00232942 0.0167786 -0.00748668 -0.011339 -0.0116625 0.00823574 0.028545 -0.0407166 0.000418055 0.00922338 0.0277906 -0.0395934 -0.0243757 -0.0379148 0.00643067 0 -0.0279929 -0.0161261 -0.0284831 -0.0271776 -0.00628882 -0.0449593 -0.0353422
internal_weight=636.08 513.129 306.589 205.223 206.539 122.952 150.86 74.0268 55.6794 76.8331 64.2055 65.7914 46.9476 67.5605 41.9717 14.2666 101.366 91.0737 63.436 59.7084 26.3246 36.5663 25.524 39.5002 27.6377 33.8469 20.2081 31.367 37.1114 33.7136 20.4432 18.2611 29.2251 58.7461 14.6508 17.2579 27.7051 22.5513 24.9488 14.6362 10.2925 12.4826 9.8556 14.4709 9.53461
internal_count=6028 4108 2825 2239 1283 1920 811 469 472 342 646 296 441 436 412 169 586 510 366 330 167 162 151 214 144 219 116 150 199 217 111 116 134 1274 89 205 243 216 459 225 76 204 72 178 162
cat_boundaries=0 1 2 3 4 5 6 7 8 9 10 11 12 13 14
cat_threshold=5 2 8 12 2 1 2 1 1 9 1 2 1 2
is_linear=0
shrinkage=0.045618


Tree=59
num_leaves=48
num_cat=16
split_feature=1 9 9 9 5 1 1 5 4 3 1 6 6 7 7 1 7 6 6 7 7 1 3 3 6 7 7 7 7 7 1 7 7 6 1 7 6 6 4 4 7 7 7 7 7 7 1
split_gain=71.8748 32.5867 24.5042 22.7942 17.3695 11.8998 10.4965 8.97543 8.60968 8.36569 6.48453 6.1176 14.8416 8.37084 13.8212 6.07316 5.17385 4.62966 8.3873 9.4588 4.62383 4.58293 4.24183 3.97064 3.54025 5.72462 3.8519 3.41111 3.14447 2.98996 2.97191 2.92209 3.42978 2.41607 2.40208 2.34217 2.59496 1.87577 1.79235 5.42878 2.01486 1.70039 3.91641 1.21168 0.572041 0.383145 0.017794
threshold=49.019619844933381 0 1 2 3 37.500000000000007 71.485938690576774 4 5 0.99894807841205846 58.994499616780779 6 7 85.58782645991117 73.671442354197879 62.739042066856292 103.28922227186466 8 9 79.033286701613804 113.81686343630531 72.994574074741976 0.013753533766385053 0.99894807841205846 10 106.12444971876043 143.36701218771179 65.10419262931255 202.07060069775869 86.594998706288649 45.016887313445757 75.057106984959816 104.08500000000002 11 68.992685870561175 80.817096056165965 12 13 14 15 70.203510349377396 93.25534506633845 105.21399713811572 197.55360694077675 143.36701218771179 194.90665862735761 58.568983284623869
decision_type=2 9 9 9 9 2 2 9 9 2 2 9 9 2 2 2 2 9 9 2 2 2 2 2 9 2 2 2 2 2 2 2 2 9 2 2 9 9 9 9 2 2 2 2 2 2 2
left_child=5 4 15 22 6 35 8 21 10 31 29 27 13 14 -13 16 46 34 19 -19 -18 33 24 -24 26 -26 -4 -7 -12 -2 -16 37 -33 -6 -17 36 -1 -8 -38 40 -40 -29 -43 -36 -15 -44 -3
right_child=1 2 3 -5 7 11 9 -9 -10 -11 28 12 -14 44 30 17 20 18 -20 -21 -22 -23 23 -25 25 -27 -28 41 -30 -31 -32 32 -34 -35 43 -37 38 -39 39 -41 -42 42 45 -45 -46 -47 -48
leaf_value=-0.046342691516920942 0.0025602946429847517 -0.041103379121624102 -0.030547536733645273 0.04451589128310679 -0.0081907642001352136 0.0094403022060360348 0.0047921772817773782 0.035778469726111505 0.028529613389012339 -0.032685106790601902 -0.048940486904307995 -0.050486100298886678 0.05467949446379966 -0.048558088534780684 0.0089862963592162622 0.017491959771738067 0.034308546665887174 0.040171002666682755 0.049201482417842606 -0.012769420241771065 -0.015293978251725449 -0.033621649845379326 0.047785533012026558 0.0049521309423443518 0.025694290101751834 -0.023917648396905668 0.013873470662928008 -0.049411003812637334 -0.016370440714863214 -0.02425121684422676 0.057611240158037182 -0.011671291663061975 0.013977691266043108 0.02432154148072721 -0.002358080724762963 -0.047607673488272391 -0.043901635542090492 0.033749345608824727 -0.045395318995709151 0.049017581392516156 -0.0013515865585045192 0.01468580369821158 -0.047695725548094571 -0.026299200277463051 -0.020120984322132628 -0.018435926441376965 -0.024881250782355417
leaf_weight=9.3934501372277737 16.562642090022564 7.302866745740177 12.484497994184496 139.72857720404863 8.6032558940351009 4.0436422638595131 7.9242229908704758 29.210779085755348 6.5070462077856055 10.96746054291725 23.334289625287056 5.5363379493355813 8.2693432345986349 9.0986401066184026 5.2741426043212396 8.4538255706429499 6.0669247135520008 10.89337193220854 14.480422154068945 18.689415462315083 10.035498321056364 7.1752771362662306 8.3162002936005592 10.442702203989029 15.655705623328688 6.6586279720067969 5.5980543345212928 9.6014432311058062 9.6460148245096189 17.01835560053587 6.0092605948448181 18.545569844543934 25.210105195641518 9.7019638195633924 13.278959058225157 32.380356058478355 3.2296129241585732 13.752180039882662 4.1417315565049648 2.6392047554254505 4.926770132035017 3.8384594991803151 5.3410819359123707 6.951174944639205 3.3215313851833335 2.607349120080471 4.38619140163064
leaf_count=225 98 61 83 1909 59 29 39 321 33 46 171 57 45 120 53 37 37 58 124 93 51 35 67 36 89 32 23 134 46 121 34 84 97 57 58 815 60 76 81 10 83 46 75 37 32 21 30
internal_value=0.0076873 0.0152465 0.0244345 0.033878 0.000508628 -0.0240453 -0.00757475 0.0204117 -0.0204292 0.00367175 -0.0253851 -0.0102007 0.00137356 -0.0137782 0.00690039 0.00429551 -0.0132456 0.0116903 0.0209548 0.00666426 0.00321741 -0.00222708 0.00580597 0.0245955 -0.00141964 0.0105262 -0.0164529 -0.0273835 -0.0397698 -0.0109103 0.0360171 0.00994769 0.00296063 0.00878606 -0.00237533 -0.0392049 -0.0274497 0.0235993 -0.014669 -0.00543695 -0.0227235 -0.034659 -0.0214539 -0.0110793 -0.0419178 -0.0395987 -0.0360985
internal_weight=623.235 503.582 299.423 198.884 204.159 119.652 149.468 54.6913 73.0683 76.3995 66.5613 62.9412 37.5093 29.2399 16.8197 100.539 27.7915 72.7472 44.0632 29.5828 16.1024 25.4805 59.1558 18.7589 40.3969 22.3143 18.0826 25.432 32.9803 33.581 11.2834 65.4321 43.7557 18.3052 28.684 56.7111 24.3308 21.6764 14.9373 11.7077 9.0685 21.3883 11.7869 20.2301 12.4202 7.94843 11.6891
internal_count=6028 4108 2825 2239 1283 1920 811 472 469 342 436 646 341 296 144 586 179 407 275 151 88 151 330 103 227 121 106 305 217 219 87 296 181 116 132 1274 459 115 234 174 164 276 142 95 152 96 91
cat_boundaries=0 1 2 3 4 5 6 7 8 9 10 11 12 13 14 15 16
cat_threshold=5 2 8 12 1 2 1 2 2 1 2 1 1 1 2 1
is_linear=0
shrinkage=0.045618


Tree=60
num_leaves=36
num_cat=8
split_feature=1 5 5 9 9 9 5 5 1 3 8 1 2 8 8 1 8 8 8 1 1 3 1 4 1 1 1 1 8 8 8 1 8 1 8
split_gain=69.7231 25.7098 30.6838 15.9678 12.18 21.4013 11.3653 9.93799 9.45984 8.52466 7.93323 6.42803 5.35271 4.94809 4.59166 4.43644 3.83206 6.1147 3.74565 3.60039 3.59669 3.31327 3.26018 2.95936 2.94234 2.9229 2.68213 2.10605 1.94998 1.86566 1.58316 1.50817 0.787269 0.754502 0.226709
threshold=49.019619844933381 0 1 2 3 4 5 6 67.569895555989987 0.99894807841205846 31.407649419025329 39.115616086994201 0.019727718657930663 25.10151945013185 27.257897378672286 55.000954631733443 30.80474892932931 29.402374006002102 23.787398181289181 58.994499616780779 60.970532941090745 0.13788394159170189 63.304002118758397 7 56.998935247660832 59.996844235236182 47.004639972494182 79.06131297025793 29.600711524797383 24.501839874965686 28.285576588577086 1.5200000000000002 37.813142355451383 58.994499616780779 25.10151945013185
decision_type=2 9 9 9 9 9 9 9 2 2 2 2 2 2 2 2 2 2 2 2 2 2 2 9 2 2 2 2 2 2 2 2 2 2 2
left_child=6 3 10 8 15 20 11 32 13 23 14 31 16 -2 29 -5 17 26 -17 24 28 -22 -16 27 -15 -20 -13 -10 -6 -3 -21 -1 34 -12 -8
right_child=1 2 -4 4 5 -7 7 -9 9 -11 33 12 -14 19 22 18 -18 -19 25 30 21 -23 -24 -25 -26 -27 -28 -29 -30 -31 -32 -33 -34 -35 -36
leaf_value=-0.0041289353438507806 -0.052657653709819001 0.0032241911411311935 0.043438537148143934 -0.029864080952295622 -0.0038609131641178722 0.041409739198194788 -0.021918932339940592 0.02599560418643479 0.0016917310522066133 -0.029465352277907194 -0.019069939808720068 -0.042455220504468025 0.013868736530326 -0.0134502254182836 -0.00027247180081704694 -0.027183405382541395 -0.04937661115911008 0.02946329338256273 0.028307795158286384 -0.0098577035580227849 -0.030074428763798115 0.007002557390812192 0.036040808390149941 0.034175091815555995 0.014539076135647351 0.0038858699813196628 -0.00067707861521080386 0.019071959945615315 0.020598708963296308 -0.032400210110962439 -0.03561792269770489 -0.04755746300547066 -0.008042628330613576 -0.048460396711106093 -0.04599096699624957
leaf_weight=2.0996720865368834 7.2849996238946906 5.1187188886106032 104.47103337943554 8.0943934693932516 11.202857054769995 65.335624236613512 3.1797757335007173 12.534413546323776 45.046706452965736 12.224955707788466 4.2251227609813196 10.382588040083652 7.3668716549873343 20.113316006958485 8.9048183783888835 6.5326238423585883 11.606329146772621 4.5129325352609149 12.351562157273291 9.0011756420135516 12.208827316761019 7.9123892784118643 10.961138457059858 10.039169721305369 12.377699024975298 59.891587525606155 5.0314015038311473 21.90108859539032 15.466636992990969 6.3554239124059677 14.52872424200177 45.696888351812959 2.9616629481315622 6.7713017873466015 5.8163025379180908
leaf_count=46 59 29 1472 57 63 842 37 81 213 52 39 149 38 143 53 35 163 35 60 47 71 28 51 46 65 289 34 91 80 43 107 1186 21 49 74
internal_value=0.00750731 0.0148038 0.0302551 0.007252 0.0155272 0.0252632 -0.0251032 0.00562834 -0.00380353 0.00546244 -0.004278 -0.0309372 -0.0202659 -0.0175328 0.00628685 0.00156043 -0.028477 -0.0155981 0.00513825 -0.0126707 -0.000553312 -0.0152673 0.0196235 0.011156 -0.00257118 0.00821891 -0.029414 0.00751314 0.010143 -0.0162061 -0.0262045 -0.0458067 -0.01758 -0.0383054 -0.0388686
internal_weight=609.511 498.322 146.808 351.514 198.997 112.126 111.189 24.4922 152.518 89.2119 42.3365 86.6967 38.9001 63.3059 31.3401 86.8702 31.5333 19.9269 78.7758 56.0209 46.7907 20.1212 19.866 76.987 32.491 72.2431 15.414 66.9478 26.6695 11.4741 23.5299 47.7966 11.9577 10.9964 8.99608
internal_count=5948 4084 1736 2348 1525 1084 1864 213 823 402 264 1651 419 421 176 441 381 218 384 362 242 99 104 350 208 349 183 304 143 72 154 1232 132 88 111
cat_boundaries=0 1 2 3 4 5 6 7 8
cat_threshold=12 1 5 2 8 21 8 2
is_linear=0
shrinkage=0.045618


Tree=61
num_leaves=37
num_cat=12
split_feature=1 5 5 9 0 9 9 5 1 2 3 8 1 8 8 8 1 8 0 1 1 0 0 0 1 1 1 2 3 1 8 0 8 1 1 1
split_gain=64.9909 24.7086 29.6968 14.9295 13.9829 11.6903 20.7764 11.2416 8.7356 8.73525 7.81952 7.40111 6.39661 5.05264 4.78371 4.19139 4.10639 3.43382 3.35273 3.34837 3.31243 3.6314 3.04162 2.89856 2.69409 2.67088 2.62003 2.26699 2.22226 2.19033 1.84006 1.83095 2.21012 1.77671 0.952475 0.739419
threshold=49.019619844933381 0 1 2 3 4 5 6 67.569895555989987 0.019727718657930663 0.99894807841205846 31.407649419025329 44.071135056329894 30.80474892932931 25.10151945013185 27.257897378672286 55.000954631733443 23.787398181289181 7 58.994499616780779 61.998047812628364 8 9 10 56.998935247660832 59.996844235236182 73.208146300600887 0.057087398054918921 0.13788394159170189 46.972767339246097 24.407058295166923 11 29.265362212069 2.2428174031133308 38.006575028449809 62.952629132408553
decision_type=2 9 9 9 9 9 9 9 2 2 2 2 2 2 2 2 2 2 9 2 2 9 9 9 2 2 2 2 2 2 2 9 2 2 2 2
left_child=4 3 11 8 -1 16 20 9 14 12 23 15 33 29 -2 30 -5 -18 -17 24 21 -7 -21 27 -16 -19 -25 -10 -22 -14 -3 32 34 -6 -9 -13
right_child=1 2 -4 5 7 6 -8 31 10 -11 -12 35 13 -15 19 18 17 25 -20 22 28 -23 -24 26 -26 -27 -28 -29 -30 -31 -32 -33 -34 -35 -36 -37
leaf_value=-0.048546901890463678 -0.052133595222959711 0.0039727932320064423 0.043199607387548272 -0.029016601818475336 0 -0.011180209662335017 0.041113134450567954 0.03603360078218773 -0.0049656006770167566 0.022835804258905589 -0.028341123169863078 -0.023026996442388512 0.029711237448375612 -0.049165298328343141 -0.012937554818550315 0.036538631096397121 -0.026111443410253916 0.02707683687319009 -0.00014304068587502524 -0.044842175769563133 -0.028973463105735224 0.021853033186706072 -0.010531005528487016 -0.002609002456291185 0.013866438373125588 0.0037093348998163012 0.027833972422591551 0.016115806609488446 0.0025307360033415363 -0.0092485490098709374 -0.031534757783701441 0.048413965699178323 -0.012765743862936472 -0.047127602180622563 0.0070887666520258168 -0.051708549739151809
leaf_weight=34.480156023055315 7.0305944234132758 5.0381992831826228 100.4069874919951 7.9601853340864173 1.7988399751484418 10.932626746594906 62.934163570404053 6.1505773216485959 27.588182374835014 6.4712864309549323 12.140585608780382 5.8773093186318857 4.9247783459723014 4.3790666013956061 19.968384295701981 10.289017476141451 6.5001414716243735 12.334178268909453 9.5759494528174418 9.6723082363605499 10.748646304011347 17.476395517587662 13.572000920772552 7.1197735145688048 12.396046407520769 59.890035666525364 25.408203564584255 16.750920094549656 7.458674043416976 6.71861282736063 6.3796874582767487 4.0150625035166749 4.4487772993743429 29.72067353874445 4.9731753841042519 4.900498628616333
leaf_count=733 59 28 1472 57 46 49 842 40 125 33 52 54 33 43 143 52 35 60 52 61 64 102 93 31 65 289 116 78 27 45 44 29 45 773 44 34
internal_value=0.00737847 0.014445 0.0298454 0.00704586 -0.024589 0.015119 0.0248079 -0.0131723 -0.0036573 -0.0217378 0.0052314 -0.00412619 -0.0325628 -0.00845411 -0.0169437 0.00600246 0.00148562 0.00490756 0.0187325 -0.0121997 -0.000527953 0.00893422 -0.0253539 0.010679 -0.0024559 0.00785447 0.0210064 0.00289786 -0.0158495 0.00694291 -0.0155457 0.0140127 0.0130866 -0.0444815 0.0240224 -0.0373902
internal_weight=598.431 490.35 142.468 347.882 108.081 196.235 109.551 73.6009 151.647 54.0133 89.0077 42.0607 47.542 16.0225 62.6393 31.2829 86.6845 78.7244 19.865 55.6087 46.6163 28.409 23.2443 76.8671 32.3644 72.2242 32.528 44.3391 18.2073 11.6434 11.4179 19.5876 15.5725 31.5195 11.1238 10.7778
internal_count=5948 4084 1736 2348 1864 1525 1084 1131 823 973 402 264 940 121 421 176 441 384 104 362 242 151 154 350 208 349 147 203 91 78 72 158 129 819 84 88
cat_boundaries=0 1 2 3 4 5 6 7 8 9 10 11 12
cat_threshold=12 1 5 2 2 8 21 1 2 2 1 1
is_linear=0
shrinkage=0.045618


Tree=62
num_leaves=34
num_cat=10
split_feature=1 5 5 9 9 9 7 8 1 9 7 1 8 7 9 1 1 7 8 7 7 0 0 8 7 7 6 1 8 1 7 1 7
split_gain=56.3352 33.0604 43.24 13.0102 8.87069 11.9553 9.07441 10.3547 8.84748 8.76912 7.59719 7.23576 6.1852 5.68881 7.04234 5.64228 5.31277 5.29829 4.89137 4.75427 5.64434 4.26135 3.73654 3.60552 2.96583 2.26779 4.27146 2.06972 2.13099 2.06301 0.87574 0.472181 0.326031
threshold=42.092911427657448 0 1 2 3 4 106.66500000000002 30.300519129400026 56.998935247660832 5 220.15774690439702 78.96224711734142 31.378673569071683 84.02500000000002 6 51.747906192857698 75.985446414278286 220.15774690439702 31.902756250700431 180.77066635754616 200.45213470254632 7 8 25.201217870273684 90.794458396778211 59.875000000000007 9 70.936266451741091 28.699296493860874 1.8400000000000001 106.66500000000002 23.500000000000004 145.24000000000004
decision_type=2 9 9 9 9 9 2 2 2 9 2 2 2 2 9 2 2 2 2 2 2 9 9 2 2 2 9 2 2 2 2 2 2
left_child=13 9 3 10 6 8 7 -5 -6 16 11 18 -8 14 29 21 27 19 -3 23 -21 -11 -13 -17 -18 -16 -27 28 30 -1 -2 -28 -30
right_child=1 2 -4 4 5 -7 12 -9 -10 15 -12 22 -14 -15 25 17 24 -19 -20 20 -22 -23 -24 -25 -26 26 31 -29 32 -31 -32 -33 -34
leaf_value=0.0036274814483979036 -0.02701270364542838 -0.0060495190895106096 0.043273616253687142 0.000454568664890442 -0.03916450869452838 0.040569668440540795 -0.0049731178294988949 -0.058375914314316768 0.014299979414576171 -0.050461671752221396 0.028747496464610913 -0.00013913641002333892 0.032239974753500537 -0.047350304972971817 0.051218885352919949 -0.023401090146601206 -0.025620096564831257 -0.035294673361306809 -0.03027597057803575 0.048929956850544715 -0.00128027763293798 0.0012107739361328 0.041249157823669322 0.0080131842319765972 0.0087657902944744005 -0.042329505707455924 0.036245808394080363 -0.060118714216399881 -0.03366686684853426 -0.047797203972351154 -0.0017407371741999973 0.010523648862504733 -0.057201379392699196
leaf_weight=1.5016717687249208 5.6612301357090526 59.905390731990337 101.77635386958718 22.688133429735903 7.647280689328908 50.50244639441371 14.783494509756563 8.2590332701802236 34.8884197473526 6.6197347752749902 13.188573993742464 9.4959767311811447 23.472576640546322 31.10080897808075 2.7525074146687976 8.6557787582278234 8.6339534074068087 5.576720565557479 24.847813680768013 11.687921125441791 7.2488088905811301 5.9972614366561174 7.9884681254625329 51.11541797593236 12.210424602031706 2.6453703939914694 3.1870523951947671 6.1290099322795859 9.3013136982917768 18.443348987028003 6.7345485091209412 4.8795199505984783 3.772231549024581
leaf_count=29 47 383 1520 121 82 663 72 56 166 67 53 44 119 857 13 65 39 27 183 88 35 48 39 365 51 61 26 35 92 436 38 56 22
internal_value=0.00696357 0.0118851 0.0187556 0.00853048 0.0165966 0.0257362 0.00250076 -0.0153391 0.0035607 -0.00635969 -0.00318501 -0.00772763 0.0177497 -0.0331876 -0.0196 0.00207574 -0.0198434 0.00662358 -0.0132841 0.00976055 0.0295848 -0.0258037 0.0186886 0.00329246 -0.00529655 0.00903961 0.0051108 -0.0353805 -0.0287321 -0.0291557 -0.0140408 0.0221156 -0.0417407
internal_weight=593.299 528.788 379.444 277.668 162.241 93.0381 69.2032 30.9472 42.5357 149.344 115.426 102.238 38.2561 64.5103 33.4095 96.9016 52.4427 84.2846 84.7532 78.7079 18.9367 12.617 17.4844 59.7712 20.8444 13.4645 10.7119 31.5983 25.4693 19.945 12.3958 8.06657 13.0735
internal_count=5998 4520 3501 1981 1279 911 368 177 248 1019 702 649 191 1478 621 695 324 580 566 553 123 115 83 430 90 156 143 234 199 465 85 82 114
cat_boundaries=0 1 2 3 4 5 6 7 8 9 10
cat_threshold=9 4 12 2 1 3 5 1 1 1
is_linear=0
shrinkage=0.045618


Tree=63
num_leaves=34
num_cat=10
split_feature=1 5 5 0 0 1 8 9 7 9 1 1 7 7 7 1 9 7 0 8 7 9 7 4 1 1 8 7 7 1 7 7 7
split_gain=52.9534 31.0921 42.0292 12.2058 26.5571 13.6557 18.044 8.11228 5.60855 6.59273 5.22696 5.04965 4.88984 4.41012 5.30733 4.40478 5.69703 6.63037 4.11374 3.30815 2.72473 2.62184 2.08233 4.46571 2.03697 1.98394 2.05276 1.57028 1.3006 1.04405 2.23102 0.819902 0.390623
threshold=42.092911427657448 0 1 2 3 75.002921032621373 27.203168648674119 4 84.02500000000002 5 51.747906192857698 75.985446414278286 220.15774690439702 180.77066635754616 200.45213470254632 46.972767339246097 6 220.90587831465999 7 25.201217870273684 90.794458396778211 8 59.875000000000007 9 1.8400000000000001 70.936266451741091 28.699296493860874 104.42223390983594 78.58379851958945 21.500000000000004 79.805000000000021 106.66500000000002 116.04749374590928
decision_type=2 9 9 9 9 2 2 9 2 9 2 2 2 2 2 2 9 2 9 2 2 9 2 9 2 2 2 2 2 2 2 2 2
left_child=8 7 3 15 5 6 -5 11 9 24 18 25 13 19 -15 28 17 -17 -9 -12 -13 -18 -11 -24 -1 26 31 -7 -3 -25 -31 -2 -28
right_child=1 2 -4 4 -6 27 -8 10 -10 22 12 20 -14 14 -16 16 21 -19 -20 -21 -22 -23 23 29 -26 -27 32 -29 -30 30 -32 -33 -34
leaf_value=0.0034727495918063442 -0.026256630160915936 0.041935942856948114 0.043035173299994595 -0.050285172577951683 0.049034819310072648 0.018910477542080379 0.0057456913647339104 -0.050033242157042308 -0.047228396335186898 0.049247717252596517 -0.022540858706668054 -0.024642200777710246 -0.034192616661274357 0.047612238337030634 -0.0012236329082297547 -0.021750214934845035 -0.0068939424838598265 0.02849523046264241 0.0011572452474369736 0.0076478602065190209 0.0083642801242665901 0.013312544539370717 -0.04289077699612482 0.044273695696417363 -0.047629885898414125 -0.059122017207464524 -0.049733257382346678 0.041362896579676033 0.0077973971362062262 -0.019938663115335088 0.037651080270243616 -0.0016643568819451309 -0.027052886008487414
leaf_weight=1.5064630582928682 5.5669470988214069 4.8579877428710443 97.819591864943504 13.865932472050188 39.483760833740234 13.281182620674373 78.78191401809454 6.379242852330206 29.789405984804034 2.7409415505826464 8.5860194563865644 8.5769423544406909 5.5025160834193221 11.474416621029379 7.2483273372054091 51.622191846370697 14.823541231453419 5.8221251070499411 5.9983198903501034 51.123974610120058 12.222802132368086 28.701925508677959 2.7024624180048695 2.8577443026006213 17.682118128985167 5.9556540846824637 7.2028691750019771 17.755500368773937 5.5233065150678158 2.5319780558347702 2.530005294829607 6.7321895062923431 5.5410619825124741
leaf_count=29 47 26 1520 92 463 87 491 67 857 13 65 39 27 88 35 322 89 21 48 365 51 237 58 21 436 35 80 97 56 45 19 38 34
internal_value=0.00682862 0.0115997 0.0183475 0.00830036 0.0165466 0.00605812 -0.00266955 -0.00614613 -0.032806 -0.0191943 0.00198056 -0.0191947 0.00634222 0.00935082 0.0285764 -0.00299192 -0.0059667 -0.0140293 -0.0251326 0.00313756 -0.00506165 0.00631229 0.0086957 0.00491261 -0.028575 -0.0345274 -0.027979 0.0321505 0.0248873 0.0226928 0.00802201 -0.0135536 -0.0409644
internal_weight=582.791 520.45 372.339 274.519 163.168 123.685 92.6478 148.111 62.3411 32.5517 96.3128 51.7985 83.9353 78.4327 18.7227 111.351 100.97 57.4443 12.3776 59.71 20.7997 43.5255 13.3631 10.6222 19.1886 30.9987 25.0431 31.0367 10.3813 7.91973 5.06198 12.2991 12.7439
internal_count=5998 4520 3501 1981 1230 767 583 1019 1478 621 695 324 580 553 123 751 669 343 115 430 90 326 156 143 465 234 199 184 82 85 64 85 114
cat_boundaries=0 1 2 3 4 5 6 7 8 9 10
cat_threshold=9 4 1 2 3 5 6 1 8 2
is_linear=0
shrinkage=0.045618


Tree=64
num_leaves=43
num_cat=18
split_feature=9 9 9 2 2 3 3 6 6 4 8 4 6 6 8 8 8 0 3 8 8 8 6 6 8 8 6 8 0 8 8 0 6 8 8 4 8 8 8 6 8 8
split_gain=29.3685 41.9712 66.7925 12.3735 19.554 10.6989 10.5111 10.3619 15.5505 7.6004 7.48849 6.7538 5.54344 18.6562 4.45387 4.35827 4.34425 4.1255 4.12293 3.60683 3.60545 3.47794 3.24237 9.38574 3.81667 3.16473 2.52947 2.34257 1.96672 1.83262 2.25779 1.28955 1.28427 1.07343 2.16086 0.993197 0.848312 0.71272 0.565422 0.487881 0.338062 0.240145
threshold=0 1 2 1.0000000180025095e-35 0.99977195935954721 0.003533934839724973 0.99894807841205846 3 4 5 27.700160166945487 6 7 8 28.599048306578418 36.570100651547406 28.285576588577086 9 0.15151416969657769 30.99585718815862 46.250000000000007 25.714143593066193 10 11 27.972657389979073 33.21713438994675 12 37.293563301300807 13 27.082049600064039 28.188391085245808 14 15 28.491465896499154 31.759261604588072 16 23.903372770532382 24.407058295166923 28.099371818790381 17 31.208028196170577 31.902756250700431
decision_type=9 9 9 2 2 2 2 9 9 9 2 9 9 9 2 2 2 9 2 2 2 2 9 9 2 2 9 2 9 2 2 9 9 2 2 9 2 2 2 9 2 2
left_child=5 3 7 20 -5 11 -7 10 15 19 31 29 14 33 21 17 -12 -9 -18 32 22 28 25 24 -24 35 -8 40 -13 -1 -31 -3 -6 36 -35 -2 -14 -33 -23 -21 -16 -32
right_child=1 2 -4 4 9 6 26 8 -10 -11 16 12 13 -15 27 -17 18 -19 -20 39 -22 38 23 -25 -26 -27 -28 -29 -30 30 41 37 -34 34 -36 -37 -38 -39 -40 -41 -42 -43
leaf_value=-0.047502389542640605 -0.036888170528978338 -0.063625698020064292 0.045230548768868374 0.048431617157230079 -0.016744259131371338 0.04771061468160092 0.0064585681021168623 -0.012517160539324121 0.049230460978397145 0.030824169275428082 0.026093092340929609 -0.043721332027716671 -0.003321422200398882 0.050288746361129219 -0.056765177966558771 -0.040386568225194902 -0.022587359401075025 0.016574265771404483 0.015765389038748377 -0.048954206555447848 0.027884316601395742 -0.0034239825794424661 -0.029525366606628717 0.047798397360902044 -0.005105567309100602 -0.05218701534198459 -0.025717897507006933 -0.012404310943963772 -0.0030633075399251093 0.0084034227611602709 -0.018962832540451599 -0.014602339270844764 0.0067403710424150292 0.0079290230149597959 -0.019245533762365249 -0.015720802562497558 -0.027338124128987278 -0.045457295386860136 0.012947132045969206 -0.024501559286147494 -0.036527041965716288 -0.045720922933098734
leaf_weight=15.919444950297477 6.2521105706691742 5.7938584424555302 130.81766051054001 19.293338641524315 9.7275599017739331 11.287242643535139 11.872666500508785 19.974125999957323 15.506233152002094 8.1044887229800207 6.5782982856035224 6.9709543790668249 4.5958539880812195 11.308217782527207 7.1403468698263231 5.555404305458068 25.240841023623943 20.060852786526084 7.2020244039595118 5.8734426572918874 3.6810406390577546 9.7993274778127688 22.45368911139667 5.1930311135947695 34.471506051719189 7.93127192929387 8.3483671769499779 6.7519425526261321 4.3611065596342105 3.3382272738963348 2.7827078923583031 4.2039326056838018 8.8239366188645363 10.076659183949234 14.036096742376683 30.455558435991406 16.260824227705598 4.0375902689993382 7.1483343970030537 5.6534538641571999 9.5875108782201988 3.565627034753561
leaf_count=488 145 40 1968 228 49 105 52 111 140 40 29 68 42 75 52 52 175 156 34 36 32 60 237 50 303 100 40 63 29 48 46 38 52 80 122 284 132 34 36 33 99 72
internal_value=0.00565143 0.0120064 0.023786 -0.0055224 0.0112258 -0.0102968 0.0128173 -0.00243529 0.01008 -0.00757666 -0.017404 -0.016574 -0.0114536 -0.00140871 -0.0222043 -0.00326774 -0.00683855 0.00191558 -0.0138346 -0.0182746 -0.0147992 -0.00959403 -0.0163822 -0.00943179 -0.0149217 -0.0258237 -0.00665059 -0.0369047 -0.0289624 -0.0376619 -0.0201804 -0.045795 -0.00529181 -0.0147239 -0.00766291 -0.0196884 -0.0224299 -0.0312261 0.00319285 -0.0381594 -0.0461433 -0.0359459
internal_weight=578.037 412.885 244.971 167.914 57.4762 165.151 31.5083 114.153 61.0966 38.1829 53.0565 133.643 108.037 56.2777 51.7595 45.5904 39.0212 40.035 32.4429 30.0784 110.438 28.2797 106.757 62.1182 56.9252 44.6389 20.221 23.4798 11.3321 25.606 9.68656 14.0354 18.5515 44.9694 24.1128 36.7077 20.8567 8.24152 16.9477 11.5269 16.7279 6.34833
internal_count=6075 4366 2777 1589 438 1709 197 809 459 210 350 1512 858 451 407 319 238 267 209 170 1151 193 1119 590 540 529 92 214 97 654 166 112 101 376 202 429 174 72 96 69 151 118
cat_boundaries=0 1 2 3 4 5 6 7 8 9 10 11 12 13 14 15 16 17 18
cat_threshold=9 4 2 2 1 2 1 2 1 2 1 2 2 1 2 1 1 1
is_linear=0
shrinkage=0.045618


Tree=65
num_leaves=36
num_cat=11
split_feature=1 9 9 9 1 2 2 8 8 6 6 3 2 1 8 4 6 8 6 8 8 1 7 7 7 1 8 8 7 4 4 7 1 7 6
split_gain=45.8718 22.6749 23.106 37.6347 8.80015 8.0793 25.5059 8.63177 12.0748 8.64778 13.8533 9.69713 7.65062 7.4703 10.6096 6.6981 3.887 6.23642 6.06445 5.25514 9.21319 5.09422 3.84076 4.90241 3.97863 3.12474 3.61808 3.12139 3.61471 3.84218 6.50644 3.93491 2.89305 0.580664 0.543437
threshold=45.016887313445757 0 1 2 55.874911427594476 1.0000000180025095e-35 0.99977195935954721 27.972657389979073 28.285576588577086 3 4 0.059170866737767176 1.0000000180025095e-35 57.993845923012096 28.866595152097769 5 6 35.803573964911244 7 29.06771715450645 31.902756250700431 67.987173944602134 152.09649891308138 69.339564477395172 78.357676367935383 54.992085452033173 27.492795631588436 45.387584444699861 82.620814347780225 8 9 80.580000000000013 60.286737420480442 104.69830262048932 10
decision_type=2 9 9 9 2 2 2 2 2 9 9 2 2 2 2 9 9 2 9 2 2 2 2 2 2 2 2 2 2 9 9 2 2 2 9
left_child=12 5 16 4 -4 7 -7 22 34 11 -11 -10 27 -6 -15 25 17 21 19 32 -21 33 23 -2 -25 -8 -27 28 29 -1 31 -31 -18 -3 -9
right_child=1 2 3 -5 13 6 15 8 9 10 -12 -13 -14 14 -16 -17 18 -19 -20 20 -22 -23 -24 24 -26 26 -28 -29 -30 30 -32 -33 -34 -35 -36
leaf_value=-0.04640906521008481 -0.055143581170342425 -0.034613777003357618 -0.045061140163771274 0.043668474643256447 0.04390488104725622 0.048508877466615093 0.013427740541592265 0.026405667339012926 -0.032387249380471453 -0.0038085794980013497 0.051782158883116922 0.024173734187752 0.0075170033865076423 0.013266416910770155 -0.031158567015103826 0.026946633783027887 -0.04845775254056902 0.016386895640690433 0.047698790825699611 0.044304077277882957 -0.020826780637272564 0.00018938344080933597 -0.050144287981289497 0.01551579031147159 -0.017946692513137952 0.0039522372178414297 -0.027429991922528478 0.013290499148826672 -0.046193715397885332 -0.032119326114060681 0.046229508265987207 0.031226603829591037 -0.0021135679144351272 -0.060325744138111474 0.048965966711839073
leaf_weight=9.6438608821481466 5.4208692088723174 7.5667447447776848 8.0479421801865083 115.72385298833251 8.6157469451427442 26.743472140282393 7.1353516057133666 6.8920434191823006 31.10366340726614 50.109317347407341 11.202319569885729 7.6022425591945639 10.656123157590626 33.086248699575663 16.610068000853062 10.311983585357664 5.9647968858480471 7.7616715505719176 5.6058928854763499 8.9982720389962214 8.5476986952126008 6.8925259262323371 7.9496619999408713 9.7292968146502954 27.372677188366652 10.08954932540655 27.126700349152088 2.5358558576554051 33.031702473759651 13.6134912725538 3.1991413608193406 2.1202253848314294 5.7104112133383751 5.8400217443704605 8.0459752082824689
leaf_count=221 38 57 88 1927 44 313 41 31 212 299 91 33 61 170 116 51 39 45 51 43 51 37 45 50 203 48 140 48 968 340 21 31 30 36 56
internal_value=0.00553564 0.0106091 0.0200443 0.0282502 -0.000794346 0.000383735 0.0121694 -0.00536335 0.00149816 -0.00418614 0.00639204 -0.0210457 -0.0276739 0.00521543 -0.00152678 -0.00561556 -0.0042568 -0.0175517 0.00510407 -0.00314325 0.012355 -0.0308685 -0.0210545 -0.0152458 -0.00896574 -0.0134198 -0.0187814 -0.0336227 -0.0356941 -0.0230871 -0.0104948 -0.0228865 -0.0267625 -0.0470456 0.0394901
internal_weight=566.607 491.807 244.972 182.084 66.36 246.835 81.4071 165.428 114.956 100.018 61.3116 38.7059 74.8004 58.3121 49.6963 54.6636 62.888 28.061 34.8271 29.2212 17.546 20.2993 50.4725 42.5228 37.102 44.3516 37.2162 64.1443 61.6084 28.5767 18.9329 15.7337 11.6752 13.4068 14.938
internal_count=6075 4385 2734 2345 418 1651 593 1058 722 635 390 245 1690 330 286 280 389 175 214 163 94 130 336 291 253 229 188 1629 1581 613 392 371 69 93 87
cat_boundaries=0 1 2 3 4 5 6 7 8 9 10 11
cat_threshold=6 8 1 1 2 2 2 1 2 1 2
is_linear=0
shrinkage=0.045618


Tree=66
num_leaves=40
num_cat=11
split_feature=1 9 9 9 2 2 1 1 2 1 0 0 1 4 2 6 6 8 1 3 1 1 2 1 8 8 6 4 4 8 8 8 1 8 8 1 8 8 8
split_gain=42.2077 20.4005 26.9211 41.3799 10.7484 12.2114 10.6484 9.78938 6.40116 8.1912 6.23654 8.30562 5.82598 5.72077 5.15957 4.65306 14.6974 4.55978 3.12638 4.01033 3.07565 2.77783 2.31524 4.87919 2.1949 8.53862 2.0661 2.55492 6.71338 2.2872 3.92885 1.72755 1.50385 1.33374 1.25753 0.99754 0.613004 0.568624 2.15732
threshold=42.092911427657448 0 1 2 1.0000000180025095e-35 0.99977195935954721 56.001575699917957 76.963130737918092 0.99977195935954721 55.874911427594476 3 4 58.994499616780779 5 0.14333562375712508 6 7 27.700160166945487 59.996844235236182 0.003533934839724973 74.937935396884527 53.004253282543161 0.010368613865304912 63.906134626296996 31.378673569071683 24.802644716683119 8 9 10 23.903372770532382 28.188391085245808 30.501750315661734 78.121740007346361 29.775796703539815 28.099371818790381 54.992085452033173 33.21713438994675 28.500995548279327 31.378673569071683
decision_type=2 9 9 9 2 2 2 2 2 2 9 9 2 9 2 9 9 2 2 2 2 2 2 2 2 2 9 9 9 2 2 2 2 2 2 2 2 2 2
left_child=14 6 4 8 7 -6 13 10 9 36 33 -12 -11 21 26 17 22 32 -19 -20 31 37 23 -17 25 -9 -1 -28 29 -29 -31 -7 -8 -3 -24 -23 -4 -2 -39
right_child=1 2 3 -5 5 20 15 24 -10 12 11 -13 -14 -15 -16 16 -18 18 19 -21 -22 35 34 -25 -26 -27 27 28 -30 30 -32 -33 -34 -35 -36 -37 -38 38 -40
leaf_value=-0.046494224685482047 -0.052042561625016803 -0.025981888007956814 -0.048084258188937627 0.043887855047933119 0.048187330397748994 -0.0021364550711302295 -0.03625165538059022 0.052305061083191086 -0.048338340942229621 0.038285425027944048 -0.01441598503803216 0.051190187141859647 0.00055570205313879224 0.01873006938648147 0.0077928517664847246 0.015848935142948009 0.048800322346766012 0.023431186032046761 -0.01741778595515665 0.01943378626167418 -0.018908532658028436 0 0.029969980648341308 -0.019361149767734186 0.030431822812833485 -0.015529241476183375 -0.046152792148367698 -0.045647376025245358 0.045959570605264448 0.011599925981931552 -0.044699070778675333 0.022020314980944807 -0.0059306104908670686 -0.052368491922602026 0.0022318805066349721 -0.025554737270820256 -0.017414932835571429 -0.0048794806598148549 -0.044392644112437429
leaf_weight=21.729155104607344 7.8643169440329102 11.149034820497038 5.6190820820629579 117.63453119248152 17.997261334210634 10.791840691119434 10.729697138071062 5.2247954308986726 5.6402196958661071 10.731686417013405 40.344204884022474 4.2181204929947844 40.009629167616367 5.4863510318100444 6.1859732680022708 12.225342091172932 16.389859635382891 10.414051901549099 19.045834377408031 8.709361866116522 10.152128823101519 6.9744872823357564 6.0746033489704123 23.230051502585411 10.668912149965761 12.975906882435082 9.7878620494157076 7.944716993719342 2.778304114937785 5.855006752535699 4.1607428342103958 12.838292222470043 5.8662360459566107 9.1104305330663902 8.6781238280236703 6.1445663198828697 3.2474958337843418 4.6443822719156733 9.7917476631700975
leaf_count=723 76 87 70 2012 225 61 63 27 31 58 316 29 241 38 39 72 163 54 102 38 48 43 35 123 50 64 256 260 16 95 106 68 28 88 52 47 43 36 91
internal_value=0.00599815 0.0103761 0.0166322 0.0280813 0.00130056 0.0180641 -0.00308391 -0.00777908 -0.00241659 0.00157796 -0.0176456 -0.00785111 0.0087855 -0.0233574 -0.030552 0.00347347 0.01159 -0.00628987 0.00226631 -0.0055705 0.00162978 -0.0301253 -0.000588944 -0.00702307 0.0141267 0.00398686 -0.0352235 -0.0267295 -0.016886 -0.0273786 -0.0116241 0.0108061 -0.0261177 -0.0385767 0.0143362 -0.0124803 -0.0382151 -0.0400106 -0.0323641
internal_weight=549.064 490.623 328.354 182.883 145.471 51.7795 162.269 93.6914 65.2481 59.6079 64.8218 44.5623 50.7413 40.9059 58.4418 121.363 66.598 54.7652 38.1692 27.7552 33.7823 35.4195 50.2081 35.4554 28.8696 18.2007 52.2558 30.5266 20.7388 17.9605 10.0157 23.6301 16.5959 20.2595 14.7527 13.1191 8.86658 22.3004 14.4361
internal_count=6074 4579 3518 2455 1063 402 1061 661 443 412 520 345 299 331 1495 730 445 285 194 140 177 293 282 195 141 91 1456 733 477 461 201 129 91 175 87 90 113 203 127
cat_boundaries=0 1 2 3 4 5 6 7 8 9 10 11
cat_threshold=10 4 1 2 1 2 2 1 1 2 1
is_linear=0
shrinkage=0.045618


Tree=67
num_leaves=35
num_cat=9
split_feature=1 5 5 2 2 7 9 1 9 1 1 7 0 0 7 7 1 4 7 7 8 7 2 4 7 1 7 0 1 1 7 7 1 7
split_gain=39.6708 26.0104 31.5722 12.052 29.2434 6.90039 7.10755 6.73707 8.35837 10.5379 8.53043 7.45938 6.88288 11.5772 5.47997 6.08417 4.3471 5.52656 5.52555 3.67444 3.1466 2.31333 2.27437 4.1431 2.00265 1.99779 1.67152 1.58354 1.49093 1.33854 4.16795 1.19862 0.605146 0.00600179
threshold=42.092911427657448 0 1 1.0000000180025095e-35 0.99977195935954721 82.435000000000016 2 56.001575699917957 3 79.06131297025793 59.996844235236182 100.78000000000002 4 5 232.31323960145275 77.002885607562334 53.938484311053749 6 106.12444971876043 166.94929875483135 25.502828488681718 86.594998706288649 0.14333562375712508 7 67.546144025160146 2.2428174031133308 122.42000000000002 8 69.836196364742463 49.995846964799846 103.63469102593028 74.401967656514628 68.992685870561175 100.16589828750818
decision_type=2 9 9 2 2 2 9 2 9 2 2 2 9 9 2 2 2 9 2 2 2 2 2 9 2 2 2 9 2 2 2 2 2 2
left_child=5 3 16 7 -5 6 25 12 9 26 21 -12 29 20 15 28 17 -3 24 -17 -14 -10 23 -8 -18 -1 -9 -20 -6 30 -2 -25 -26 -31
right_child=1 2 -4 4 14 -7 22 8 10 -11 11 -13 13 -15 -16 19 18 -19 27 -21 -22 -23 -24 31 32 -27 -28 -29 -30 33 -32 -33 -34 -35
leaf_value=0.0038590958903829183 -0.046259581331305137 -0.049598664394547402 0.042264967131930932 0.048306012968057352 0.034490149251216462 -0.045874967077049932 -0.041244443684517962 -0.014947690985511108 0.051310826665062689 0.021336898526453593 -0.010732311183617525 0.015276609932532827 -0.040600432017410475 0.050299428028738442 0.037040193362617171 -0.030178561663087054 0.0055105194739890158 0.021390785385648023 0.028204263148068065 -0.0026599051099444374 -0.0073886681284536359 0.020642218640596319 0.053180707442579501 0.0068546942954867043 -0.017495799429257729 -0.04722057983653493 -0.033214054253186021 0.0011508446965063995 0.0046030790709960939 -0.03642151393764121 0.018738954231718678 0.047357784751081815 -0.043003011869035053 -0.053633290149171869
leaf_weight=1.5098996870219696 4.6395685374736813 8.2159075718373042 86.139244999736547 37.383236177265644 6.057942032814025 28.732662005349994 2.2970048617571619 35.137037664651871 10.206681329756977 15.571450889110563 40.586454033851624 51.883681133389473 7.4419712927192441 6.5834246166050425 6.3032529838383189 20.02547837048769 4.6542451307177535 2.8475867621600619 11.822008922696114 21.332137450575829 30.658153247088194 13.094465460628269 3.2559384405612937 3.8218619897961608 6.5885824263095838 13.921423463150857 16.816527724266052 8.0209436006844044 9.2749841362237913 7.2634288072586042 3.2308008223772049 3.0452669374644756 4.383471392095089 5.9594601914286613
leaf_count=39 72 104 1549 508 28 927 58 223 80 57 312 362 70 52 54 110 28 20 55 119 261 100 11 49 62 382 85 45 57 65 31 29 26 44
internal_value=0.00587223 0.0101261 0.0264898 0.00303874 0.0164601 -0.0301645 -0.0135077 -0.00223265 0.00223511 -0.0097411 0.00931595 0.00379514 -0.0147441 -0.00438845 -0.00243965 -0.00706203 -0.0049537 -0.0307141 0.0016545 -0.0162216 -0.0142297 0.0346869 0.0118958 0.00836553 -0.018302 -0.0255249 -0.0210921 0.0177092 0.0171256 -0.0361234 -0.019016 0.0265877 -0.0288733 -0.0453754
internal_weight=538.706 482.122 132.672 349.45 100.377 56.5841 27.8514 249.073 183.296 67.525 115.771 92.4701 65.7768 44.6835 62.9938 56.6905 46.5327 11.0635 35.4693 41.3576 38.1001 23.3011 12.4201 9.16413 15.6263 15.4313 51.9536 19.843 15.3329 21.0933 7.87037 6.86713 10.9721 13.2229
internal_count=6074 4579 1889 2690 876 1495 568 1814 1219 365 854 674 595 383 368 314 340 124 216 229 331 180 147 136 116 421 308 100 85 212 103 78 88 109
cat_boundaries=0 1 2 3 4 5 6 7 8 9
cat_threshold=12 1 5 12 2 1 2 2 1
is_linear=0
shrinkage=0.045618


Tree=68
num_leaves=37
num_cat=11
split_feature=1 5 5 9 9 9 1 3 0 7 2 7 0 0 1 7 1 1 7 7 7 1 1 7 7 7 1 7 0 7 7 4 4 7 7 1
split_gain=43.6365 21.4084 29.5353 13.6257 15.1548 17.003 6.8711 7.03764 8.73927 6.3814 6.18321 9.12168 5.72546 9.24998 4.69904 4.30891 3.53393 3.68476 3.3114 9.88397 4.61138 2.69001 3.30008 2.60105 2.41328 1.85155 6.02694 5.77164 1.82467 1.7344 1.90926 1.92462 4.61573 2.23319 0.999977 0.212222
threshold=45.016887313445757 0 1 2 3 4 71.284834830397742 0.99894807841205846 5 71.201792449098406 0.14333562375712508 70.203510349377396 6 7 55.000954631733443 71.821942135848786 63.906134626296996 53.938484311053749 106.12444971876043 197.55360694077675 91.290000000000006 72.994574074741976 68.411027755144033 81.995000000000019 199.85176526112011 96.99493988790671 57.993845923012096 105.21399713811572 8 217.92950017205948 84.02500000000002 9 10 82.190000000000012 135.25500000000002 51.747906192857698
decision_type=2 9 9 9 9 9 2 2 9 2 2 2 9 9 2 2 2 2 2 2 2 2 2 2 2 2 2 2 9 2 2 9 9 2 2 2
left_child=9 3 21 6 14 25 12 8 23 10 11 -1 16 15 35 -14 17 -2 20 -20 -16 22 24 -8 28 26 -6 -27 -3 30 31 -11 33 -33 -10 -5
right_child=1 2 -4 4 5 -7 7 -9 34 29 -12 -13 13 -15 18 -17 -18 -19 19 -21 -22 -23 -24 -25 -26 27 -28 -29 -30 -31 -32 32 -34 -35 -36 -37
leaf_value=-0.043002301741209385 -0.049329635476805196 -0.018380927009266589 0.041878885657142942 -0.021903925822061961 -0.048646930839349102 0.040132858431562488 0.0071827829022452468 -0.03121483144013739 0.03497865273804502 -0.045623018905583991 0.039411054253435558 0.054240139205035717 -0.043704163842584173 0.0516280117851056 0 -0.0060171116979208837 -0.061033277438794976 -0.0086247583957081778 0.030064807519757535 -0.014399798369973748 -0.04005071313292663 -0.030602019533105807 0.032480004403185887 -0.018039423522508806 -0.036851966714521754 0.039891762290696783 0.009699501460473851 -0.0034024042985592484 0.0074624898195218541 0.011588592262016518 -0.045507232674602008 -0.037544921216556615 0.042755379999589616 0.018929075233206371 0.013247787694322222 -0.042023614622953162
leaf_weight=8.9784337989985925 6.9068416282534661 8.4285058788955212 80.946204513311386 5.8214271552860719 5.5805810354650012 53.911907013505697 16.35105599462986 9.7902142405509931 19.379981614649299 6.0862728431820869 4.6511204764246932 2.3243644796311846 7.5658429116010657 4.9560864865779868 25.078523434698582 37.430221054702997 6.6574252694845191 15.032801426947115 22.636459037661552 18.710190013051033 7.6297157406806937 7.9646880924701682 4.8722079321742049 16.868225380778313 4.600631244480609 8.3003967776894552 9.6444730386137945 24.988110311329365 16.19336540251971 1.205784250050782 30.813969407230616 7.6150619648396969 2.2132703214883813 1.4909270796924827 7.5436387956142417 4.230343583971262
leaf_count=247 76 74 1531 46 50 879 77 43 99 152 18 26 55 22 137 272 41 96 102 101 46 42 27 79 31 43 52 133 116 19 947 196 18 29 34 38
internal_value=0.00589911 0.0108882 0.0263663 0.00425979 0.012221 0.0234483 -0.00584506 0.00408703 0.0100275 -0.0288787 -0.00330076 -0.0218253 -0.0154961 -0.00597209 -0.0024441 -0.0126693 -0.0317474 -0.0220743 0.00119111 0.00982297 -0.00952374 -0.0057189 -0.00123608 -0.00547146 -0.00726521 0.00104543 -0.0116609 0.00739272 -0.00121509 -0.0369593 -0.0383482 -0.0249202 -0.012606 -0.0274058 0.0292728 -0.0316804
internal_weight=523.399 458.02 123.006 335.014 186.532 102.425 148.482 69.9331 60.1429 65.3792 15.9539 11.3028 78.5492 49.9522 84.1067 44.9961 28.5971 21.9396 74.0549 41.3466 32.7082 42.0594 34.0947 33.2193 29.2225 48.5136 15.2251 33.2885 24.6219 49.4253 48.2195 17.4055 11.3193 9.10599 26.9236 10.0518
internal_count=5994 4342 1821 2521 1627 1157 894 332 289 1652 291 273 562 349 470 327 213 172 386 203 183 290 248 156 221 278 102 176 190 1361 1342 395 243 225 133 84
cat_boundaries=0 1 2 3 4 5 6 7 8 9 10 11
cat_threshold=12 1 5 2 8 1 2 1 2 2 1
is_linear=0
shrinkage=0.045618


Tree=69
num_leaves=38
num_cat=10
split_feature=1 6 6 5 8 9 1 8 5 7 7 7 7 8 8 9 1 0 0 1 8 1 1 7 8 7 4 4 7 1 1 7 8 7 1 8 8
split_gain=40.9867 22.6433 52.7251 9.50442 12.1915 8.86114 9.53793 8.19527 7.79204 7.55894 6.61124 11.8346 6.12923 7.18568 3.96943 3.62908 6.96249 5.97682 3.10958 3.03976 2.92056 6.4475 2.37156 2.34223 1.85755 1.8797 1.89941 4.31728 2.11283 1.84976 1.1853 1.15772 0.893565 3.61426 0.845126 0.252521 0.133418
threshold=45.016887313445757 0 1 2 26.500537527107884 3 78.46313731894908 28.699296493860874 4 166.94929875483135 197.55360694077675 238.33224723432681 71.201792449098406 27.849517868045961 37.616745318758412 5 56.001575699917957 6 7 67.987173944602134 26.904220082526127 58.994499616780779 76.36559074623888 81.995000000000019 51.650000000000006 84.02500000000002 8 9 82.190000000000012 51.747906192857698 61.00478622897834 67.910000000000011 29.265362212069 60.551503235301176 70.936266451741091 30.402398677635684 45.387584444699861
decision_type=2 9 9 9 2 9 2 2 9 2 2 2 2 2 2 9 2 9 9 2 2 2 2 2 2 2 9 9 2 2 2 2 2 2 2 2 2
left_child=12 5 3 4 -3 6 9 18 15 22 14 35 13 -1 20 17 -17 -5 -6 -9 21 -7 31 -8 25 26 -14 28 -28 -22 -11 -2 -15 -34 -32 -12 -27
right_child=1 2 -4 8 7 10 23 19 -10 30 11 -13 24 32 -16 16 -18 -19 -20 -21 29 -23 -24 -25 -26 36 27 -29 -30 -31 34 -33 33 -35 -36 -37 -38
leaf_value=-0.042052182840899434 -0.0191935888311199 -0.052108338828296817 0.048166011632377874 -0.01917572535301074 -0.001354374182791778 -0.049469993358114403 0.027253271588042312 -0.031779210533618187 0.032372958209586189 -0.017868564115231848 -0.059003778196155689 0.031434019290011932 -0.045408941406541496 0.042922316532131348 -0.027561034412133378 -0.015203663842704251 0.025031939700216756 0.0083446421993256786 0.037632597178551011 -0.0024044804514184261 0.042705382103532218 0.014371341084239516 -0.0050162567447133285 -0.0037532388388508962 0.015807004542468733 -0.046019775203914953 -0.036874716835432662 0.042372784127966745 0.018023900490277699 0.018123322354490188 0.017424217117689458 -0.046755745483625752 0.044540287039220403 -0.018828178278991668 -0.005033483324579582 -0.034866822653509225 -0.012842697896910416
leaf_weight=5.9619944728910914 5.0589798390865353 11.535419002175329 85.984969906508923 25.857722349464893 6.1168605461716652 3.8145081177353886 9.7721869796514529 12.437985878437759 22.533065717667341 6.6443873196840313 4.7640002779662627 6.0221918150782576 5.8426412474364042 2.660582358017562 4.255704913288354 11.091979417949913 40.719256553798914 43.943102777004242 11.757634505629541 18.748612210154533 8.5471243746578676 17.571256689727306 4.4629990085959426 9.5913696438074094 1.096896044909953 28.830977378413085 7.2963101100176573 2.1351210996508607 1.5048094782978294 35.522885117679834 6.2443335689604265 25.337735377252102 3.2502541970461607 3.7380907479673624 6.8016088977456093 5.6982106044888496 0.98960099555551906
leaf_count=178 42 93 1403 132 31 31 59 116 402 43 33 47 152 26 38 98 338 236 63 120 68 178 21 42 14 933 195 18 29 348 35 236 24 63 41 48 20
internal_value=0.00580149 0.0106409 0.0182265 0.0055851 -0.00890351 -0.00310003 -0.0136469 -0.00024269 0.0115407 -0.0252618 0.00668844 -0.0181963 -0.0284829 -0.00317137 0.0136564 0.00542405 0.0136477 -0.00156507 0.0240877 -0.0144557 0.0165125 0.00231712 -0.0379731 0.011703 -0.0365858 -0.0380192 -0.024434 -0.0120106 -0.0265903 0.0232155 -0.00227751 -0.042539 0.0206116 0.010226 0.0053528 -0.0474066 -0.0452262
internal_weight=514.143 450.836 290.727 204.742 60.5965 160.109 73.9136 49.0611 144.145 54.55 86.1959 16.4844 63.3073 15.6109 69.7115 121.612 51.8112 69.8008 17.8745 31.1866 65.4558 21.3858 34.8597 19.3636 47.6964 46.5995 16.7789 10.9362 8.80112 44.07 19.6903 30.3967 9.64893 6.98834 13.0459 10.4622 29.8206
internal_count=5994 4342 3032 1629 423 1310 519 330 1206 418 791 128 1652 291 663 804 436 368 94 236 625 209 299 101 1361 1347 394 242 224 416 119 278 113 87 76 81 953
cat_boundaries=0 1 2 3 4 5 6 7 8 9 10
cat_threshold=1 2 9 5 4 6 2 2 2 1
is_linear=0
shrinkage=0.045618


Tree=70
num_leaves=34
num_cat=8
split_feature=1 9 9 9 3 1 3 1 8 1 6 7 7 7 2 7 7 0 7 6 6 1 0 1 2 7 7 8 7 7 7 1 1
split_gain=40.1953 16.0691 20.3217 42.0071 8.43511 7.60632 7.46341 7.49283 6.01318 5.58281 6.25183 9.28074 8.62016 4.98291 7.79353 6.59744 4.23566 4.18312 3.58161 3.40465 17.5938 3.78165 3.24129 3.49069 3.57708 2.78437 3.60632 2.48229 2.21462 2.07351 1.4971 0.592143 0.113364
threshold=42.092911427657448 0 1 2 0.003533934839724973 55.000954631733443 0.99894807841205846 62.952629132408553 46.250000000000007 78.072442822714876 3 166.94929875483135 77.927445305353913 106.12444971876043 0.010368613865304912 197.55360694077675 106.66500000000002 4 84.02500000000002 5 6 73.996428959115889 7 4.5000000000000009 0.14333562375712508 160.13507499983595 105.74500000000002 37.293563301300807 79.254749456227259 82.190000000000012 93.25534506633845 38.006575028449809 13.500000000000002
decision_type=2 9 9 9 2 2 2 2 2 2 9 2 2 2 2 2 2 9 2 9 9 2 9 2 2 2 2 2 2 2 2 2 2
left_child=18 4 8 5 19 30 -6 -8 9 10 11 -3 -12 14 -7 -15 17 -11 22 21 25 27 -1 -24 28 26 -21 29 32 -2 -4 -30 -25
right_child=1 2 3 -5 6 13 7 -9 -10 16 12 -13 -14 15 -16 -17 -18 -19 -20 20 -22 -23 23 24 -26 -27 -28 -29 31 -31 -32 -33 -34
leaf_value=-0.046300217454048678 -0.011892467134912774 -0.037513594069883006 -0.049040287095083727 0.043173274062869575 0.047165480306826178 -0.01880872482549905 0.029969440583701223 -0.024152324650602262 0.04867063407094227 0.0053602641107000195 0.023637964004485899 0.0070543031499845643 -0.01161354254822115 0.031149057822475654 0.024072619951206516 -0.0034135916564486521 -0.015621885157069292 0.042938773154335336 -0.046812758501257927 -0.015659635880926032 0.049082028031414225 -0.00050508988886605055 0.041635451765646633 -0.012890420111527938 0.029316090705275157 0.0036252888707328881 -0.055578164622472219 0 -0.013882437557260286 -0.042255989790545873 -0.015316588750009682 0.019162717644888853 -0.040806347141344429
leaf_weight=7.6710385400801897 7.1471925191581276 25.557164676487446 5.7429648488759977 100.60180869698524 9.973407410085203 28.484209306538105 9.2862264178693312 11.887602791190146 4.9079180136322966 13.595098547637463 23.642706822603941 15.184120923280714 36.197304219007492 26.186183724552393 12.447276901453732 19.758459035307169 7.1340173631906501 11.889139398932457 23.694966904819012 21.038627522066239 10.125800810754297 13.930291961878536 2.0776633340865436 1.290641507133844 2.5198584944009772 8.5740600451827031 6.312254834920167 5.2389000765979281 2.2146093286573878 20.403570540249348 6.9971962049603462 1.8665022905915973 8.8659078944474441
leaf_count=229 61 236 65 1950 103 185 51 50 31 89 163 92 330 139 87 118 33 84 862 166 80 56 33 39 11 42 50 44 58 157 58 23 238
internal_value=0.00495973 0.00918502 0.0140932 0.0232302 -0.00490635 0.000890928 0.0150805 -6.16951e-05 0.000117271 -0.0016915 -0.00705239 -0.0208009 0.00224498 0.0058898 -0.00555927 0.0162033 0.0145872 0.0233467 -0.0336958 -0.0122309 -0.00324071 -0.020904 -0.0214549 -0.0106011 -0.0178897 -0.0183648 -0.0254595 -0.0293215 -0.0269874 -0.0347566 -0.0315604 0 -0.0382008
internal_weight=512.445 462.244 338.326 200.218 123.918 99.6163 31.1472 21.1738 138.107 133.2 100.581 40.7413 59.84 86.8761 40.9315 45.9446 32.6183 25.4842 50.2012 92.7707 46.0507 46.72 26.5062 18.8352 16.7575 35.9249 27.3509 32.7897 14.2377 27.5508 12.7402 4.08111 10.1565
internal_count=6013 4520 3660 2602 860 652 204 101 1058 1027 821 328 493 529 272 257 206 173 1493 656 338 318 631 402 369 258 216 262 358 218 123 81 277
cat_boundaries=0 1 2 3 4 5 6 7 8
cat_threshold=9 4 2 1 1 2 1 2
is_linear=0
shrinkage=0.045618


Tree=71
num_leaves=38
num_cat=7
split_feature=4 4 7 5 5 8 7 7 8 3 3 7 8 8 7 7 8 7 7 0 8 7 7 8 2 0 8 8 7 8 0 8 7 8 7 2 8
split_gain=22.2265 27.4701 15.0588 10.7432 22.3855 8.81649 7.60633 10.8281 7.41252 5.77969 11.4874 9.99584 9.01877 6.78348 4.99223 6.52237 4.07542 4.05802 4.05781 4.54554 3.69072 2.89507 2.87516 2.54837 2.281 2.04292 1.61473 1.53339 1.26281 1.15732 1.64245 0.932085 1.14769 0.483335 0.227771 0.0238619 0.0173802
threshold=0 1 130.17600720105398 2 3 30.289483736550231 79.033286701613804 68.345000000000013 29.800864676504617 1.0000000180025095e-35 0.99894807841205846 200.45213470254632 45.387584444699861 28.188391085245808 112.22794845350542 84.935000000000016 23.63081848217578 212.6996410793648 84.21465614595148 4 26.500537527107884 107.60000000000001 82.920000000000016 28.285576588577086 1.0000000180025095e-35 5 24.205261459402404 28.188391085245808 79.545000000000016 31.800334325944537 6 27.775029648471275 93.25534506633845 24.600353907024164 79.545000000000016 0.11609826858020895 32.500246110126149
decision_type=9 9 2 9 9 2 2 2 2 2 2 2 2 2 2 2 2 2 2 9 2 2 2 2 2 9 2 2 2 2 9 2 2 2 2 2 2
left_child=16 2 3 5 21 6 7 -2 -8 11 -11 20 24 -12 15 -7 35 -15 19 28 26 22 -5 34 -13 -22 -4 31 -18 -29 -31 32 -20 -34 -21 -1 -25
right_child=1 -3 9 4 -6 14 8 -9 -10 10 13 12 -14 17 -16 -17 18 -19 27 23 25 -23 -24 36 -26 -27 -28 29 -30 30 -32 -33 33 -35 -36 -37 -38
leaf_value=-0.045909989378329304 -0.015483657480190762 0.048152913270724303 0.015104545113300083 -0.013973074498638651 0.03580226303298361 -0.031394536461560651 -0.013626976174410485 0.024577067156444907 0.042083418794087224 0.047896211924361803 -0.03786594506533475 -0.018646201191820106 0.047388317881024024 -0.010348559700893899 -0.054440075933393617 -0.0018241026714811337 -0.05001588015195 0.038731991547203026 0.0011281166703761873 0.019711255487260035 0.017119318466997945 0.0038471243998011453 -0.051598795975516747 -7.967786529945049e-05 0.0022438412795233961 0.038002385977681512 -0.026429945882741557 -0.059484072279699679 0 -0.046911324181278961 0.0025140165177225736 0.012740145721248085 -0.0064098954141927397 -0.045905902336549217 0.044593755108908222 -0.01933108033473013 -0.0079088951900957473
leaf_weight=13.156405553221699 20.376046417281032 32.834025468677282 3.5978880338370791 10.568311529234057 32.442474622279406 28.475088523700833 70.989729300141335 43.215419378131628 5.0909733790904275 28.53043245896697 5.8043431416153934 29.208480505272746 6.0196497477591029 5.3601043783128253 7.6284070070832959 34.933429976925254 3.5038364864885807 8.7546783760189992 2.3741192463785428 3.4899661615490931 19.155779449269176 6.3677138797938815 7.918359061703085 2.8428791537880898 16.405799195170403 25.236042672768235 3.6230170950293541 4.8127500247210246 1.6420836672186849 2.5968304425477982 2.3009686954319477 1.6784740481525657 1.4092697631567714 2.974571481347084 3.2693470008671284 1.3724319487810142 3.4936427101492882
leaf_count=516 185 542 32 117 643 287 637 392 42 475 30 205 40 30 61 356 70 60 39 44 131 55 106 29 138 326 40 75 24 55 38 26 27 72 22 6 40
internal_value=0.00485791 0.00808605 0.0049137 -0.00156773 0.0144566 -0.00634936 0 0.011634 -0.00970947 0.0163918 0.0294329 0.0101634 -0.00392344 0.00244914 -0.0197085 -0.0152626 -0.0236241 0.0197819 -0.0150515 0 0.0243345 -0.0155405 -0.0308299 0.0144669 -0.0110212 0.0292566 -0.00505646 -0.0301913 -0.0352845 -0.0427801 -0.0233386 -0.0142785 -0.02207 -0.0354578 0.0336427 -0.0441404 -0.00546696
internal_weight=503.454 452.536 419.702 268.006 57.2969 210.709 139.672 63.5915 76.0807 151.696 48.4496 103.247 51.6339 19.9191 71.0369 63.4085 50.9176 14.1148 36.3887 18.2418 51.6127 24.8544 18.4867 13.0958 45.6143 44.3918 7.22091 18.147 5.14592 9.71055 4.8978 8.43643 6.75796 4.38384 6.75931 14.5288 6.33652
internal_count=6013 4930 4388 2881 921 1960 1256 577 679 1507 595 912 383 120 704 643 1083 90 561 229 529 278 223 135 343 457 72 332 94 168 93 164 138 99 66 522 69
cat_boundaries=0 1 2 3 4 5 6 7
cat_threshold=1 2 12 1 2 2 1
is_linear=0
shrinkage=0.045618


Tree=72
num_leaves=36
num_cat=10
split_feature=1 5 5 9 9 9 6 6 7 1 2 7 4 1 7 7 7 2 1 1 1 1 7 6 1 3 7 1 7 7 4 7 1 1 7
split_gain=33.1072 20.0107 26.2246 12.4836 11.2575 22.184 9.90395 16.6721 8.5198 6.18677 4.99104 4.52056 4.02727 3.80524 5.31868 3.16637 8.28947 3.69189 2.78297 2.98688 2.56979 4.65612 2.51583 2.78351 2.44533 2.29233 1.98741 1.95304 3.02888 1.4088 1.19887 0.875794 0.865809 0.70142 0.689256
threshold=38.006575028449809 0 1 2 3 4 5 6 78.357676367935383 56.001575699917957 0.41523944717170208 67.045000000000016 7 77.135666541062008 166.94929875483135 106.12444971876043 197.55360694077675 0.010368613865304912 50.518169075314233 72.994574074741976 61.998047812628364 48.948386201728212 82.435000000000016 8 67.273622636382854 0.052401689729262409 206.49016870963644 7.5000000000000009 80.05016964398267 163.1525322943755 9 88.815000000000012 46.972767339246097 47.663582317456481 96.740000000000023
decision_type=2 9 9 9 9 9 9 9 2 2 2 2 9 2 2 2 2 2 2 2 2 2 2 9 2 2 2 2 2 2 9 2 2 2 2
left_child=22 3 18 6 9 20 13 8 11 10 32 -8 -10 14 34 17 -17 -11 33 24 21 -6 23 -1 29 -22 -16 -25 30 -20 -29 -15 -5 -3 -2
right_child=1 2 -4 4 5 -7 7 -9 12 15 -12 -13 -14 31 26 16 -18 -19 19 -21 25 -23 -24 27 -26 -27 -28 28 -30 -31 -32 -33 -34 -35 -36
leaf_value=-0.045075204462768033 -0.032326736874527168 -0.045197137570067908 0.04125754396239939 -0.016478135682511053 -0.033217172504649922 0.040464242596626614 -0.010274121356700906 0.050861848886249006 -0.019097789822405412 -0.015865346219543126 0.018690801913911443 0.027651135042285249 0.019093782129044889 -0.012472374747577742 0.0089876999150598439 0.030813598501164288 -0.010036108628694208 0.017920579646348259 0.0076570140090836871 -0.025582627088706487 -0.031110796386257522 0.012730949864019509 -0.046376299878112079 0.027363537643911775 0.034792235745904294 0.0015323790868278233 -0.022576996436008245 -0.045421600429824238 0.036307245242310431 -0.016180071424936864 -0.0067289032667090893 0.0056640062574682057 -0.051107412035358221 -0.012324049267360707 -0.051161312034485207
leaf_weight=6.4546577334403992 18.046185506507758 3.626796578988432 72.684623252600431 2.894558645784854 5.2621483951807013 51.797603957355022 9.1861762702465075 13.092379376292227 48.949681831523776 23.608684811741114 3.2989910393953314 20.244667578488588 6.1714794151484957 10.883497737348081 8.3554465547204 22.957697071135044 18.209267199039459 9.0468937978148443 16.784431934356697 7.3229955099523059 9.7374589107930678 27.122207794338465 19.486514298245311 2.3639854453504112 5.0484543703496447 7.4714038074016562 7.5896989013999692 4.168527789413929 1.5404717829078434 7.1800664290785781 3.5265046786516887 10.364586070179937 8.1270074583590013 3.4517334252595901 9.5128871593624336
leaf_count=236 199 79 1538 52 82 891 58 97 321 134 18 103 33 49 44 101 99 50 133 41 64 153 802 46 26 31 41 108 23 46 63 42 76 33 112
internal_value=0.00635222 0.00967356 0.0252525 0.00368255 0.0113971 0.0213031 -0.00542658 0.00336144 -0.0040301 -0.000963317 -0.0283365 0.0156143 -0.0146515 -0.0195774 -0.0272968 0.00419894 0.0126354 -0.00625952 -0.00418131 0 -0.00209812 0.00490393 -0.0347104 -0.0213806 0.00662475 -0.0167356 -0.00575056 -0.00708827 -0.0169882 0.000176758 -0.0291418 -0.00336653 -0.0430565 -0.0308568 -0.0393976
internal_weight=505.57 468.03 116.099 351.931 189.534 101.391 162.397 97.6444 84.552 88.1431 14.3206 29.4308 55.1212 64.7523 43.5042 73.8225 41.167 32.6556 43.4145 36.3359 49.5932 32.3844 37.5407 18.0541 29.013 17.2089 15.9451 11.5995 9.2355 23.9645 7.69503 21.2481 11.0216 7.07853 27.5591
internal_count=6024 4746 1896 2850 1751 1221 1099 612 515 530 146 161 354 487 396 384 200 184 358 246 330 235 1278 476 205 95 85 240 194 179 171 91 128 112 311
cat_boundaries=0 1 2 3 4 5 6 7 8 9 10
cat_threshold=12 1 5 2 8 1 2 2 1 1
is_linear=0
shrinkage=0.045618


Tree=73
num_leaves=37
num_cat=9
split_feature=1 9 9 9 0 0 1 6 6 8 6 6 8 8 3 1 8 1 1 1 8 8 1 1 1 8 8 1 1 1 8 8 1 8 1 2
split_gain=31.1928 16.8626 18.3155 32.368 8.14759 23.9305 14.301 7.24031 6.93011 6.09935 4.66449 8.12623 4.57796 4.47052 4.27962 4.21145 3.83757 5.88499 3.7357 3.73419 3.48669 3.35632 2.59093 2.1072 1.9901 4.86645 1.80853 1.50213 1.20314 1.20179 5.74822 0.910452 0.592711 0.483099 0.956171 0.310593
threshold=37.500000000000007 0 1 2 3 4 62.002746113409124 5 6 31.759261604588072 7 8 21.110979909019093 27.101475503540279 0.052401689729262409 61.998047812628364 24.107338497976567 68.992685870561175 77.999570706233882 44.071135056329894 25.300860183898877 28.099371818790381 67.987173944602134 77.999570706233882 63.906134626296996 28.188391085245808 28.491465896499154 61.998047812628364 72.994574074741976 4.5000000000000009 27.849517868045961 32.401745091198087 56.998935247660832 30.084110596067081 55.000954631733443 0.14333562375712508
decision_type=2 9 9 9 9 9 2 9 9 2 9 9 2 2 2 2 2 2 2 2 2 2 2 2 2 2 2 2 2 2 2 2 2 2 2 2
left_child=29 4 7 13 6 12 26 18 9 23 21 31 -6 20 15 -15 17 -14 24 -18 27 -8 -16 -9 25 -3 -2 -4 -23 30 -1 -12 -11 -28 -35 -31
right_child=1 2 3 -5 5 -7 10 8 -10 32 11 -13 16 14 22 -17 19 -19 -20 -21 -22 28 -24 -25 -26 -27 33 -29 -30 35 -32 -33 -34 34 -36 -37
leaf_value=-0.042179133547186248 -0.052091634603338412 0.010908842631801668 -0.022447967012008484 0.042986334603132004 -0.040879400383802701 0.049135057619797126 -0.036833810901422202 0.015307994488482225 0.047611208740259182 -0.018211986407391498 -0.0049837366469166712 0.049084294592432291 -0.015585229696155289 0.0053614556541259706 0.051846114250554375 -0.033168079139784964 -0.042187607237451304 0.047793495762169923 0.0045198762385992219 0.0001772745587689751 -0.052298447450976573 -0.013210703761470923 0.0066949904585884932 -0.01378710569429788 -0.055914830117263004 -0.049728124829087408 -0.0085690866349873804 0.016104989658560612 0.011403030496246157 -0.04062734053555149 0.06795880120125497 0.01278603418903917 -0.052159689874345841 -0.041131385817798613 -0.018028481012686247 -0.015219162434491784
leaf_weight=3.3061033990234128 9.4558236412704009 4.8933167755603844 4.2882722485810501 93.405683133751154 5.4078875407576552 23.66213370859623 7.7400345802307156 22.70974115468562 7.3868127278983584 2.9522431250661603 19.148702591657642 9.4745997972786409 4.4865569956600657 28.291296642273664 5.4000709876418096 7.1990698911249629 4.2907437812536946 8.1112861447036249 6.6861621737480155 104.45707942172885 5.3625565525144339 7.8225167058408287 5.8292180337011814 6.2951963767409316 6.1363347284495822 5.5518920440226793 3.8159806355834034 3.6130778342485428 8.2589244842529279 27.4940281175077 1.1374973226338623 8.4472069889307004 3.7012510821223259 8.8670415859669465 9.7915412336587888 2.2366322875022879
leaf_count=146 104 50 44 1967 47 288 40 137 69 45 89 76 48 222 34 48 96 49 31 724 39 37 32 26 44 74 33 25 33 1053 11 36 30 115 63 19
internal_value=0.00623798 0.00935855 0.0181277 0.026698 0.000632649 0.00723785 -0.00992778 -0.00253205 0.00806017 -0.000194558 0.00296266 0.0131373 -0.000604036 -0.00114137 0.00521445 -0.00243147 0.00120845 0.0248516 -0.0233665 -0.00151669 -0.0245654 -0.0125872 0.0295179 0.00872472 -0.034897 -0.0210875 -0.0345602 -0.00408968 -0.000203012 -0.0356479 -0.0108147 0.000287789 -0.0390445 -0.0264864 -0.0296809 -0.039047
internal_weight=497.115 462.94 219.702 153.389 243.238 150.416 92.8224 66.313 43.0452 35.6584 60.892 37.0705 126.754 59.9836 46.7197 35.4904 121.346 12.5978 23.2677 108.748 13.2639 23.8215 11.2293 29.0049 16.5815 10.4452 31.9304 7.90135 16.0814 34.1743 4.4436 27.5959 6.65349 22.4746 18.6586 29.7307
internal_count=6024 4795 2917 2411 1878 1252 626 506 307 238 311 201 964 444 336 270 917 97 199 820 108 110 66 163 168 124 315 69 70 1229 157 125 75 211 178 1072
cat_boundaries=0 1 2 3 4 5 6 7 8 9
cat_threshold=6 1 8 2 1 1 2 2 1
is_linear=0
shrinkage=0.045618


Tree=74
num_leaves=27
num_cat=11
split_feature=5 1 1 6 6 0 0 4 1 3 1 9 1 0 0 1 1 1 1 4 1 0 1 2 1 1
split_gain=39.3791 28.8493 22.4469 7.49005 45.1411 6.84416 15.381 6.23279 5.0964 7.1879 6.44524 5.04978 3.32143 2.56678 4.07515 3.31004 3.23607 2.52015 5.56233 2.30136 1.94268 1.97669 1.68186 0.878954 0.471122 0.139986
threshold=0 43.018711562990283 17.250701127909803 1 2 3 4 5 72.842844030074758 0.11339853887818259 75.985446414278286 6 54.992085452033173 7 8 53.938484311053749 64.98090600075308 59.996844235236182 67.273622636382854 9 4.5000000000000009 10 51.747906192857698 0.7660437584629658 50.999562327306911 45.947875376448415
decision_type=9 2 2 9 9 9 9 9 2 2 2 9 2 9 9 2 2 2 2 9 2 9 2 2 2 2
left_child=1 23 19 11 5 8 7 -7 9 -5 -10 12 24 15 22 -13 -17 -14 -19 20 21 -2 -15 -1 25 -3
right_child=2 3 -4 4 -6 6 -8 -9 10 -11 -12 13 17 14 -16 16 -18 18 -20 -21 -22 -23 -24 -25 -26 -27
leaf_value=-0.043935149900834219 0.01913172342439835 -0.0088582559428201854 0.047135480505423356 -0.029729138080311194 0.049059179541851898 -0.0053612349296667224 0.049181387094437458 0.028890901112408236 0.037844774167346114 0.014628631875313495 -0.010533302957139584 -0.036402226467468879 0.013378775718881472 0.025445767734005843 0.045522395409900877 0.016515558950292334 -0.013329531718630831 -0.041039970342245477 -0.0046883262393782668 0.037028871916836847 -0.044541257492980574 -0.038905110516131103 0 -0.018553185543925071 -0.048420882434201742 -0.029974983792032988
leaf_weight=28.162469828501344 2.7417784333229065 2.1646451205015165 70.126821912825108 38.018092341721058 46.295253787189722 82.309806015342474 14.61864350736141 12.540899787098168 7.9265100844204452 9.1421163901686651 18.928429897874594 5.2835998125374308 8.4201148748397809 6.7580825388431576 6.5285661146044722 15.456470575183632 14.289291456341742 11.273911178112028 39.465521775186062 1.0153589248657198 5.9396294523030519 1.826472010463476 23.056505646556616 4.669654704630374 4.9694561511278152 4.5867432169616222
leaf_count=1041 73 35 1538 298 629 551 195 69 28 69 106 47 67 52 102 85 78 103 193 6 281 82 160 38 57 60
internal_value=0.00645319 0.00016999 0.0333551 0.00381575 0.00891443 -0.001226 0.00597709 -0.000711892 -0.0119501 -0.0209712 0.00370198 -0.00437728 -0.0120442 0.00425136 0.013342 -0.00382064 0.00197737 -0.00912847 -0.0130266 -0.0208877 -0.0276948 -0.00347089 0.00581282 -0.0406578 -0.0359006 -0.0245818
internal_weight=486.515 404.865 81.6501 372.033 229.78 183.484 109.469 94.8507 74.0151 47.1602 26.8549 142.253 70.8804 71.3725 36.3432 35.0294 29.7458 59.1595 50.7394 11.5232 10.5079 4.56825 29.8146 32.8321 11.7208 6.75139
internal_count=6043 4063 1980 2984 1945 1316 815 620 501 367 134 1039 515 524 314 210 163 363 296 442 436 155 212 1079 152 95
cat_boundaries=0 1 2 3 4 5 6 7 8 9 10 11
cat_threshold=13 1 2 2 1 2 5 2 1 1 1
is_linear=0
shrinkage=0.045618


Tree=75
num_leaves=25
num_cat=4
split_feature=5 1 1 8 2 2 5 6 6 7 7 7 7 1 8 8 7 8 8 7 7 8 8 8
split_gain=37.4406 27.2551 21.4817 7.66471 7.174 26.8022 7.54568 8.8471 23.1529 6.59146 5.72881 5.45292 8.08368 5.2102 4.90222 4.42915 4.59795 4.28733 3.44639 2.95357 2.9094 1.70789 0.0444386 2.1329
threshold=0 43.018711562990283 17.250701127909803 27.101475503540279 1.0000000180025095e-35 0.99977195935954721 1 2 3 241.90397689840748 93.25534506633845 200.45213470254632 89.789294922206096 74.937935396884527 23.903372770532382 28.099371818790381 195.17892459365603 29.973179334414912 27.257897378672286 59.525286656454689 76.349603808578124 33.606349557707432 24.001284893037823 23.787398181289181
decision_type=9 2 2 2 2 2 9 9 9 2 2 2 2 2 2 2 2 2 2 2 2 2 2 2
left_child=1 19 3 -2 6 -6 7 10 17 15 14 12 21 -14 -3 20 -17 -9 -12 -1 -7 -8 23 -21
right_child=2 4 -4 -5 5 9 11 8 -10 -11 18 -13 13 -15 -16 16 -18 -19 -20 22 -22 -23 -24 -25
leaf_value=0.0040590579679385111 -0.044862491538941639 0.014981857121700609 0.047013820137604426 0.035353864231747599 0.048093483162697959 0.035919282993459901 -0.038250360676357661 0.0083769986109140833 0.049251047615319461 0.045494910576478059 -0.020248527866797081 -0.052433607497464133 -0.012204265445566806 0.027763821878310564 -0.033128319541603606 -0.004915254341901815 -0.038167640913067798 -0.010275878965208044 0.0085016238479876591 -0.044173798834775541 -0.00057399685635518979 -0.004989994749194088 -0.047058517665062402 0.021874948949665029
leaf_weight=2.5782684646546867 7.9150176513940078 5.0692582782357958 67.169613763689995 3.2985968366265297 32.377350773662329 6.3750818483531502 16.489304769784216 71.722845626994967 26.228894274681807 5.3076436184346667 11.267929608002303 7.3911227136850348 14.369066294282677 12.331631839275358 23.805534996092319 30.261867329478264 12.279642067849634 39.488145668059587 34.96215595677495 5.289734389632943 13.604794006794689 4.6226016655564299 22.836742764338851 0.97246917337179173
leaf_count=35 392 44 1538 50 510 43 131 446 318 49 88 40 126 67 216 165 68 333 231 226 77 32 794 24
internal_value=0.00627446 0.000163281 0.0330423 -0.0204991 0.0036872 0.014086 -0.000189453 0.00380221 0.0108751 -0.00215575 -0.00854735 -0.0138186 -0.0103891 0.00609702 -0.0244193 -0.00644214 -0.0148029 0.00169078 0.00129863 -0.0402723 0.0110187 -0.0313839 -0.0444142 -0.0325684
internal_weight=478.015 399.632 78.3832 11.2136 367.955 100.206 267.748 212.545 137.44 67.829 75.1049 55.2037 47.8126 26.7007 28.8748 62.5214 42.5415 111.211 46.2301 31.6772 19.9799 21.1119 29.0989 6.2622
internal_count=6043 4063 1980 442 2984 912 2072 1676 1097 402 579 396 356 193 260 353 233 779 319 1079 120 163 1044 250
cat_boundaries=0 1 2 3 4
cat_threshold=13 5 1 2
is_linear=0
shrinkage=0.045618


Tree=76
num_leaves=23
num_cat=8
split_feature=5 1 1 7 7 9 9 9 8 1 6 6 6 7 8 1 7 8 0 8 8 1
split_gain=38.857 24.0268 22.907 8.80604 7.01997 6.38149 9.00377 18.1403 6.36833 5.05082 4.03023 3.83175 12.915 5.54361 3.6138 3.30299 2.96951 1.98609 1.92094 0.845377 0.72322 0.526071
threshold=0 46.046992983424225 17.250701127909803 59.525286656454689 60.187196203002323 1 2 3 27.101475503540279 55.000954631733443 4 5 6 77.927445305353913 32.500246110126149 76.482143535360947 96.740000000000023 36.957642745222401 7 30.289483736550231 27.972657389979073 45.016887313445757
decision_type=9 2 2 2 2 9 9 9 2 2 9 9 9 2 2 2 2 2 9 2 2 2
left_child=1 4 8 20 17 11 9 16 -2 19 -11 14 13 -13 15 -5 -8 -1 -16 -7 -3 -6
right_child=2 3 -4 5 21 6 7 -9 -10 10 -12 12 -14 -15 18 -17 -18 -19 -20 -21 -22 -23
leaf_value=-0.013839634707378602 -0.044911045166166598 -0.025076880088859419 0.046994560589906122 -0.015081436287489796 -0.043158129089085367 -0.048398877831544514 -0.017721276442022649 0.038038563476625417 0.029905940728360773 -0.0089956970097661848 0.012280738778743703 0.014861428537306647 0.048963265588754017 -0.011001093772039835 -0.051504169280146582 0.0091229206555570336 0.005607789320852455 0.038088431393690961 -0.013858555927993879 -0.017916530316758564 -0.056205377934683609 -0.019920146248360384
leaf_weight=2.6198411509394637 7.9713409654796106 5.0791913755238038 64.235746311023831 32.503814574331045 33.374904854223132 4.2853235453367216 16.389056395739317 42.482586748898029 3.0549707636237144 35.758965808898211 37.77285011857748 23.730367098003626 10.748291321098803 60.637428931891918 6.3674626350402814 17.782365076243877 35.310255706310272 2.9083012621849775 6.3275574333965778 5.6830578707158566 4.2637695856392384 3.8605688735842696
leaf_count=48 403 31 1547 255 1142 44 117 869 51 174 230 125 91 365 63 79 195 16 43 51 33 42
internal_value=0.00448713 -0.00169188 0.0322773 0.00225164 -0.0339093 0.00349562 0.00913521 0.0182909 -0.0234516 -0.00199308 0.00185315 -0.00318293 0.00234118 -0.00363362 -0.0121077 -0.00639619 -0.00143387 0.0127941 -0.033766 -0.0323769 -0.0408782 -0.0410434
internal_weight=463.148 387.886 75.2621 345.122 42.7636 335.779 177.682 94.1819 11.0263 83.5002 73.5318 158.097 95.1161 84.3678 62.9812 50.2862 51.6993 5.52814 12.695 9.96838 9.34296 37.2355
internal_count=6014 4013 2001 2765 1248 2701 1680 1181 454 499 404 1021 581 490 440 334 312 64 106 95 64 1184
cat_boundaries=0 1 2 3 4 5 6 7 8
cat_threshold=13 5 2 8 2 1 2 1
is_linear=0
shrinkage=0.045618


Tree=77
num_leaves=36
num_cat=10
split_feature=1 9 9 9 6 6 7 7 7 8 8 6 7 6 7 1 1 4 7 7 7 8 8 7 6 1 7 1 7 0 1 8 1 1 8
split_gain=26.6425 12.3798 12.823 19.5831 8.65336 10.1848 9.29026 10.4283 7.56559 7.38273 6.71852 4.96822 7.53664 7.46767 4.175 4.12583 5.33394 6.02926 3.92137 3.86932 3.65184 3.619 3.0696 2.85568 2.37763 1.87551 1.86681 2.98026 3.8631 1.8693 1.79028 1.69468 1.25193 0.689509 0.302537
threshold=49.019619844933381 0 1 2 3 4 84.585000000000022 70.203510349377396 59.525286656454689 30.80474892932931 23.63081848217578 5 86.055000000000021 6 59.525286656454689 81.999717400665148 80.003528267108564 7 112.22794845350542 76.65000000000002 160.13507499983595 28.90056072954685 31.69330971272613 82.620814347780225 8 63.906134626296996 96.740000000000023 61.998047812628364 105.74500000000002 9 72.000515869208968 28.099371818790381 48.058265287553652 59.996844235236182 28.285576588577086
decision_type=2 9 9 9 9 9 2 2 2 2 2 9 2 9 2 2 2 9 2 2 2 2 2 2 9 2 2 2 2 9 2 2 2 2 2
left_child=4 8 11 26 14 6 7 -6 -2 10 -9 12 34 19 -1 16 17 20 25 31 -10 -20 -21 -18 -19 -14 29 28 -28 -4 -29 -13 -8 -31 -3
right_child=1 2 3 -5 5 -7 32 9 15 -11 -12 13 18 -15 -16 -17 23 24 21 22 -22 -23 -24 -25 -26 -27 27 30 -30 33 -32 -33 -34 -35 -36
leaf_value=0.012977674414661144 -0.051012625818131693 -0.030358059244814002 -0.033237647741156673 0.040850555903231535 -0.044626987744018597 0.049273813736717874 -0.046068014373368826 -0.027064258934803465 -0.0083827220412647837 -0.044195325932986709 0.048020154618561579 0.044269681675292806 0.034575879629429894 0.046973537682758595 -0.045742284770145865 -0.041200991111633119 0.05606719093325023 -0.0037016182211906746 -0.04013647355827997 -0.020632660084378814 0.0079457434180365428 0.0017952929481086031 0.01025062094051222 0.0075106007728583182 0.033655589829692321 2.7715693794494635e-05 0.043985200253659443 -0.026378796194082482 0.0041253523778870035 -0.013949722406288754 0.0086435551629828085 0.0045209050100059288 -0.0031418971543448388 0.007703582755344063 -0.05490787435108193
leaf_weight=2.5210971292108324 5.713238760828971 5.2194537855684739 4.9088027514517307 71.047689005732536 6.9493943918496397 5.4180785976350299 15.098083437420428 2.8336882544681457 87.509228335693479 2.8181610014289609 12.229747924953697 5.1907740309834463 7.6300269439816457 9.9507603440433723 25.735148536972702 4.3568471968173972 5.472592566162346 4.2733287513256073 6.1412203535437611 14.408507753163578 41.708423353731632 12.296861924231051 11.885720767080782 5.271419595927 14.126594291999938 6.2358407154679298 7.5403228178620365 6.4037654995918256 15.905985441058872 4.7027372345328349 5.1050752475857735 4.5516605004668236 1.9424942284822471 7.8406281396746635 4.7032791189849377
leaf_count=37 36 34 45 1868 152 43 503 96 681 66 123 36 46 136 892 18 43 46 31 91 288 61 63 35 130 37 40 47 97 40 25 30 20 43 35
internal_value=0.00438902 0.00931941 0.0162752 0.0256455 -0.0202914 -0.00812128 -0.0159096 0.00170177 -0.000339427 0.0203671 0.0333053 0.00179757 -0.00918829 0.0124051 -0.0402256 0.0014454 0.00271218 0.000389256 0.00138443 0.00246613 -0.00305961 -0.0121371 -0.00646704 0.0334263 0.0247014 0.0197191 0.00163157 0.00811039 0.0174905 -0.0100089 -0.0104371 0.0268234 -0.0416364 -2.32509e-05 -0.0435255
internal_weight=455.647 380.101 211.669 123.455 75.5459 47.2896 41.8716 24.831 168.432 17.8816 15.0634 88.2141 42.2267 45.9874 28.2562 162.718 158.362 147.618 32.3039 36.0367 129.218 18.4381 26.2942 10.744 18.3999 13.8659 52.4073 34.9551 23.4463 17.4522 11.5088 9.74243 17.0406 12.5434 9.92273
internal_count=6014 4082 2805 2205 1932 1003 960 437 1277 285 219 600 244 356 929 1241 1223 1145 175 220 969 92 154 78 176 83 337 209 137 128 72 66 523 83 69
cat_boundaries=0 1 2 3 4 5 6 7 8 9 10
cat_threshold=5 2 8 1 2 2 1 2 1 1
is_linear=0
shrinkage=0.045618


Tree=78
num_leaves=36
num_cat=16
split_feature=1 5 5 9 9 1 3 3 0 0 3 2 6 2 2 1 1 6 1 0 0 1 1 1 0 2 1 1 6 1 6 0 4 4 1
split_gain=26.7266 18.8505 28.6809 7.03435 6.10357 5.30792 4.6808 6.22083 4.64476 8.46741 4.19086 3.28466 3.27282 3.25496 6.74019 2.99153 2.76018 2.16866 1.92857 4.4645 4.20128 3.09199 3.05148 1.63619 1.60133 1.35827 1.34675 1.20305 1.17718 1.15443 0.607953 0.854635 0.821162 2.85171 0.0786974
threshold=38.006575028449809 0 1 2 3 71.485938690576774 0.003533934839724973 0.99894807841205846 4 5 0.99894807841205846 0.99977195935954721 6 1.0000000180025095e-35 0.99977195935954721 66.372319750743188 77.002748449769257 7 54.992085452033173 8 9 77.999570706233882 73.996428959115889 64.98090600075308 10 0.057087398054918921 72.994574074741976 68.411027755144033 11 69.836196364742463 12 13 14 15 61.998047812628364
decision_type=2 9 9 9 9 2 2 2 9 9 2 2 9 2 2 2 2 9 2 9 9 2 2 2 9 2 2 2 9 2 9 9 9 9 2
left_child=30 4 3 5 12 11 8 -8 16 -10 25 17 23 18 -15 -9 -5 -3 19 -6 22 -22 -20 -2 34 -7 -25 -16 -29 -26 -1 -32 -33 -34 -14
right_child=1 2 -4 6 13 10 7 15 9 -11 -12 -13 24 14 27 -17 -18 -19 20 -21 21 -23 -24 26 29 -27 -28 28 -30 -31 31 32 33 -35 -36
leaf_value=-0.045677886474683037 -0.050649388116969632 -0.021188153638223805 0.039850977284596786 -0.007869202679478448 -0.04733616193758533 0.0084598196673785018 0.047104168937901467 -0.020940153955315698 0.0056523031496634388 0.047087501361750723 -0.025032060712250972 -0.038536156023467542 -0.015238550344072567 0.046573348954906731 -0.021439649738510466 0.02027067243915651 0.024323185178212109 -0.0011749116640879281 -0.043179094549414036 0.016251519684534105 0.019110666767405284 -0.01021793546013621 -0.00014148252891246408 -0.0058859645653396818 -0.013342550193598807 0.028617857344623149 -0.035972253656353426 -0.0080811760215040371 0.018692249066085281 0.014047091946696557 -0.044652040628312385 -0.042025341372260196 -0.024043697702473724 0.041071225625462483 -0.030250339206158643
leaf_weight=12.433199437335134 9.2745818141847867 16.91637254320085 59.02802375331521 37.317344829440117 5.9541181083768588 22.75390412285924 16.985791204497218 5.0169589444994953 38.499305542558432 14.046471506357191 6.0459591001272193 8.4851371422409994 4.9253166168928146 8.6838217861950415 4.649442911148074 11.516640204936264 6.2400177195668212 35.168531760573387 6.8345852829515934 3.3377912119030952 19.555283267050985 11.559791557490824 7.2519556172192097 6.0094605013728133 5.9134023040533066 11.023885656148193 8.0461384579539281 6.4186888970434639 6.4936136789619932 6.4443671926856041 5.9285460775718093 2.994899676181376 7.9793085549026728 1.4305635243654267 4.7302222922444344
leaf_count=650 106 230 1570 252 93 108 332 36 351 257 24 61 46 150 30 57 54 268 67 52 158 59 33 33 50 84 41 28 49 32 266 118 253 8 26
internal_value=0.00440686 0.00746613 0.0136186 0.00545249 -0.00710389 -0.00349719 0.0121779 0.0278193 0.0078721 0.0169934 0.00897179 -0.0123761 -0.018998 0.000890657 0.0141981 0.00728488 -0.00301814 -0.0078545 -0.00527218 -0.0239864 -0.00119264 0.00801994 -0.0217936 -0.0351198 -0.010004 0.0153614 -0.0238281 -0.00182798 0.00499297 0.000440044 -0.0364358 -0.029376 -0.0209458 -0.0128013 -0.0237227
internal_weight=445.893 415.127 289.044 230.016 126.083 100.394 129.623 33.5194 96.1031 52.5458 39.8237 60.57 45.3435 80.7391 26.2456 16.5336 43.5574 52.0849 54.4935 9.29191 45.2016 31.1151 14.0865 23.3302 22.0133 33.7778 14.0556 17.5617 12.9123 12.3578 30.7665 18.3333 12.4048 9.40987 9.65554
internal_count=6032 4737 3684 2114 1053 775 1339 425 914 608 216 559 334 719 257 93 306 498 462 145 317 217 100 180 154 192 74 107 77 82 1295 645 379 261 72
cat_boundaries=0 1 2 3 4 5 6 7 8 9 10 11 12 13 14 15 16
cat_threshold=9 4 5 10 2 1 2 1 1 2 2 1 1 2 2 1
is_linear=0
shrinkage=0.045618


Tree=79
num_leaves=36
num_cat=9
split_feature=5 5 7 7 7 8 8 3 7 6 6 8 8 3 8 7 7 7 7 8 8 4 0 0 7 2 8 8 7 7 0 7 7 8 4
split_gain=20.6656 35.2514 12.0319 8.13014 7.37074 11.7825 7.76413 7.67862 6.59286 6.09416 10.3659 5.55116 5.55022 5.21942 6.36617 5.15998 4.56224 4.31407 5.46098 3.55474 7.33736 3.9561 3.55406 3.22455 2.91937 1.67626 1.17295 2.88617 1.14533 0.925401 0.51845 2.11043 0.40435 0.164103 0.126399
threshold=0 1 206.49016870963644 188.29033247867838 208.09640910423931 27.400526730420832 31.902756250700431 0.99894807841205846 65.10419262931255 2 3 27.700160166945487 28.599048306578418 0.010786096867127061 43.90179605839355 79.033286701613804 84.935000000000016 104.08500000000002 92.987252025185555 26.100215711118519 28.491465896499154 4 5 6 222.51813576427864 0.11950585690795602 22.750769112941388 21.300737359068034 197.55360694077675 83.32171133982591 7 222.51813576427864 67.045000000000016 31.028525551788011 8
decision_type=9 9 2 2 2 2 2 2 2 9 9 2 2 2 2 2 2 2 2 2 2 9 9 9 2 2 2 2 2 2 9 2 2 2 9
left_child=2 4 3 9 6 -6 7 11 -8 19 17 15 -13 14 24 -2 32 18 -11 26 29 -22 -5 -18 -7 -19 27 -1 -24 -21 31 -15 -10 -4 -3
right_child=1 34 33 22 5 13 8 -9 16 10 -12 12 -14 30 -16 -17 23 25 -20 20 21 -23 28 -25 -26 -27 -28 -29 -30 -31 -32 -33 -34 -35 -36
leaf_value=-0.044689631423260608 0.01331528993117778 0.026195096421793608 -0.038763668544933086 0 -0.043999243180870409 0.0170810241792364 0.022276098077431607 -0.031973181736537189 -0.019902409065652903 -0.0074497013043530198 0.047464636212669359 0.03462256958183265 0.006534913150350167 0.0044259947210052971 0.058531122284022012 -0.013330728137116032 -0.031487897041095739 0.0023558779097435515 -0.053054752370099587 0.028694995277459109 -0.039336453871469543 0.0017591080445604167 0.060884532142926148 -0.0023694203334268028 -0.017044017361568315 0.038494944403698599 -0.052219820836072857 0.018206726987818708 0.023671413398825152 0.0021605530855195016 0.052902505578117716 0.047931755193368029 -0.0528498548122424 -0.058925659671372532 0.046597833630721175
leaf_weight=3.9758796682581297 24.991860546171665 3.0323505029082298 6.9595133783295733 6.9586410755291581 5.4411273356527081 10.267010062932973 7.4332604864612213 11.122157402336596 1.9493546485900868 26.355753551237285 7.8967732172459355 22.629983402788639 43.217768317088485 3.9809863418340683 4.5749493762850753 37.324200234375894 13.473053327761592 10.57505460642278 6.877679747529327 5.3288816194981319 17.756080240011215 6.2739263260737088 4.1436571944504994 20.084201575256881 10.171669181436299 3.5856457166373721 8.793962079100309 2.0611538989469409 4.9439262636005878 6.5916193574666977 9.1607158184051514 7.0162193402647972 9.4428371135145408 7.2770353965461254 57.617777891457081
leaf_count=171 335 21 42 52 36 90 66 60 18 377 98 258 451 36 26 588 189 150 104 40 190 58 36 232 73 23 113 31 39 60 143 59 151 45 1571
internal_value=0.00430429 0.0107692 -0.010059 -0.00606815 0.00229684 0.0178468 -0.00167244 0.00392474 -0.0166294 -0.010695 -9.05532e-05 0.00713682 0.0163634 0.0256066 0.0111915 -0.00253548 -0.0232766 -0.00832337 -0.0173539 -0.0220698 -0.013908 -0.0284287 0.0238713 -0.0143709 0 0.0123787 -0.0409592 -0.022329 0.0423229 0.0148343 0.0428817 0.0331254 -0.0482218 -0.0502229 0.0393165
internal_weight=439.287 302.931 136.355 122.119 242.281 50.6127 191.669 139.286 52.3827 106.072 55.2909 128.164 65.8478 45.1716 25.0136 62.3161 44.9494 47.3941 33.2334 50.7815 35.9505 24.03 16.0462 33.5573 20.4387 14.1607 14.831 6.03703 9.08758 11.9205 20.1579 10.9972 11.3922 14.2365 60.6501
internal_count=6032 4403 1629 1542 2811 463 2348 1692 656 1415 752 1632 709 427 189 923 590 654 481 663 348 248 127 421 163 173 315 202 75 100 238 95 169 87 1592
cat_boundaries=0 1 2 3 4 5 6 7 8 9
cat_threshold=25 4 2 1 2 2 1 2 1
is_linear=0
shrinkage=0.045618


Tree=80
num_leaves=39
num_cat=8
split_feature=1 5 5 8 2 9 1 2 1 1 8 2 8 2 8 1 8 8 8 9 9 8 8 1 8 1 8 2 1 0 1 1 1 4 4 1 1 8
split_gain=25.3651 12.4001 21.6738 6.57042 6.31557 6.11998 5.35025 5.1172 4.76181 7.10525 6.44189 5.28397 4.34246 4.24179 5.30604 3.86476 3.76775 7.28254 6.68534 2.76124 5.6654 4.49001 5.74944 3.09278 3.01808 2.42986 6.1238 2.40674 1.90501 1.7819 1.44126 1.34279 1.20719 0.754923 6.11874 2.01833 0.412732 0.246024
threshold=45.016887313445757 0 1 34.217930406810694 1.0000000180025095e-35 2 72.994574074741976 1.0000000180025095e-35 52.988668370940871 78.072442822714876 31.902756250700431 0.069026765339666854 32.300381879852218 0.99977195935954721 28.099371818790381 63.304002118758397 27.082049600064039 29.366208216887127 23.502633163584381 3 4 27.492795631588436 28.285576588577086 71.991119479914218 24.701772552483643 4.5000000000000009 27.849517868045961 0.057087398054918921 50.003759767049829 5 57.993845923012096 60.970532941090745 53.938484311053749 6 7 37.500000000000007 60.003779276942417 38.230696014828354
decision_type=2 9 9 2 2 9 2 2 2 2 2 2 2 2 2 2 2 2 2 9 9 2 2 2 2 2 2 2 2 9 2 2 2 9 9 2 2 2
left_child=4 3 5 7 25 8 27 15 10 11 28 -10 13 -9 -15 30 18 -18 -17 21 23 24 -23 -21 -7 26 -1 31 -3 -11 32 37 -2 -27 35 -35 -32 -5
right_child=1 2 -4 6 -6 19 -8 12 9 29 -12 -13 -14 14 -16 16 17 -19 -20 20 -22 22 -24 -25 -26 33 -28 -29 -30 -31 36 -33 -34 34 -36 -37 -38 -39
leaf_value=-0.041024009413903925 -0.019735161046856103 0.017582146201478258 0.039021258272156939 0 0.0086633004940445592 0 -0.062112609345084821 0.044914454389852032 -0.023881718089528534 0.0040594595770220166 -0.025252296085595923 0.0048220568699419352 0.054211607662248404 0.020489435233827354 -0.022665856901030956 0.021652713575885003 0.032502261938068808 -0.011295903378740346 -0.039120427167012056 -0.0074341896273142785 0.035082137702580063 0.048171975063888914 0.0043116692035402573 0.019277008502844056 -0.044460132781261312 -0.046112298099569217 0.067213742974841145 0.011985707444993008 0.050400403327768559 0.033674354708034239 -0.042378359427288549 -0.048006770361767322 0.0071769279009295407 -0.045845803632669803 0.041729744565007366 -0.0008379000198008961 -0.019450230390154599 -0.019643496003822362
leaf_weight=2.7166355503723016 8.4293689075857419 11.462011009454733 52.784594852477312 3.2469327822327632 8.7132802195847017 7.1692234277725202 5.9530917778611174 5.3117003254592445 39.907060220837593 9.787806760519743 5.4824024215340605 19.417034160345793 5.1695126313716164 12.554814647883179 10.84582546725869 5.8235964551568022 16.409275520592931 14.620031047612427 9.5294201634824258 19.184673111885786 29.435227558016777 7.3227198198437682 38.517547033727169 16.37885931506753 5.2600581310689449 15.691946861334149 1.5145358610898254 5.5924179367721072 6.3489363119006148 8.1653126403689384 5.5080970041453821 3.2776696570217609 5.2157564125955096 13.943681399337949 1.9674958586692763 2.7725839531049123 5.2645917125046253 2.6972998231649399
leaf_count=151 98 76 1547 35 60 47 35 107 271 51 54 129 42 74 57 34 88 94 75 158 682 31 224 74 38 619 11 41 35 44 45 35 46 734 19 53 44 29
internal_value=0.00580246 0.00953494 0.014636 -0.002625 -0.0256805 0.00740687 -0.026153 0.00177677 -0.00111489 -0.00673608 0.0166853 -0.0143984 0.0163437 0.00895871 0.000199069 -0.00513473 0.00249056 0.0117302 -0.0156866 0.0139596 0.0208294 0.00424142 0.0116453 0.00370066 -0.0189508 -0.0335975 0 -0.0106073 0.0300873 0.0181108 -0.0197682 -0.024931 -0.00904582 -0.0375906 -0.0296612 -0.0388546 -0.0323399 -0.00996494
internal_weight=449.393 402.073 276.623 125.449 47.3202 223.839 20.7674 104.682 100.571 77.2772 23.2933 59.3241 33.8819 28.7123 23.4006 70.8001 46.3823 31.0293 15.353 123.268 64.9988 58.2695 45.8403 35.5635 12.4293 38.6069 4.23117 14.8143 17.8109 17.9531 24.4178 9.2219 13.6451 34.3757 18.6838 16.7163 10.7727 5.94423
internal_count=6087 4440 3461 979 1647 1914 175 804 660 495 165 400 280 238 131 524 291 182 109 1254 914 340 255 232 85 1587 162 140 111 95 233 99 144 1425 806 787 89 64
cat_boundaries=0 1 2 3 4 5 6 7 8
cat_threshold=9 4 12 2 1 1 2 1
is_linear=0
shrinkage=0.045618


Tree=81
num_leaves=31
num_cat=8
split_feature=1 5 5 7 7 6 6 1 7 2 2 4 2 7 1 7 1 1 7 1 7 6 7 7 7 6 1 4 7 7
split_gain=23.7914 11.6666 21.061 6.96634 6.37205 5.64176 22.2153 5.56112 5.02264 4.8546 4.79888 4.32773 4.27728 6.29151 4.15711 3.69311 3.68771 3.64783 3.51879 2.20538 1.91281 1.66271 1.32507 0.94552 3.17925 0.917041 2.03545 2.64218 0.969045 0.537244
threshold=45.016887313445757 0 1 219.77696615317103 71.419530520720699 2 3 53.938484311053749 238.33224723432681 1.0000000180025095e-35 0.99977195935954721 4 0.14333562375712508 70.203510349377396 72.994574074741976 85.814280677482813 71.001858833739945 60.970532941090745 77.354349526898872 76.142371403766745 188.29033247867838 5 91.905992876862911 103.63469102593028 84.02500000000002 6 37.500000000000007 7 136.9801776260245 75.057106984959816
decision_type=2 9 9 2 2 9 9 2 2 2 2 9 2 2 2 2 2 2 2 2 2 9 2 2 2 9 2 9 2 2
left_child=4 3 5 7 12 8 16 23 10 20 11 -3 13 -1 22 -12 17 -7 -18 -16 21 -9 -11 24 -2 -6 29 28 -28 -27
right_child=1 2 -4 -5 25 6 -8 9 -10 14 15 -13 -14 -15 19 -17 18 -19 -20 -21 -22 -23 -24 -25 -26 26 27 -29 -30 -31
leaf_value=-0.041844965826299242 -0.046125770101521031 -0.0040261164605021821 0.038745049524095049 -0.042602243118243392 -0.046143673395161122 0.0053495544445388695 0.04826425095209888 -0.014969775580456665 0.039724392973956017 0.05045294053004247 0 0.036793617421637496 0.033387665165654279 0.044602626505370668 -0.019083450198856988 -0.051328592049058146 0.040220581305743942 -0.015275766273321008 0.0070723030906582572 0.013001034370592765 0.014053798528687614 0.00042215517580907239 0.021254978806916576 -0.044303894419961416 0.010737182286632075 -0.0095671461413412377 -0.043567087888489377 0.020294542016172295 0 -0.045409105868873194
leaf_weight=6.3149952078238112 3.6138827204704267 55.896063260734081 50.853242544457316 8.2881980650126916 13.843946377746763 50.671982653439045 29.240921149030328 27.374649073928595 5.2997134253382674 6.66895345412195 5.1213918626308423 5.766286836937069 5.0609148889780036 2.1404464635998011 6.1498036906123188 7.2981747575104237 9.0426692850887758 27.144410971552134 26.735507242381573 14.285034652799366 10.409541133791206 29.396062202751637 9.4352632127702218 4.9490745663642883 3.9775680918246508 1.6160969249904145 3.3133359672501674 3.2963033262640238 1.1718050874769685 9.1446714317426068
leaf_count=252 50 424 1547 47 684 390 508 204 40 55 29 62 23 33 43 43 71 187 160 126 61 221 74 54 44 37 95 42 18 463
internal_value=0.00569003 0.00929452 0.0142815 -0.00253651 -0.0252955 0.00719964 0.0129419 0.000121567 -0.00215683 0.00366327 -0.00534298 0 0.000578298 -0.0186793 0.017024 -0.0309568 0.00372079 -0.00178729 0.0158134 0.00294506 -0.00354194 -0.00691862 0.0342328 -0.0282506 -0.0160558 -0.0362183 -0.0280322 -0.00885483 -0.0315549 -0.0408871
internal_weight=443.521 397.618 273.07 124.548 45.9025 222.217 142.835 116.26 79.3816 103.719 74.0819 61.6624 13.5164 8.45544 36.5391 12.4196 113.595 77.8164 35.7782 20.4348 67.1803 56.7707 16.1042 12.5405 7.59145 32.3862 18.5422 7.78144 4.48514 10.7608
internal_count=6087 4440 3461 979 1647 1914 1316 932 598 784 558 486 308 285 298 72 808 577 231 169 486 425 129 148 94 1339 655 155 113 500
cat_boundaries=0 1 2 3 4 5 6 7 8
cat_threshold=9 4 1 2 2 2 1 2
is_linear=0
shrinkage=0.045618


Tree=82
num_leaves=19
num_cat=5
split_feature=5 1 1 6 6 0 0 7 7 7 1 1 7 7 3 7 7 7
split_gain=29.6658 20.4027 16.6237 8.17839 38.1437 4.89017 18.7955 4.58865 5.77154 4.44808 3.93955 3.28251 3.99564 2.89622 2.25595 2.23836 1.91683 0.628355
threshold=0 17.250701127909803 37.500000000000007 1 2 3 4 68.345000000000013 73.917481169574771 241.90397689840748 80.999720207744019 80.003528267108564 92.708553661258506 82.920000000000016 0.043546391052066487 71.419530520720699 70.203510349377396 84.02500000000002
decision_type=9 2 2 9 9 9 9 2 2 2 2 2 2 2 2 2 2 2
left_child=2 15 -1 5 9 7 10 -4 -9 11 13 12 -5 -7 -10 16 -2 -13
right_child=1 -3 3 4 -6 6 -8 8 14 -11 -12 17 -14 -15 -16 -17 -18 -19
leaf_value=-0.046093328651846566 -0.02673888583609646 0.046692246198133606 -0.054655001406029906 -0.016997771927989212 0.048559794585931959 0.0047740840815749712 0.048643162608000029 0.032189770816026732 -0.021966693141017318 0.034002621887900729 -0.047045452673439445 0.028752697179097592 -0.00032274478748823085 -0.01242860229512382 -0.0001207628826749499 -0.044165919984465167 0.044431022693618059 0.0051474228515656275
leaf_weight=16.187497962266207 1.5134867439046487 52.570951629430056 5.7289818562567225 49.574425085447729 37.353992724791169 33.522055067121983 13.968975555151699 5.2843566909432402 40.698226366192102 6.1970198787748805 4.8796045258641234 5.9316570553928596 76.869659171439707 49.863273547962308 13.714729832485316 5.7845992427319288 1.1989677045494316 5.2037201840430498
leaf_count=819 69 1553 49 497 632 237 214 44 315 47 24 39 584 409 104 364 7 38
internal_value=0.00413893 0.0310044 -0.00117156 0.00088885 0.00762078 -0.0063472 -4.70171e-05 -0.0160643 -0.0120743 -0.00302853 -0.00792258 -0.00479215 -0.00692746 -0.00544369 -0.0165968 -0.0285091 0.00353694 0.0185773
internal_weight=426.046 61.068 364.978 348.791 181.13 167.66 102.234 65.4263 59.6973 143.776 88.2649 137.579 126.444 83.3853 54.413 8.49705 2.71245 11.1354
internal_count=6045 1993 4052 3233 1837 1396 884 512 463 1205 670 1158 1081 646 419 440 76 77
cat_boundaries=0 1 2 3 4 5
cat_threshold=13 2 1 2 1
is_linear=0
shrinkage=0.045618


Tree=83
num_leaves=26
num_cat=8
split_feature=5 4 2 2 4 4 7 9 7 7 7 7 7 6 7 0 7 7 7 6 7 7 7 7 7
split_gain=28.1134 15.6486 8.66707 24.0177 7.31849 10.0965 5.45625 4.87498 6.26826 3.33933 5.27302 2.87558 3.98875 3.07752 2.45555 2.40283 3.38992 2.24641 2.21463 1.7224 0.785242 4.27264 0.223064 0.182103 0.129863
threshold=0 1 1.0000000180025095e-35 0.99977195935954721 2 3 57.445000000000007 4 103.28922227186466 232.31323960145275 212.6996410793648 81.127986587441143 93.25534506633845 5 78.357676367935383 6 111.92911813471636 83.32171133982591 91.905992876862911 7 110.15500000000002 104.69830262048932 75.512346055105283 84.21465614595148 216.03500000000003
decision_type=9 9 2 2 9 9 2 9 2 2 2 2 2 9 2 9 2 2 2 9 2 2 2 2 2
left_child=2 17 4 -4 11 6 -6 14 -9 10 15 -1 13 -13 -8 16 -5 19 -17 22 21 -14 -2 -15 -22
right_child=1 -3 3 9 5 -7 7 8 -10 -11 -12 12 20 23 -16 18 -18 -19 -20 -21 24 -23 -24 -25 -26
leaf_value=-0.050658018747233857 0.0013266127722180603 0.046423609936292694 0.047665919924869363 -0.028886108870633722 -0.056452436169768999 0.054245642109423918 2.7135810795576596e-05 -0.0070350316837591185 0.013388865177553558 0.029326149052323877 -0.046877687632017162 -0.039334131298331458 -0.047205428213750698 0.04234523492695294 -0.015189239493864038 0.015751769521617848 0.0077867783443302738 -0.040840795822297028 -0.0069242134943658237 -0.036750880517162458 -0.052329747127339822 0.043954885097682472 0.026898414280641606 0.015022872458243471 -0.020745678739136394
leaf_weight=8.460515799000861 1.7883228035643695 48.86862601339817 26.16910633072257 12.893236465752127 3.928409054875373 6.0339865088462821 29.515793067403138 63.147453525103629 61.198103412985802 5.6011755820363751 5.9321489557623854 1.5376148018986013 2.9183124294504506 2.1824913127347827 78.617839800193906 18.677481655031443 8.2538951747119409 4.145454715937376 16.437408737838268 1.4303845614194868 4.1912684692069888 1.3701770668849347 2.3335892343893647 2.3869156893342733 1.5445621777325866
leaf_count=233 47 1544 503 82 35 96 275 724 541 54 33 61 97 28 804 113 41 276 115 83 123 25 43 56 13
internal_value=0.00401774 0.030696 -0.00112736 0.01072 -0.00536705 -0.00292094 -0.00445426 -0.00349756 0.00275154 -0.00355467 -0.00670651 -0.0289969 -0.0167388 0.0113364 -0.0100581 -0.00219852 -0.0143456 -0.0162498 0.00498273 0.00186353 -0.0343317 -0.015987 0.0178578 0.030691 -0.0459279
internal_weight=419.564 58.5664 360.998 93.9645 267.033 242.442 236.408 232.479 124.346 67.7953 62.1942 24.5919 16.1313 6.10702 108.134 56.262 21.1471 9.69775 35.1149 5.5523 10.0243 4.28849 4.12191 4.56941 5.73583
internal_count=6045 1993 4052 941 3111 2475 2379 2344 1265 438 384 636 403 145 1079 351 123 449 228 173 258 122 90 84 136
cat_boundaries=0 1 2 3 4 5 6 7 8
cat_threshold=13 1 1 2 12 1 2 2
is_linear=0
shrinkage=0.045618


Tree=84
num_leaves=26
num_cat=3
split_feature=5 4 2 2 7 7 8 7 8 8 8 3 3 8 7 7 8 8 7 7 0 8 8 7 8
split_gain=23.5659 18.047 7.15677 22.7842 6.42096 5.03948 5.07942 6.48819 4.24295 11.8678 4.33221 3.82796 7.25314 3.84156 3.5327 3.43392 3.39641 2.269 1.97484 1.58515 1.55703 0.949936 0.947901 0.907251 0.893957
threshold=0 1 1.0000000180025095e-35 0.99977195935954721 232.31323960145275 70.930000000000021 37.813142355451383 220.15774690439702 27.972657389979073 28.188391085245808 37.406055377192729 0.013753533766385053 0.99894807841205846 34.605831877661167 77.002885607562334 232.31323960145275 24.501839874965686 24.001284893037823 61.758728522991284 67.045000000000016 2 24.701772552483643 38.714313052279032 71.201792449098406 26.678900664970318
decision_type=9 9 2 2 2 2 2 2 2 2 2 2 2 2 2 2 2 2 2 2 9 2 2 2 2
left_child=2 16 4 -4 5 8 11 22 19 -10 -11 13 -13 -7 18 17 -2 -16 -5 -1 -19 -21 -8 -20 -18
right_child=1 -3 3 14 -6 6 7 -9 9 10 -12 12 -14 -15 15 -17 24 20 23 21 -22 -23 -24 -25 -26
leaf_value=-0.052162237718590992 -0.044078966843947721 0.046333562944067819 0.047480798064053406 -0.0060122651497832129 -0.044771793184076744 0.00093030995599937747 -0.010567522794035132 0.03022861103813625 0.060865090783143748 -0.040662400140936861 0.011859409737611806 0.047178717148846694 0.0017291247495952917 -0.024008237075976293 0.017823122359929673 0.0253697082722955 0.035893399063814405 -0.02618108014449699 0.037798100912526007 0 -0.008110981436518722 -0.034876571756213628 -0.042495555856053135 0.01123388734765513 -0.0071825083291796885
leaf_weight=7.9072282053530198 5.7295426353812218 46.626102633774281 25.338822044432163 6.2454530112445381 7.5977199012413612 160.51640332303941 3.1813380112871554 3.5348940640687934 4.1615501251071718 10.24490365386009 4.4042463786900035 10.308319710195063 24.988327600061893 13.732584450393913 4.2628756724297991 5.2231502532958975 1.5158461472019555 18.038346290588379 5.8603458032011968 2.8767546229064465 25.562989924103022 3.0411988170817494 11.766889435239134 6.8804619684815407 1.8355969311669467
leaf_count=125 376 1549 520 33 54 1837 45 27 23 141 54 193 134 182 17 51 20 106 38 43 176 36 203 39 50
internal_value=0.00451941 0.0295719 -0.000100589 0.0104561 -0.00396628 -0.00271715 -0.00028259 -0.0230886 -0.0194247 -0.00481976 -0.0245084 0.00172081 0.0153831 -0.0010264 -0.0025764 -0.00868573 -0.0230892 -0.0126284 0.0140869 -0.0384745 -0.0158208 -0.0179834 -0.0363578 0.0243578 0.0115363
internal_weight=421.382 55.7071 365.675 97.4124 268.262 260.665 228.029 18.4831 32.6359 18.8107 14.6492 209.546 35.2966 174.249 72.0736 53.0874 9.08099 47.8642 18.9863 13.8252 43.6013 5.91795 14.9482 12.7408 3.35144
internal_count=6072 1995 4077 980 3097 3043 2621 275 422 218 195 2346 327 2019 460 350 446 299 110 204 282 79 248 77 70
cat_boundaries=0 1 2 3
cat_threshold=13 1 2
is_linear=0
shrinkage=0.045618


Tree=85
num_leaves=24
num_cat=5
split_feature=5 1 1 2 2 8 8 1 5 9 8 0 1 8 8 8 1 1 8 0 8 8 1
split_gain=22.3553 20.2076 15.9306 5.08027 21.0715 3.16344 5.53461 4.9116 3.74612 3.62669 3.52889 2.70537 2.57044 3.01915 2.26123 4.86517 2.86572 1.44528 1.34214 1.26479 1.13503 0.881298 0.002535
threshold=0 17.250701127909803 37.500000000000007 1.0000000180025095e-35 0.99977195935954721 37.813142355451383 44.95000000000001 46.046992983424225 1 2 28.00073044985545 3 71.284834830397742 35.613964607841204 28.300657430286304 31.208028196170577 73.208146300600887 38.006575028449809 27.101475503540279 4 38.912106206703662 29.800864676504617 28.058891176440927
decision_type=9 2 2 2 2 2 2 2 9 9 2 9 2 2 2 2 2 2 2 9 2 2 2
left_child=2 18 -1 5 -5 7 19 17 9 -9 -10 12 13 -6 16 -16 -13 -4 -2 -7 -21 -19 -3
right_child=1 22 3 4 11 6 -8 8 10 -11 -12 14 -14 -15 15 -17 -18 21 -20 20 -22 -23 -24
leaf_value=-0.045874353620051891 -0.04386123256943391 0.017593250793973982 0.0138459700439683 0.047347670281134062 -0.041197472573868091 -0.054772802397156199 0.016619255149069746 -0.0013473505929016371 -0.020473122747662918 0.012610053456277474 0.00013678956885520245 -0.03073957668535119 0.0018215968174234735 0.00017782338282090347 0.041580805616239384 0 0.007265311776499233 -0.046141153253972229 0 0.00027492727277079147 -0.031666087022553649 -0.014319668406878931 0.046620193374725338
leaf_weight=14.955438626930116 5.6474870694801202 1.0465266332030285 1.1301363296806801 24.275980621576309 9.3223296292126197 4.4173751920461655 6.2682717088609925 76.949531812220812 26.374640375375748 69.76680588722229 47.727649776265025 6.5665272660553482 12.570349790155886 5.4796631000936022 8.5070792846381682 18.315519342198968 9.9690931960940343 6.0893208459019643 1.9726234935224054 2.7245226660743374 7.724312118254602 3.8804416749626398 44.788555959239602
leaf_count=808 391 6 39 520 59 51 61 474 231 707 344 46 54 40 48 129 68 160 46 32 95 111 1552
internal_value=0.00437064 0.0292512 -9.37535e-05 0.00187976 0.0108696 -0.00147708 -0.0182817 4.28888e-05 0.00157027 0.00563869 -0.00630432 -0.00166761 -0.0129084 -0.0256808 0.00531409 0.0135372 -0.0076545 -0.0292445 -0.0329078 -0.0334387 -0.0229139 -0.0349308 0.046178
internal_weight=416.47 53.4552 363.015 348.06 95.0065 253.053 21.1345 231.919 220.819 146.716 74.1023 70.7306 27.3723 14.802 43.3582 26.8226 16.5356 11.0999 7.62011 14.8662 10.4488 9.96976 45.8351
internal_count=6072 1995 4077 3269 964 2305 239 2066 1756 1181 575 444 153 99 291 177 114 310 437 178 127 271 1558
cat_boundaries=0 1 2 3 4 5
cat_threshold=13 4 6 2 2
is_linear=0
shrinkage=0.045618


Tree=86
num_leaves=20
num_cat=6
split_feature=5 1 1 8 1 8 8 6 6 8 1 8 3 0 4 0 1 8 1
split_gain=23.7846 16.2852 12.9618 5.91558 5.00877 7.64575 4.75678 3.3489 22.793 4.8045 3.23783 5.73272 4.56552 2.70469 7.06535 6.64048 3.18774 3.08943 0.029118
threshold=0 38.006575028449809 17.250701127909803 27.101475503540279 56.001575699917957 25.502828488681718 19.505694063766963 1 2 36.816660103405511 76.963130737918092 29.366208216887127 1.0000000180025095e-35 3 4 5 53.938484311053749 26.678900664970318 28.058891176440927
decision_type=9 2 2 2 2 2 2 9 9 2 2 2 2 9 9 9 2 2 2
left_child=1 -1 3 -2 5 -3 -6 10 9 -9 12 -12 -8 14 16 17 -7 -15 -4
right_child=2 4 18 -5 6 13 7 8 -10 -11 11 -13 -14 15 -16 -17 -18 -19 -20
leaf_value=-0.045907419423710488 -0.043661334000326714 -0.040165766055335651 0.016867623021894311 0.034897502429839973 -0.045850987097201326 -0.038038103122572331 -0.00048940125126547543 0.0036696445405880081 0.04751731926063596 -0.033929252134246551 0.0023559522054227458 -0.035886598631608174 0.024138582362653684 0.039363382461746081 0.039576704624445881 0.047773058551485281 -0.00060720729031240575 -0.0058571911438021432 0.046599396816266396
leaf_weight=15.353218595497308 5.3564916281029564 12.61781175713986 1.0508728623390187 2.8369867643341422 3.520074024796485 13.384232663549485 66.932758999988437 90.800942013040185 27.627630826085806 7.4465573765337458 22.268833739683032 12.396517993882297 20.050316378474236 3.1914876978844395 4.0096732228994396 6.1673538759350768 7.8027445562183848 38.634343868121505 42.608897898346186
leaf_count=843 396 187 6 52 26 202 472 614 535 67 158 66 189 27 35 78 62 435 1541
internal_value=0.00440981 -0.000268668 0.0303923 -0.0155215 0.00181287 -0.00766055 0.00507954 0.00586809 0.0110798 0.000688793 0.000414093 -0.0112773 0.00516134 -0.0018707 -0.0139687 0.00438517 -0.024689 -0.00207501 0.046112
internal_weight=404.058 352.204 51.8532 8.19348 336.851 85.8076 251.044 247.524 125.875 98.2475 121.648 34.6654 86.9831 73.1898 25.1967 47.9932 21.187 41.8258 43.6598
internal_count=5991 3996 1995 448 3153 1026 2127 2101 1216 681 885 224 661 839 299 540 264 462 1547
cat_boundaries=0 1 2 3 4 5 6
cat_threshold=13 2 1 2 2 1
is_linear=0
shrinkage=0.045618


Tree=87
num_leaves=29
num_cat=11
split_feature=5 1 1 9 9 9 1 4 3 1 6 6 2 1 1 1 0 0 6 1 1 0 1 1 1 1 1 1
split_gain=22.5468 15.5149 12.4277 9.28934 6.28031 17.0127 8.1048 4.28402 3.7576 4.07481 3.44272 3.22282 2.96441 2.83327 4.74724 2.06854 1.91104 1.81509 1.72541 2.06028 1.57919 1.54446 1.42641 1.34167 1.28698 0.890121 0.620732 0.0542841
threshold=0 38.006575028449809 17.250701127909803 1 2 3 58.013625005975413 4 0.99894807841205846 73.996428959115889 5 6 0.99977195935954721 77.999570706233882 67.987173944602134 68.992685870561175 7 8 9 7.5000000000000009 50.999562327306911 10 55.874911427594476 70.936266451741091 56.998935247660832 52.016207858320946 61.998047812628364 28.058891176440927
decision_type=9 2 2 9 9 9 2 9 2 2 9 9 2 2 2 2 9 9 9 2 2 9 2 2 2 2 2 2
left_child=1 -1 17 7 6 16 20 8 9 21 15 -12 -11 14 22 -8 26 18 -2 -20 -5 -3 -9 -10 -22 -18 -6 -4
right_child=2 3 27 4 5 -7 10 13 23 12 11 -13 -14 -15 -16 -17 25 -19 19 -21 24 -23 -24 -25 -26 -27 -28 -29
leaf_value=-0.045805927955398958 -0.036507386212195701 -0.02098371097010188 0.016174170233420684 -0.047957789928816705 -0.0058498790393258747 0.037538656901670513 0.008703880530791696 -0.021868961324870279 -0.011353197127194202 0.010311961584247175 0.0095612854727346978 0.04597676749215001 -0.016964424536417513 -0.012996266887754541 0.054974533953886399 -0.014288771945349313 -0.010299528940315852 -0.041523817364099797 0.04398864358802991 -0.02404287250557155 -0.0058110254558257877 -0.0076150448587976732 0.021615071898270093 -0.042229958648648459 -0.03864285455197819 0.0095310407037612153 -0.022966363445285441 0.046536186653604511
leaf_weight=14.70079283043742 1.4318339051678768 29.630918132141232 1.0550273358821858 5.7305582454428103 16.446556860581044 36.904135633260012 14.401989761739967 3.2201677458360809 5.6058718897402278 36.894155912101269 26.58202100917697 6.3337564691901198 10.354510724544523 4.828669622540473 6.0155491195619106 17.738223820924759 5.2993084248155382 3.071155559271574 2.3152010273188357 1.1613943846896289 8.2650806531310064 52.413725432939827 2.6412206664681435 8.8136997744441015 3.8233741149306288 25.514665544033051 6.8782987669110289 40.763147734105587
leaf_count=843 111 306 6 94 143 893 81 52 36 209 133 78 52 30 28 81 62 237 55 45 81 512 18 45 26 143 50 1541
internal_value=0.00426751 -0.000260824 0.0300422 0.00174341 0.00877451 0.0166344 -0.000670785 -0.0060139 -0.00896098 -0.00640817 0.00665253 0.0170091 0.00415319 0.0152079 0.027218 -0.00380342 -0.00121463 -0.0152034 0.0010949 0.019494 -0.0278871 -0.0125612 -0.00117557 -0.0309949 -0.0171951 0.00587181 -0.0113258 0.0460051
internal_weight=398.835 349.037 49.7978 334.336 173.918 91.043 82.875 160.418 143.713 129.293 65.056 32.9158 47.2487 16.7056 11.8769 32.1402 54.1388 7.97958 4.90843 3.4766 17.819 82.0446 5.86139 14.4196 12.0885 30.814 23.3249 41.8182
internal_count=5991 3996 1995 3153 1865 1291 574 1288 1160 1079 373 211 261 128 98 162 398 448 211 100 201 818 70 81 107 205 193 1547
cat_boundaries=0 1 2 3 4 5 6 7 8 9 10 11
cat_threshold=13 5 2 8 2 2 1 1 1 1 2
is_linear=0
shrinkage=0.045618


Tree=88
num_leaves=33
num_cat=8
split_feature=9 9 9 7 3 4 4 7 7 5 7 6 8 7 3 7 8 2 8 8 6 7 8 8 7 7 2 7 8 7 8 8
split_gain=15.8103 15.0744 27.1732 6.29776 4.16726 4.39136 3.82132 3.8838 6.72764 3.68738 10.4907 3.24714 3.23864 3.19257 11.4651 4.74373 6.72475 4.57611 3.79575 2.32374 2.39769 2.30599 2.2905 4.25339 2.20869 1.99219 1.98168 1.55153 1.07217 0.662454 0.369287 1.31726
threshold=0 1 2 59.033394570060942 0.99894807841205846 3 4 222.51813576427864 208.09640910423931 5 80.580000000000013 6 39.306292158931363 202.07060069775869 0.003533934839724973 103.28922227186466 34.217930406810694 0.010368613865304912 26.904220082526127 35.498117988441997 7 101.14000000000001 27.082049600064039 28.188391085245808 89.789294922206096 214.96426399207735 0.99977195935954721 89.15000000000002 28.61831211176807 223.59660307484179 31.800334325944537 36.459833056514491
decision_type=9 9 9 2 2 9 9 2 2 9 2 9 2 2 2 2 2 2 2 2 9 2 2 2 2 2 2 2 2 2 2 2
left_child=6 3 13 -2 5 11 22 8 12 10 -7 -5 19 15 29 16 17 -3 -17 21 -21 -8 -1 -24 -11 -10 -20 -13 -6 -15 -25 -32
right_child=1 2 -4 4 28 9 7 -9 25 24 -12 27 -14 14 -16 18 -18 -19 26 20 -22 -23 23 30 -26 -27 -28 -29 -30 -31 31 -33
leaf_value=-0.047785026007008166 -0.060393235451523739 -0.0053462321392242071 0.04118863477816765 -0.053502649829613572 -0.044307447006433257 0.019173065809228059 -0.015792173444496453 -0.039397279493851592 0.050663223116395241 0.0035236964540524699 -0.018206655955768002 -0.02135086104415224 -0.044311564827321619 -0.051271230634786245 0.031180935639510687 -0.017985879743958915 -0.050259784111737218 0.030442069607752229 0.034501966267298755 -0.0090706649166783643 0.042340156477880857 0.00026081149541688135 0.030848752547236541 -0.051429273449964383 0.027733895282086661 0.0094415565828858562 0 0.020643844975380809 -0.011398394001788641 -0.024951237473415107 0.013998070084904933 -0.042860756258900679
leaf_weight=8.1096366802230495 3.5298462472856036 27.913770962506533 60.879678277298808 4.4923627711832523 4.7171192690730077 26.87332128547132 41.519467008300126 6.8921813964843741 4.8598779477179033 13.013827204704283 36.595360938459635 4.1856409832835197 4.8215596731752148 6.7687912527471799 7.0913925450295201 4.0336402608081725 5.2215800061821929 9.8252312000840885 19.393002687953416 3.1758791236206889 3.7533154767006627 32.25526368431747 2.8017732109874469 2.3514054147526622 22.639566272497177 5.8206283673644066 4.3983679711818686 2.848912050947547 5.0136775951832533 5.6837798431515694 1.1307317679747941 1.7470370996743438
leaf_count=494 38 287 1993 166 32 255 476 42 41 197 429 77 80 41 59 44 76 87 162 34 35 275 44 49 244 40 18 72 34 34 31 42
internal_value=0.00416398 0.0100009 0.0193479 -0.00196372 -0.000257155 0.00222872 -0.00930334 -0.00673865 -0.00425183 0.00539437 -0.00196225 -0.0240629 -0.00859005 0.00187674 -0.0140397 0.00665268 -0.00273222 0.00392597 0.0212753 -0.006267 0.0183378 -0.0087088 -0.0306889 -0.0118744 0.014971 0.0293993 0.028293 -0.00337464 -0.0285905 -0.0403764 -0.0362256 -0.0190791
internal_weight=394.358 275.119 151.209 123.91 120.38 110.649 119.239 103.098 96.206 99.1221 63.4687 11.5269 85.5255 90.3296 19.544 70.7856 42.9606 37.739 27.825 80.7039 6.92919 73.7747 16.1406 8.03095 35.6534 10.6805 23.7914 7.03455 9.7308 12.4526 5.22917 2.87777
internal_count=6028 4345 2801 1544 1506 1440 1683 1023 981 1125 684 315 900 808 134 674 450 374 224 820 69 751 660 166 441 81 180 149 66 75 122 73
cat_boundaries=0 1 2 3 4 5 6 7 8
cat_threshold=9 4 2 1 1 5 1 2
is_linear=0
shrinkage=0.045618


Tree=89
num_leaves=29
num_cat=5
split_feature=9 9 9 1 1 1 3 7 7 7 7 3 3 7 1 5 7 7 2 1 7 7 7 7 7 4 7 1
split_gain=14.6809 14.2472 26.3625 11.0831 9.1356 7.21969 5.06084 4.11843 6.07827 3.95701 3.48238 9.45045 5.35917 5.04582 2.98018 3.78992 2.63927 6.80816 4.12152 2.03584 1.81415 1.73496 1.64517 0.778675 1.33702 0.964053 0.465316 0.16542
threshold=0 1 2 44.071135056329894 48.948386201728212 55.000954631733443 0.99894807841205846 222.51813576427864 208.09640910423931 60.820073061288234 202.07060069775869 0.003533934839724973 0.99894807841205846 106.12444971876043 46.972767339246097 3 70.930000000000021 79.033286701613804 0.99977195935954721 1.5200000000000002 58.137886086892202 214.96426399207735 75.830582757557877 112.22794845350542 103.28922227186466 4 62.124001669136497 76.963130737918092
decision_type=9 9 9 2 2 2 2 2 2 2 2 2 2 2 2 9 2 2 2 2 2 2 2 2 2 9 2 2
left_child=4 3 5 -2 19 23 9 8 16 -5 12 -12 13 -7 -11 -16 26 22 -19 -1 -21 -10 -18 24 25 -3 -6 -8
right_child=1 2 -4 6 7 10 27 -9 21 14 11 -13 -14 -15 15 -17 17 18 -20 20 -22 -23 -24 -25 -26 -27 -28 -29
leaf_value=0.013645649032348418 -0.046226228868612461 -0.03576758572459373 0.040903200478742303 -0.039550871004846826 -0.013843703763866091 0.0057368020573166489 -0.035950694635265339 -0.037736464169967773 0.051844808582401973 0.040484820065324438 -0.037017729797969079 0.030206477704196696 -0.028739795467761526 0.034784773459461453 -0.0029245875284122781 0.014329749578164476 0.011263192349757391 -0.0038275955685879506 -0.039925164321869266 0.0072982636822706334 -0.045780009411885647 0.011925780575002414 0.050183289354283733 -0.047302582032924728 0.014498009089940136 0 -0.039171966284385649 -0.017618569555591931
leaf_weight=1.2023594025522495 10.58530157804489 6.3506234232336283 58.631154358386993 3.7056683842092744 4.1068600751459581 31.806971909478307 5.293439429253338 6.7886754572391501 4.6464853994548303 5.0828191600739947 10.619055420160295 6.9954096470028153 5.4929902702569953 21.052169762551785 56.893576739355929 37.067656945437186 5.2040980868041498 55.376237336546183 7.3678245805203906 1.1769916862249399 17.106058319099247 5.5395047180354595 4.972747752442956 3.6506551923230282 1.6093352269381274 2.0708034457638842 4.7974220141768456 4.5880414675921202
leaf_count=51 542 125 1993 27 34 248 45 39 40 39 57 59 28 145 444 425 41 418 44 27 869 36 44 58 24 64 40 22
internal_value=0.00406044 0.00972967 0.0189335 -0.00190097 -0.00895837 0.00178835 0.00212094 -0.00397869 -0.00133838 0.00519063 0.00756326 -0.00992792 0.0129669 0.0175171 0.00700932 0.00504412 -0.00556501 -0.00256947 -0.00828711 -0.03812 -0.0419805 0.0314291 0.0315247 -0.0281627 -0.0197433 -0.0272073 -0.0287748 -0.0286123
internal_weight=389.781 271.496 148.279 123.217 118.285 89.648 112.631 98.7999 92.0112 102.75 75.9666 17.6145 58.3521 52.8591 99.0441 93.9612 81.8252 72.9209 62.7441 19.4854 18.2831 10.186 10.1768 13.6814 10.0308 8.42143 8.90428 9.88148
internal_count=6028 4345 2801 1544 1683 808 1002 736 697 935 537 116 421 393 908 869 621 547 462 947 896 76 85 271 213 189 74 67
cat_boundaries=0 1 2 3 4 5
cat_threshold=9 4 2 5 2
is_linear=0
shrinkage=0.045618


Tree=90
num_leaves=39
num_cat=6
split_feature=1 0 0 6 6 2 1 4 3 8 3 8 1 1 7 1 2 2 8 8 8 1 7 1 7 7 4 8 7 7 8 2 1 1 1 8 7 7
split_gain=12.0415 8.68273 9.55265 7.80244 20.7489 5.59096 4.4535 7.31002 4.3882 7.08087 6.12611 5.36774 4.85393 4.70582 4.39137 3.11605 2.9531 6.82134 3.40606 11.1702 3.86028 2.7273 4.26568 4.09151 2.7079 2.6993 2.64437 2.34835 3.38908 2.27612 5.02053 2.16501 2.1568 5.43038 2.01415 1.74043 1.4862 0.710656
threshold=56.001575699917957 0 1 2 3 0.019727718657930663 48.058265287553652 4 1.0000000180025095e-35 28.285576588577086 0.99894807841205846 27.906851076410565 65.000451664795335 59.996844235236182 101.51000000000001 53.938484311053749 0.99977195935954721 1.0000000180025095e-35 24.407058295166923 27.801652500611571 23.304208466103152 44.071135056329894 82.435000000000016 46.972767339246097 112.70605020184304 209.32088574367808 5 35.803573964911244 87.824271352584944 83.32171133982591 33.507969209858764 0.99977195935954721 69.561377164407318 74.937935396884527 53.938484311053749 30.727979277395278 89.789294922206096 127.76500000000001
decision_type=2 9 9 9 9 2 2 9 2 2 2 2 2 2 2 2 2 2 2 2 2 2 2 2 2 2 9 2 2 2 2 2 2 2 2 2 2 2
left_child=1 6 5 8 16 15 -1 24 9 11 -10 12 -2 27 -13 21 17 18 20 -20 -5 22 -3 -23 34 -12 -14 28 -11 -18 -31 -7 35 -34 -8 -15 -33 -17
right_child=3 2 -4 4 -6 31 7 -9 10 13 25 14 26 32 -16 37 29 -19 19 -21 -22 23 -24 -25 -26 -27 -28 -29 -30 30 -32 36 33 -35 -36 -37 -38 -39
leaf_value=-0.046650123909012985 -0.035334547720562277 -0.00052293363319729403 0.047511163872036875 0.0091106075439025824 0.046814641789500323 0.044594607249744025 -0.031991966495739606 0.045291610173423168 0.045802457541727251 0.023686425690532142 -0.012103702197320491 0.055628676330304605 0.002117532659835488 -0.014960215033554299 0.00025943554217842176 -0.043820109806854274 0.0097191721781033202 0.046185333752985919 -0.038458106566606989 0.011094685267247191 0.062023872810892521 0.032142800571708596 -0.04384217290501112 -0.0076372346863647373 -0.04968323402119261 0.021717147827724794 0.041253788437216173 0.03677239486740716 -0.033101958901691514 -0.037913449454799839 0.014618508624366588 0.023456837030538157 0.01339597566960807 -0.031174652545979713 0.0060618471767677996 -0.052827390228818508 -0.0091642413235768806 -0.012790159951148352
leaf_weight=14.120276240631936 6.4409489538520566 11.358527496457102 7.830333054997026 9.6016950570046884 36.125779341906309 4.6508788205683205 4.9012062996625918 3.4609837047755745 9.8752274401485938 4.0298580862581712 11.512787818908693 7.6094925273209792 27.715096222236753 4.8329104576259834 5.1885456871241331 6.6081168539822084 10.168038103729488 9.945958346128462 11.593344958499072 47.381022511050105 4.1811159700155249 7.0769545808434513 8.2819716408848745 20.014031928032637 6.0077832862734786 8.1764953043311817 3.9982151202857521 3.9309460502117863 4.2220617737621069 9.5271403118967992 5.8304009027779093 5.5070635620504618 8.5564923994243163 15.416508017107843 6.061354024335742 7.7292611114680767 5.3983330000191927 3.1261455491185188
leaf_count=711 57 387 144 80 1185 127 62 25 306 43 55 51 219 41 35 78 54 255 102 366 29 73 553 232 62 47 74 33 39 50 46 35 75 109 60 74 41 29
internal_value=0.00446667 -0.00792112 0.000285447 0.00967168 0.0169569 -0.00488834 -0.0269517 -0.0126925 0.00147134 -0.00306059 0.0168715 0.00873392 0 -0.0155078 0.034035 -0.0116283 0.00686018 0.0110683 0.00606063 0.00114395 0.0263125 -0.00649513 -0.0193803 0.0026966 -0.0252988 0.00171026 0.00749103 0.00855915 -0.00473414 -0.00651025 -0.0176424 0.0190059 -0.0237061 -0.0150306 -0.0106802 -0.0392433 0.0068821 -0.0349728
internal_weight=387.993 114.404 79.8524 273.589 144.354 72.022 34.5516 20.4313 129.235 99.6703 29.5645 50.9523 38.1543 48.718 12.798 56.4657 108.229 82.7031 72.7572 58.9744 13.7828 46.7315 19.6405 27.091 16.9703 19.6893 31.7133 12.1829 8.25192 25.5256 15.3575 15.5563 36.5352 23.973 10.9626 12.5622 10.9054 9.73426
internal_count=6044 2619 1699 3425 2167 1555 920 209 1258 850 408 436 350 414 86 1352 982 832 577 468 109 1245 940 305 184 102 293 115 82 150 96 203 299 184 122 115 76 107
cat_boundaries=0 1 2 3 4 5 6
cat_threshold=2 1 2 1 2 2
is_linear=0
shrinkage=0.045618


Tree=91
num_leaves=26
num_cat=3
split_feature=5 1 1 1 0 0 8 8 8 8 7 1 8 7 8 8 8 8 7 7 2 1 7 7 1
split_gain=19.2135 12.6538 10.9002 4.84994 5.20772 14.5014 6.60279 8.36394 5.37347 4.67607 4.65829 7.19358 7.82807 11.5172 9.98604 7.1728 4.52215 4.33333 3.99799 3.45473 2.61288 1.97346 1.1601 7.09837 0.0424617
threshold=0 37.500000000000007 17.250701127909803 56.001575699917957 1 2 28.285576588577086 27.801652500611571 24.701772552483643 27.101475503540279 105.21399713811572 54.992085452033173 31.902756250700431 65.475000000000009 28.100161250534335 39.503564746076442 37.616745318758412 31.102906064822296 220.90587831465999 80.817096056165965 0.006572800900427834 66.863342199043984 184.12666282161379 160.13507499983595 28.058891176440927
decision_type=9 2 2 2 9 9 2 2 2 2 2 2 2 2 2 2 2 2 2 2 2 2 2 2 2
left_child=1 -1 9 10 6 16 7 8 -5 -2 11 12 14 -14 -3 22 17 -6 19 -8 -17 -9 23 -12 -4
right_child=2 3 24 4 5 -7 18 21 -10 -11 15 -13 13 -15 -16 20 -18 -19 -20 -21 -22 -23 -24 -25 -26
leaf_value=-0.045477311658726136 -0.042987507174913814 -0.0087190682433641361 0.015969847280362937 0.012902646218172753 0.00052154394307617538 0.047129878471226738 -0.0008946997835915431 0.061146618833660737 -0.019862355521464575 0.031157493548796791 -0.044357102312826115 -0.042474030391568322 0.03618510072138937 -0.0490713541639866 0.041228673615873804 -0.0083972853411671405 -0.03532670938454454 0.020350235286679407 0.021343755987275517 -0.026711692979521279 0.041793257486282986 0.024007174756937387 -0.052478566115293925 0.028998965466518659 0.046377167429010172
leaf_weight=11.973924322985111 4.4807279878295949 14.616400006227193 1.019350878894328 22.568879250437021 72.178902849555016 19.767841222696006 17.14381748624146 4.991811813786625 18.89945749938488 2.5615343395620584 11.221146990545099 6.8770412448793641 4.6654382087290278 9.7373467925935966 18.45744963735342 4.4797579497098905 5.2927588224411002 33.88531356677413 5.7930993326008311 31.500083623453975 3.6051098797470331 10.607023933902381 6.8824291033670297 3.3398658819496623 36.304756099358201
leaf_count=806 392 234 6 152 514 508 128 28 154 46 180 78 37 196 201 49 51 243 33 259 31 60 73 27 1558
internal_value=0.00432826 0.000136228 0.0293924 0.00186101 0.00514483 0.0113077 -0.00205441 0.00870604 -0.00190578 -0.0150341 -0.00755213 0.000275757 0.00676213 -0.0209018 0.0190536 -0.0220692 0.00481435 0.00694342 -0.0134389 -0.0177845 0.0137323 0.036955 -0.0358581 -0.0269322 0.045809
internal_weight=382.851 338.485 44.3664 326.511 242.629 131.125 111.504 57.0672 41.4683 7.04226 83.882 54.3537 47.4766 14.4028 33.0738 29.5283 111.357 106.064 54.437 48.6439 8.08487 15.5988 21.4434 14.561 37.3241
internal_count=6044 4042 2002 3236 2130 1316 814 394 306 438 1106 746 668 233 435 360 808 757 420 387 80 88 280 207 1564
cat_boundaries=0 1 2 3
cat_threshold=13 1 2
is_linear=0
shrinkage=0.045618


Tree=92
num_leaves=25
num_cat=3
split_feature=1 2 2 1 7 7 7 6 6 7 7 7 8 7 1 1 8 8 1 1 4 1 7 8
split_gain=9.8963 5.97405 25.0636 5.48298 4.68786 4.47484 4.84864 4.44951 26.7319 6.78327 5.21821 3.59355 3.31766 2.76058 3.51873 2.58492 4.52369 4.3202 1.38071 0.861705 0.623907 0.29289 0.79686 0.0203477
threshold=37.500000000000007 1.0000000180025095e-35 0.99977195935954721 79.997490684662566 57.445000000000007 61.016773317952989 59.033394570060942 0 1 76.122101941894172 228.88950953935245 77.927445305353913 22.40195177542692 73.409226198819439 7.5000000000000009 71.284834830397742 29.672574451114404 28.188391085245808 75.214622057371415 69.836196364742463 2 33.216875894974983 81.365317371691646 29.103643782974022
decision_type=2 2 2 2 2 2 2 9 9 2 2 2 2 2 2 2 2 2 2 2 9 2 2 2
left_child=13 4 -3 12 -2 6 -6 9 11 18 -11 -9 -4 14 -1 16 -14 -17 -7 -8 -16 -15 -23 -22
right_child=1 2 3 -5 5 7 19 8 -10 10 -12 -13 15 21 20 17 -18 -19 -20 -21 23 22 -24 -25
leaf_value=0.043066876562996736 -0.053072733860329561 0.046713527554939037 -0.04674030449923882 -0.042245094299803512 -0.011324465001659173 -0.049456963335305325 0.030413267304133306 0.010278324858578223 0.047626150319091266 0 -0.049532106406074534 -0.0078199804528400804 -0.027575254926077084 -0.044153767744891749 -0.041144229716506345 0.036719356178541933 0.0076376986313602445 -0.0021295198657768338 -0.0098545405466722927 0.079829800138595766 -0.0079648964503608328 0.013441832053141289 -0.036479075300594778 0
leaf_weight=2.0197800192981985 3.1232648640871039 32.214804522693157 2.5341325402259818 6.2050926294177762 2.7550060134381047 8.5381166171282512 2.2407141271978617 29.46267057582736 25.32867441419512 77.200916045345366 4.4815609510987988 96.409478479065001 10.810114093124865 11.077246204018591 2.4540482321754098 10.979980915784838 23.845384871587157 12.081587604247032 3.0131277665495864 2.7634721985086799 0.98150594998151097 0.7458412898704404 1.4145861361175773 1.1460900492966173
leaf_count=44 31 1117 12 36 36 116 31 261 718 846 29 1014 70 868 151 86 193 91 20 46 38 20 105 39
internal_value=0.0025262 0.00430519 0.0138277 -0.00211906 0.000592121 0.00132598 0.0349609 0.000203069 0.00505862 -0.0075981 -0.00284336 -0.00352395 0.00204528 -0.0286115 -0.00329129 0.0044601 -0.00326926 0.0162667 -0.0400252 0.0610576 -0.0260414 -0.0405205 -0.0169583 -0.00378343
internal_weight=373.827 353.988 98.6711 66.4563 255.317 252.194 7.75919 244.435 151.201 93.2337 81.6825 125.872 60.2512 19.8391 6.60142 57.7171 34.6555 23.0616 11.5512 5.00419 4.58164 13.2377 2.16043 2.1276
internal_count=6018 4753 1605 488 3148 3117 113 3004 1993 1011 875 1275 452 1265 272 440 263 177 136 77 228 993 125 77
cat_boundaries=0 1 2 3
cat_threshold=1 2 1
is_linear=0
shrinkage=0.045618


Tree=93
num_leaves=28
num_cat=4
split_feature=1 5 5 7 2 2 7 1 7 8 8 7 1 8 6 8 8 1 7 1 1 7 1 8 2 7 4
split_gain=9.31435 6.28727 13.4619 4.60911 4.26757 16.05 5.92435 4.29281 4.00758 4.43878 10.5227 4.35807 3.427 3.28738 3.05591 2.44372 2.32905 3.47751 2.29433 2.15435 2.83316 2.61827 2.09553 1.87579 1.77256 0.248177 0.185999
threshold=42.092911427657448 0 1 82.620814347780225 1.0000000180025095e-35 0.99977195935954721 228.88950953935245 79.997490684662566 208.09640910423931 28.599048306578418 27.906851076410565 197.55360694077675 70.936266451741091 26.400287401872127 2 27.492795631588436 22.818194387387823 7.5000000000000009 80.580000000000013 72.994574074741976 68.411027755144033 184.12666282161379 56.998935247660832 27.700160166945487 0.76185493926839232 106.12444971876043 3
decision_type=2 9 9 2 2 2 2 2 2 2 2 2 2 2 9 2 2 2 2 2 2 2 2 2 2 2 9
left_child=3 4 13 16 6 -6 8 14 9 10 -2 -11 22 25 15 -7 -1 -18 24 20 21 -15 -10 -16 26 -3 -19
right_child=1 2 -4 -5 5 7 -8 -9 12 11 -12 -13 -14 19 23 -17 17 18 -20 -21 -22 -23 -24 -25 -26 -27 -28
leaf_value=-0.041535076385132118 -0.005315585545618175 -0.046153086944853879 0.034705027350859133 -0.044114728014154801 0.046704651608720477 0.014456400021795723 -0.03831272884898982 -0.038750148662150291 -0.00073259692828573774 -0.0081652604904760978 0.030713408265571278 -0.056610193140231566 -0.0080557365350487457 0.0092575785942734818 -0.0085081843943616408 -0.017776891026077695 0.061385494604643237 -0.041296136594605147 0.034898892465800566 -0.023839296859138236 0.042168321531877107 -0.030189189465767118 0.036715280578431202 0.020135016054559023 0.014820697030847178 -0.020835866592345154 -0.017715546791358006
leaf_weight=2.8247093055397299 64.136126886121929 2.8735566278919569 31.091675013303757 12.006548931356518 18.739514025859535 6.3268180917948511 8.8771368619054538 5.6652472130954257 3.6367890890687766 78.622445177286863 22.581119867041707 3.9231042563915244 7.5300956442952147 14.998116361908624 5.754855195060375 17.847721569240093 1.6042306525632728 2.6984324790537357 1.9272015271708358 5.4576957151293746 3.8304610121995202 4.3334638494998208 12.961421769112347 19.839933263137937 2.2340832613408566 4.0332091124728322 3.6522691352292878
leaf_count=205 586 41 1503 931 508 30 60 33 27 757 169 27 54 158 48 105 13 154 38 36 25 37 116 150 14 37 156
internal_value=0.00243213 0.00448081 0.0159945 -0.0232487 0.00105703 0.0104537 -0.00231323 -0.00182135 -0.000587911 -0.0031044 0.00404713 -0.0106838 0.0166809 -0.00433712 0.00240553 -0.00903206 -0.00568181 0.00274734 -0.00666745 0.0011319 0.00744766 0 0.0282341 0.0134357 -0.0173312 -0.0333183 -0.0297074
internal_weight=370.008 343.061 66.6182 26.9475 276.442 74.1741 202.268 55.4346 193.391 169.263 86.7172 82.5455 24.1283 35.5265 49.7693 24.1745 14.9409 12.1162 10.512 28.6197 23.162 19.3316 16.5982 25.5948 8.58478 6.90677 6.3507
internal_count=6018 4507 1837 1511 2670 874 1796 366 1736 1539 755 784 197 334 333 135 580 375 362 256 220 195 143 198 324 78 310
cat_boundaries=0 1 2 3 4
cat_threshold=12 1 1 1
is_linear=0
shrinkage=0.045618


Tree=94
num_leaves=22
num_cat=1
split_feature=5 1 1 7 8 1 8 1 8 1 8 3 1 7 7 8 7 8 7 8 8
split_gain=14.981 12.7506 10.265 6.0098 4.99129 3.78095 8.9522 5.85452 5.11711 4.54313 3.97756 3.90013 3.79291 3.27563 2.88032 2.69395 2.35331 0.960594 0.86402 0.430136 3.417
threshold=0 43.018711562990283 28.058891176440927 57.445000000000007 27.101475503540279 67.001504294392788 27.203168648674119 68.992685870561175 32.003418625309287 60.970532941090745 34.217930406810694 0.99894807841205846 59.001136460266338 217.92950017205948 75.512346055105283 31.500807095272226 59.525286656454689 31.585991064369761 94.75500000000001 24.001284893037823 23.903372770532382
decision_type=9 2 2 2 2 2 2 2 2 2 2 2 2 2 2 2 2 2 2 2 2
left_child=1 16 4 -3 -2 6 12 17 15 -10 11 -9 14 -12 -5 -8 -1 -7 -14 20 -18
right_child=2 3 -4 5 -6 7 8 10 9 -11 13 -13 18 -15 -16 -17 19 -19 -20 -21 -22
leaf_value=0.0031465608314681587 -0.043409763885981223 -0.05079328011380034 0.046243042404658909 -0.007067165972643394 0.03543555508719428 0.025172966485114547 0.010431410480817579 0.01344433991234821 0.0016646422088908437 -0.028359804376757215 -0.026808032143066256 -0.0080847860354750674 -0.016424645213475857 0.020694419862520467 -0.04746553192327007 0.045276367137956956 -0.041391025993142892 0.056652418277165731 0.0072773091967125551 -0.045704966325156339 0.067208282151642748
leaf_weight=2.6006361078470972 4.3675679988227776 3.9528613202273837 32.348608224652708 5.7770772352814737 2.3608318231999874 5.9784341994672996 64.27442598156631 99.439618663862348 45.707919891923666 13.269074798561631 11.611909656785427 20.709327878430486 5.2644661813974363 3.7333276830613604 12.803352705202995 4.9505671011283985 3.0007240134291382 5.174461355432868 7.1711721122264862 12.875881162937729 0.50613775011152018
leaf_count=45 388 40 1559 52 46 61 596 940 500 151 91 104 54 43 167 36 245 56 62 797 9
internal_value=0.00494237 0.00122367 0.0283653 0.0035123 -0.0146056 0.00426961 -0.000562114 0.00955119 0.00472572 -0.00506325 0.00684578 0.00967383 -0.0225012 -0.014724 -0.0354609 0.0131453 -0.0347874 0.0411204 -0.00237136 -0.0411482 -0.0210702
internal_weight=367.878 328.801 39.077 309.818 6.7284 305.865 159.218 146.647 128.202 58.977 135.494 120.149 31.0161 15.3452 18.5804 69.225 18.9834 11.1529 12.4356 16.3827 3.50686
internal_count=6042 4049 1993 2953 434 2913 1618 1295 1283 651 1178 1044 335 134 219 632 1096 117 116 1051 254
cat_boundaries=0 1
cat_threshold=13
is_linear=0
shrinkage=0.045618


Tree=95
num_leaves=22
num_cat=1
split_feature=5 1 1 7 8 1 8 1 1 8 1 2 2 1 7 7 3 8 7 8 8
split_gain=14.2272 11.9897 9.85774 5.64903 4.71475 3.46031 8.28968 5.49027 4.76167 8.29007 4.10627 3.86405 7.11546 3.59986 2.79862 2.30365 1.76134 0.981764 0.797017 0.435694 3.21572
threshold=0 43.018711562990283 28.058891176440927 57.445000000000007 27.101475503540279 67.001504294392788 27.203168648674119 68.992685870561175 58.994499616780779 28.285576588577086 55.000954631733443 0.99977195935954721 1.0000000180025095e-35 59.001136460266338 75.512346055105283 59.525286656454689 0.4023907963355009 28.500995548279327 94.75500000000001 24.001284893037823 23.903372770532382
decision_type=9 2 2 2 2 2 2 2 2 2 2 2 2 2 2 2 2 2 2 2 2
left_child=1 15 4 -3 -2 6 13 17 10 -10 -8 12 -9 14 -5 -1 -13 -7 -15 20 -17
right_child=2 3 -4 5 -6 7 8 11 9 -11 -12 16 -14 18 -16 19 -18 -19 -20 -21 -22
leaf_value=0.0030134056845519978 -0.043220197207901621 -0.05007539312886209 0.046182480029583563 -0.0067749699875744732 0.03389286624846382 0.01886917481014487 0.0029868048525517467 0.006693236962529942 0.024881551873055748 -0.01822210841789924 0.024283594613279898 -0.0016122942884891412 0.045484998455674081 -0.01587277152461276 -0.046830332479835382 -0.041169816635915943 -0.029297521497247521 0.051355385276389783 0.0069454808609669865 -0.045595554117658157 0.063432258777079004
leaf_weight=2.6011353665962842 4.1916086217388502 3.8324903659522525 30.945960505865514 5.7609614515677157 2.3653457025066018 4.2399828806519491 49.832835919223726 89.922760467976332 12.301557723432778 35.153721044771373 30.958879038691521 28.789329394698143 10.96865500602871 5.2077936679124814 12.397367153316734 2.8830915051512416 5.6784867551177731 6.7393463281914592 7.1810269393026829 12.331053192727266 0.52413188386708487
leaf_count=45 388 40 1559 52 46 41 535 619 85 359 304 172 341 54 167 245 46 76 62 797 9
internal_value=0.00475806 0.00116878 0.0279997 0.00335951 -0.0142881 0.0040858 -0.000541718 0.00914323 0.00451232 -0.00685597 0.0112673 0.00653754 0.0110598 -0.0218468 -0.0346894 -0.0343846 -0.0065063 0.0399694 -0.00225791 -0.0409143 -0.0205524
internal_weight=364.808 327.305 37.5029 308.965 6.55695 305.133 158.794 146.339 128.247 47.4553 80.7917 135.359 100.891 30.5471 18.1583 18.3394 34.4678 10.9793 12.3888 15.7383 3.40722
internal_count=6042 4049 1993 2953 434 2913 1618 1295 1283 444 839 1178 960 335 219 1096 218 117 116 1051 254
cat_boundaries=0 1
cat_threshold=13
is_linear=0
shrinkage=0.045618


Tree=96
num_leaves=31
num_cat=8
split_feature=1 0 0 1 8 1 6 6 9 8 8 1 8 8 1 4 8 6 8 8 1 9 8 8 1 8 8 8 1 8
split_gain=11.4827 7.86301 27.5378 5.94229 3.98075 11.0824 4.53652 8.72692 3.42418 3.63536 6.99927 5.71255 3.27403 3.07977 2.38051 4.12827 3.41543 3.13284 2.09991 1.94135 1.93508 1.80922 1.79411 1.68014 1.61749 0.934944 0.791053 0.6313 0.281784 0.912409
threshold=38.006575028449809 0 1 48.058265287553652 26.904220082526127 74.659230553524836 2 3 4 28.699296493860874 34.302398866847476 55.874911427594476 36.701951791953071 23.787398181289181 53.938484311053749 5 28.285576588577086 6 25.80171869545568 34.140865254729221 76.963130737918092 7 30.99585718815862 23.787398181289181 1.5200000000000002 39.306292158931363 36.459833056514491 24.107338497976567 7.5000000000000009 27.101475503540279
decision_type=2 9 9 2 2 2 9 9 9 2 2 2 2 2 2 9 2 9 2 2 2 9 2 2 2 2 2 2 2 2
left_child=24 3 8 -2 5 -5 19 12 9 11 -11 -3 -8 -13 18 16 -16 -17 23 21 -7 -6 -20 -10 -1 -12 -21 -22 29 -26
right_child=1 2 -4 4 6 20 7 -9 14 10 25 13 -14 -15 15 17 -18 -19 22 26 27 -23 -24 -25 28 -27 -28 -29 -30 -31
leaf_value=0.014295647230958596 -0.046280676006167816 -0.042380394488545976 0.047061765959089577 -0.054417172718956928 -0.01135520725977668 0.035059447857497025 0.0064812635100406487 0.046398297014744953 0.011506815746597471 -0.049525745526979525 0.014565984714360391 -0.013253028649475973 -0.032577411286086704 0.022072516650179102 0.0096097154379602354 -0.0053147652418353772 -0.0095140659231915965 0.040924589344594933 0.035865954228333267 -0.039414029520612751 -0.015215433902558447 0.0048967054434360217 0.010026044462664099 -0.036442575358495689 -0.036469526238274153 -0.012575668345695646 -0.011859570581485224 0.0072470059506609596 -0.03863123365550919 0.013858822531474734
leaf_weight=1.1610144581645752 6.1616808343678704 4.6420423574745682 35.771070713177323 9.8780084243044275 14.337652720510958 3.7806357126682988 41.864884810522199 11.536891910247503 4.0847382294014123 9.8754534088075179 6.2899279231205565 6.8705583103001144 4.7593458332121363 17.267072409391403 36.865799684077501 4.0587218347936851 40.569027243182063 9.4682774553075415 13.310394112020733 4.4820242635905725 4.3126066662371141 25.150928216986358 11.342608286999164 2.0820029601454735 1.466717337258163 4.0755113018676639 6.2707939334213734 5.6212497279047966 14.360757158603517 0.96855173911899317
leaf_count=52 172 76 1331 103 95 21 290 324 57 108 62 49 47 88 417 53 399 184 181 34 25 219 170 38 173 47 48 58 1071 17
internal_value=0.00326825 0.00514391 0.010781 -0.00324317 -0.00111511 -0.0180403 0.0025393 0.0112365 0.00309668 -0.00639846 -0.022435 0.00254045 0.00223003 0.0117329 0.00693082 0.003681 -0.00032766 0.0267298 0.0184628 -0.00741005 0.00814669 -0.002503 0.0244173 -0.00438385 -0.0320319 0.00326564 -0.0244602 -0.00200487 -0.0357411 -0.0145949
internal_weight=362.687 344.73 206.573 138.157 131.995 23.5925 108.403 58.1611 170.802 49.0206 20.2409 28.7797 46.6242 24.1376 121.782 90.9618 77.4348 13.527 30.8197 50.2414 13.7145 39.4886 24.653 6.16674 17.957 10.3654 10.7528 9.93386 16.796 2.43527
internal_count=6009 4696 3260 1436 1264 207 1057 661 1929 430 217 213 337 137 1499 1053 816 237 446 396 104 314 351 95 1313 109 82 83 1261 190
cat_boundaries=0 1 2 3 4 5 6 7 8
cat_threshold=2 1 2 1 9 2 1 12
is_linear=0
shrinkage=0.045618


Tree=97
num_leaves=30
num_cat=5
split_feature=1 0 0 7 1 7 9 1 9 7 8 1 7 7 7 4 1 7 7 7 1 1 8 7 7 1 8 8 8
split_gain=10.7267 7.27792 26.6027 9.96954 5.75645 3.67576 3.16481 5.0197 3.14472 3.79962 4.82331 5.31309 3.06411 2.39261 6.06762 5.13278 4.28066 4.12923 3.20428 2.01787 1.55573 1.43766 1.02916 0.540956 1.03499 0.718195 0.339357 0.0443528 0.424558
threshold=38.006575028449809 0 1 68.345000000000013 48.058265287553652 247.94728730221462 2 62.002746113409124 3 160.13507499983595 28.699296493860874 56.998935247660832 76.349603808578124 103.63469102593028 163.1525322943755 4 53.938484311053749 197.55360694077675 88.815000000000012 210.50565766034228 1.5200000000000002 57.001188588874314 36.701951791953071 80.817096056165965 80.271774417438408 7.5000000000000009 27.849517868045961 29.103643782974022 31.208028196170577
decision_type=2 9 9 2 2 2 9 2 9 2 2 2 2 2 2 9 2 2 2 2 2 2 2 2 2 2 2 2 2
left_child=20 3 8 -2 -5 6 7 -6 9 10 11 -3 -8 15 21 16 -10 -16 -17 -11 -1 -15 -12 24 25 26 -22 -27 -29
right_child=1 2 -4 4 5 -7 12 -9 13 19 22 -13 -14 14 17 18 -18 -19 -20 -21 23 -23 -24 -25 -26 27 -28 28 -30
leaf_value=0.01360891121450006 -0.052821911623107454 -0.043329514192731927 0.046963606818854163 -0.04584716802450841 -0.026051035569744169 0.04579156967716249 0.041727600001026988 0.0012842432695486644 0.024296022655883712 0.031002437762700567 -0.046738051680946344 0.0087290659330508252 0.0055213449879985138 -0.044862843288715849 0.034920253568382062 0.022718779655713853 -0.0012265063843654447 -0.00023076449461565456 0.076649844442690698 -0.0051888617724272675 -0.019643818511559257 -0.013283385694256584 -0.015832235987072854 -0.044625383382118071 0.024180922714077395 -0.042522872691639492 0.019294490235988341 0.0026295200046964656 -0.031658309681996837
leaf_weight=1.1744633074849868 7.7104522101581088 4.9711150927469161 34.246158584021032 5.2693519685417405 19.483711989596486 3.63782098237425 5.3123396551236501 46.779744568280876 19.606701342388988 6.6128006782382709 8.4807115281000716 18.691006008535624 48.780198192223907 4.9871236477047196 9.6149489255622012 8.8771342625841481 42.714827958494425 22.591270570643246 3.3632613690569988 5.4722563233226538 0.69859847286716348 9.8858280749991518 4.411443385295569 8.3246190221980196 0.56256567500531662 3.5702243447303772 0.73622233420610428 0.68058867100626264 1.7075398541055617
leaf_count=52 86 78 1331 150 183 34 102 289 243 36 115 112 592 84 121 188 481 217 60 33 59 105 56 808 10 258 7 22 97
internal_value=0.00313916 0.00494529 0.0103981 -0.00315483 -6.14424e-05 0.00190982 0.000452622 -0.00583909 0.0029578 -0.00617429 -0.0148369 -0.00223717 0.00788993 0.00662781 -0.00075662 0.0122491 0.00675895 0.0102323 0.0391029 0.0143022 -0.0314752 -0.0247733 -0.037071 -0.0352407 -0.0237434 -0.0287895 0 -0.0355474 -0.020076
internal_weight=358.955 341.5 204.527 136.974 129.263 123.994 120.356 66.2635 170.28 48.6393 36.5543 23.6621 54.0925 121.641 47.0792 74.5619 62.3215 32.2062 12.2404 12.0851 17.4548 14.873 12.8922 16.2804 7.95574 7.39317 1.43482 5.95835 2.38813
internal_count=6009 4696 3260 1436 1350 1200 1166 472 1929 430 361 190 694 1499 527 972 724 338 248 69 1313 189 171 1261 453 443 66 377 119
cat_boundaries=0 1 2 3 4 5
cat_threshold=2 1 6 9 2
is_linear=0
shrinkage=0.045618


Tree=98
num_leaves=18
num_cat=1
split_feature=5 1 1 7 7 7 1 7 1 8 7 8 7 7 8 1 8
split_gain=14.3583 8.93733 8.70091 4.09318 5.85385 3.36476 7.21033 6.29769 6.01316 5.36437 3.11982 2.94741 2.75168 2.59291 2.57903 3.61247 0.145982
threshold=0 37.500000000000007 17.250701127909803 57.445000000000007 62.722161286027976 103.28922227186466 79.001800853160489 105.21399713811572 55.000954631733443 32.003418625309287 71.419530520720699 27.700160166945487 82.190000000000012 70.203510349377396 28.371883124426827 54.992085452033173 22.818194387387823
decision_type=9 2 2 2 2 2 2 2 2 2 2 2 2 2 2 2 2
left_child=1 -1 10 -3 11 6 9 -7 -9 -6 13 -5 -8 16 -13 -16 -2
right_child=2 3 -4 4 5 7 12 8 -10 -11 -12 14 -14 -15 15 -17 -18
leaf_value=-0.04481699753721901 -0.028148921546362678 -0.039297965078132276 0.04596774988263861 -0.0048263935556566101 -0.0038552262304903744 0.04748886395828595 0.030852936911667982 -0.017840406497141029 0.0069485061853758849 -0.026360349315393314 -0.042104772118210065 0.066039465491417509 -0.00098778772184520292 0.071962689241104619 0.048101760828559013 -0.011907889001403516 0
leaf_weight=8.9577679922804219 0.677007534541189 4.9693613536655894 27.963625536300242 3.9463774804025915 90.074655195698142 6.6692830594256511 13.935446158051493 24.230094721540809 119.89547185599804 29.420437822118402 3.3919687508605421 4.5738396840170008 8.7637785915285331 1.019428353756666 4.2958587370812893 3.5140731912106276 0.54223602078855038
leaf_count=783 59 48 1524 35 997 52 142 322 1033 416 354 38 85 8 43 35 12
internal_value=0.00297137 -0.000404167 0.0274365 0.000858662 0.00155074 3.86152e-05 -0.00497032 0.00480357 0.00271748 -0.00948557 -0.0148978 0.0279513 0.0183931 0.0238573 0.0387966 0.0207257 -0.0167563
internal_weight=356.841 323.246 33.5943 314.289 309.319 292.989 142.194 150.795 144.126 119.495 5.63064 16.3301 22.6992 2.23867 12.3838 7.80993 1.21924
internal_count=5986 4029 1957 3246 3198 3047 1640 1407 1355 1413 433 151 227 79 116 78 71
cat_boundaries=0 1
cat_threshold=13
is_linear=0
shrinkage=0.045618


Tree=99
num_leaves=23
num_cat=4
split_feature=5 1 1 6 6 7 7 8 7 7 4 8 1 7 8 7 7 1 8 1 8 8
split_gain=13.5551 8.52182 8.3262 4.44382 24.7226 3.95725 4.20554 5.85833 3.93221 7.72863 7.80361 3.48024 5.08159 3.2181 2.96809 2.96746 2.44028 2.3491 1.51825 1.9122 0.904978 0.141044
threshold=0 37.500000000000007 17.250701127909803 1 2 241.90397689840748 219.77696615317103 40.424216642122914 77.927445305353913 104.42223390983594 3 36.816660103405511 71.001858833739945 60.820073061288234 27.906851076410565 71.419530520720699 70.203510349377396 58.994499616780779 22.201180668547433 63.906134626296996 27.801652500611571 22.818194387387823
decision_type=9 2 2 9 9 2 2 2 2 2 9 2 2 2 2 2 2 2 2 2 2 2
left_child=1 -1 15 8 5 6 7 -5 13 10 14 12 -11 -3 -10 16 21 -13 -15 -20 -12 -2
right_child=2 3 -4 4 -6 -7 -8 -9 9 11 20 17 -14 18 -16 -17 -18 -19 19 -21 -22 -23
leaf_value=-0.044702482463092975 -0.027755629673377483 -0.023932223130641115 0.04582244437017003 0.00079973764408321506 0.047608629384749496 0.035403178184768395 -0.037211344014490715 -0.049986169268208626 -0.052790346688946256 -0.016699994121995902 0.039938788257002818 0.036279780191878178 0.0099636718276526672 -0.014601921299029853 -0.023135974804107191 -0.041895627331895731 0.070182009711804064 0 0.0045864906613346853 0.027787562637529854 0.0028140867868576519 0
leaf_weight=8.5802741292864066 0.65874165855348044 5.4582369793206444 26.80010480992496 115.7694899244234 25.036286378279328 5.5173070747405282 6.9788345135748378 4.7067329706624141 11.06868641078472 33.397239371202886 2.8480587713420382 7.9210701743140799 26.213650953955948 3.358421988785266 24.497739897109568 3.2575655397959054 1.0034267175942657 6.2383708897978067 15.989617005921902 15.071106485091148 3.25288718752563 0.54223602078855038
leaf_count=783 59 50 1524 1060 625 48 48 63 116 292 26 83 187 24 282 354 8 42 144 115 41 12
internal_value=0.00285794 -0.00038971 0.0270378 0.000821178 0.00622014 -0.00158978 -0.00329681 -0.00121789 -0.00463228 -0.00891979 -0.0245707 0 -0.0048767 0.0076049 -0.0328003 -0.0146494 0.0231772 0.0201215 0.0129036 0.0161569 0.0219009 -0.0163666
internal_weight=354.166 321.904 32.2621 313.324 158.009 132.972 127.455 120.476 155.315 115.438 41.6674 73.7703 59.6109 39.8774 35.5664 5.46197 2.2044 14.1594 34.4191 31.0607 6.10095 1.20098
internal_count=5986 4029 1957 3246 1844 1219 1171 1123 1402 1069 465 604 479 333 398 433 79 125 283 259 67 71
cat_boundaries=0 1 2 3 4
cat_threshold=13 2 1 2
is_linear=0
shrinkage=0.045618


Tree=100
num_leaves=21
num_cat=5
split_feature=5 1 1 9 8 9 9 7 1 8 8 7 7 8 1 4 1 1 7 1
split_gain=12.0705 9.66137 8.42044 4.42767 7.44016 5.35106 11.5586 4.76906 3.95684 3.21998 4.74178 4.40932 2.93822 2.85548 2.2443 6.39956 2.34676 2.15037 4.34181 0.548437
threshold=0 28.058891176440927 37.500000000000007 1 45.387584444699861 2 3 60.820073061288234 45.947875376448415 27.203168648674119 28.285576588577086 85.58782645991117 228.88950953935245 27.101475503540279 53.004253282543161 4 59.996844235236182 75.718875193775105 82.435000000000016 70.936266451741091
decision_type=9 2 2 9 2 9 9 2 2 2 2 2 2 2 2 9 2 2 2 2
left_child=2 13 -1 4 7 9 14 -4 -9 17 19 -12 -10 -2 15 -7 -16 18 -5 -11
right_child=1 -3 3 5 -6 6 -8 8 12 10 11 -13 -14 -15 16 -17 -18 -19 -20 -21
leaf_value=-0.044663700659348694 -0.042580649411467088 0.045986159213437496 -0.04646273372010596 0.0018488228402432671 0.048992563934472121 -0.036381726762444888 0.03415071631248643 -0.044622129412099698 -0.0018999476828505566 0.038838765540938389 -0.030617141616675277 0.0030691319820554787 -0.032585868006808974 0.020467355928893052 0.019311664573803313 0.034846992963789701 -0.0047623057233284029 -0.00060744618583203757 -0.054395326437651367 0.016026839029365959
leaf_weight=8.4870644891634566 3.6071510608308044 25.546501803211868 5.8627380505204192 4.5337143801152724 4.9221058720722786 9.6332985479384643 27.049387969076633 4.8727149032056323 130.63199489936233 5.8815356343984586 9.7745396206155402 41.276447063311934 6.6720164380967608 2.1361297024413943 13.631951626390217 3.3086205245926967 20.71016700938344 8.8662070371210557 6.6044145915657282 6.3628711570054293
leaf_count=799 395 1527 50 47 41 151 903 204 972 33 90 290 35 53 98 27 124 47 67 32
internal_value=0.00267851 0.0257813 -0.000378806 0.000828987 -0.00455457 0.00600006 0.0142502 -0.00675254 -0.00500373 -0.00204763 0.00267554 -0.00335994 -0.00348495 -0.0181902 -0.00106993 -0.0174263 0.0046736 -0.0181836 -0.0313489 0.0279654
internal_weight=350.372 31.2898 319.082 310.595 152.962 157.633 74.3334 148.039 142.177 83.2997 63.2954 51.051 137.304 5.74328 47.284 12.9419 34.3421 20.0043 11.1381 12.2444
internal_count=5985 1975 4010 3211 1302 1909 1303 1261 1211 606 445 380 1007 448 400 178 222 161 114 65
cat_boundaries=0 1 2 3 4 5
cat_threshold=13 5 2 8 2
is_linear=0
shrinkage=0.045618


Tree=101
num_leaves=32
num_cat=9
split_feature=5 4 9 7 9 9 0 7 7 7 7 7 7 7 7 6 6 7 6 7 2 7 7 7 7 7 7 7 7 7 7
split_gain=11.346 8.10335 4.62623 5.90215 4.7502 12.6545 3.69524 3.78948 2.56502 3.33066 2.52523 6.21209 4.53923 2.43042 6.41518 4.71221 4.86347 3.11999 5.13383 2.87791 2.774 2.68835 2.12678 6.24808 1.53264 1.24524 1.02955 1.60321 0.630116 0.4407 0.254893
threshold=0 1 2 59.033394570060942 3 4 5 72.793179034102096 61.332619806657995 68.345000000000013 197.55360694077675 219.20343082186952 103.28922227186466 160.13507499983595 116.72824308156909 6 7 228.88950953935245 8 191.6985675696279 0.99977195935954721 203.62541172490407 103.63469102593028 62.475000000000001 82.435000000000016 84.02500000000002 70.203510349377396 71.821942135848786 80.580000000000013 191.6985675696279 143.36701218771179
decision_type=9 9 9 2 9 9 9 2 2 2 2 2 2 2 2 9 9 2 9 2 2 2 2 2 2 2 2 2 2 2 2
left_child=2 25 3 -1 8 6 22 -8 -4 -10 12 -12 -11 14 15 20 -17 18 21 -20 -5 -15 23 -6 -9 26 -2 -28 -29 -24 -16
right_child=1 -3 4 13 5 -7 7 24 9 10 11 -13 -14 17 30 16 -18 -19 19 -21 -22 -23 29 -25 -26 -27 27 28 -30 -31 -32
leaf_value=-0.057028765605038001 -0.032690221017491493 0.045553971563961397 0.030877085444735466 -0.010280971583109744 0.045869365574246715 0.033808460868272376 -0.032638421525778838 0.039732479702330445 -0.042460073530469558 -0.0091143037029457336 -0.05100596004964892 0.0017788676635442312 0.016940323434872385 -0.029793137349770522 -0.052326346458511551 -0.00066551888634690628 0.045425906649521758 -0.022663813475848706 0.052627745526966162 0.013580512892781324 -0.040278938919045076 0.005459022736751357 -0.012439531887994336 -0.049683024095948373 0.0087233181333160048 -0.038476653853231145 0.063842985413374395 -0.030588466756591569 0.015160971212552421 0.0052018360139773371 -0.025852695151360058
leaf_weight=4.3968283701688042 0.95305573754012618 24.082828622311357 4.2090936368331304 30.73748988006264 1.4811212420463578 26.199862982146442 3.8984877662733224 4.0613077608868506 4.3864958472549906 30.339576112572104 6.766620937734845 13.163174230605362 25.180642256047577 6.9381075212731984 5.9114134912379068 54.495657146908343 4.9822286665439597 7.2147019589319816 5.6794864819385138 14.642986610997466 8.3657690137624723 11.450141851790248 5.444726169575004 7.9713850254192948 20.57185175223276 2.1914321631193161 0.82192680798471007 0.88658014684915576 1.1134557998739181 5.3987586982548237 3.053446342702955
leaf_count=55 77 1524 30 588 19 903 43 29 43 306 43 91 179 58 134 632 65 42 32 107 57 61 73 162 185 262 9 71 32 33 40
internal_value=0.00262273 0.0253945 -0.000322799 -0.00569202 0.0049908 0.0127192 -0.0023824 0.00754787 -0.00247275 -0.00469588 -0.00230374 -0.016185 0.0026102 -0.0044735 -0.00823975 -0.00476143 0.00324008 0.00420813 0.00947403 0.0252325 -0.0170422 -0.00769649 -0.0177411 -0.0333797 0.0143858 -0.0126384 0.00205759 0.0173288 -0.00329755 -0.00316106 -0.044804
internal_weight=346.991 30.0493 316.941 157.868 159.073 75.0275 48.8276 28.5316 84.0456 79.8365 75.45 19.9298 55.5202 153.471 107.546 98.5811 59.4779 45.9254 38.7107 20.3225 39.1033 18.3882 20.296 9.45251 24.6332 5.96645 3.77502 2.82196 2.00004 10.8435 8.96486
internal_count=5985 1975 4010 1871 2139 1447 544 257 692 662 619 134 485 1816 1516 1342 697 300 258 139 645 119 287 181 214 451 189 112 103 106 174
cat_boundaries=0 1 2 3 4 5 6 7 8 9
cat_threshold=13 1 5 2 8 1 1 2 2
is_linear=0
shrinkage=0.045618


Tree=102
num_leaves=32
num_cat=5
split_feature=9 9 9 1 1 8 1 1 8 8 8 1 1 8 8 8 8 1 1 6 8 2 8 1 2 8 3 6 8 8 8
split_gain=7.1585 9.30841 18.7911 9.25049 7.40937 5.37914 4.74378 4.92785 3.41732 3.15945 3.88301 2.69322 4.34165 3.20909 2.04729 4.9227 2.27451 2.00307 2.41942 1.99358 1.88706 1.87788 1.86692 1.55425 1.81823 1.28813 1.16005 0.531625 0.466906 2.97294 0.206428
threshold=0 1 2 55.000954631733443 44.071135056329894 45.387584444699861 58.994499616780779 62.002746113409124 38.912106206703662 36.459833056514491 34.407419943498837 61.998047812628364 48.948386201728212 26.400287401872127 23.787398181289181 24.501839874965686 21.300737359068034 59.001136460266338 51.747906192857698 3 31.69330971272613 0.99977195935954721 28.00073044985545 1.5200000000000002 0.59764991229548825 28.400424966028059 0.032644749878696706 4 27.370574445194276 27.257897378672286 23.903372770532382
decision_type=9 9 9 2 2 2 2 2 2 2 2 2 2 2 2 2 2 2 2 9 2 2 2 2 2 2 2 9 2 2 2
left_child=3 4 11 23 -2 8 20 19 9 10 -6 12 21 -13 16 -16 -9 18 -14 -8 -5 -3 -17 -1 28 -21 -15 -11 29 30 -25
right_child=1 2 -4 6 5 -7 7 14 -10 27 -12 13 17 26 15 22 -18 -19 -20 25 -22 -23 -24 24 -26 -27 -28 -29 -30 -31 -32
leaf_value=0.01669299636381558 -0.044951476362213937 -0.0442268331020296 0.03847076044496224 0.0071114345844079212 0.0022656311079188203 0.051052122701160371 -0.05042614659827744 0.0047414013706568361 -0.03698962188343953 0.046705496852431715 -0.034232887293813706 0.0094671482146678268 0.032571661943506997 -0.04405138021062982 0.046755585686286849 -0.01324757110994971 -0.035762482779371794 0.034822990912747431 -0.0024958500611349391 -0.031466885821529983 0.040355702378711784 0.020138033027683726 0.0043117048491564617 -0.043867555968983431 -0.00071289831277337567 0.0033668144440113209 -0.010360644173204458 0.014929329243775019 -0.046204467206464754 0.052848700739948185 -0.020156247762913242
leaf_weight=1.0716056362725819 7.2424504230730227 4.4290742385201147 42.019927647896111 7.9873802829533798 81.642609563656151 4.2575009623542419 5.3510417751967889 4.7939439918845874 4.7495075119659296 3.0934135932475328 6.3325309371575704 5.5810983227565911 5.0276641976088348 6.5745186246931535 4.8580866884440175 16.22016294952482 6.0911445505917072 6.1722795478999606 17.488729112781584 3.8197657540440542 7.3064938932657242 0.90162724256515492 53.673888755962253 4.6130875539965981 3.4220953341573468 4.1864493377506733 4.1575264325365424 3.2552668061107388 11.086814436130224 0.6318637360818683 3.2067580283619463
leaf_count=49 545 230 1998 52 764 30 45 30 54 27 82 39 40 48 22 105 48 52 135 35 56 9 419 431 31 37 32 39 363 9 146
internal_value=0.00307284 0.00830176 0.0183887 -0.00480655 -0.000913936 0.00211078 0.000221439 -0.00339165 -3.52084e-05 0.00183919 -0.000367607 -0.00193531 0.00485106 -0.0175156 0.000582914 0.00335882 -0.0176145 0.0120735 0.00529304 -0.0289404 0.0237345 -0.0318566 0.000119655 -0.0307482 -0.0333657 -0.0128801 -0.0320287 0.0323836 -0.0386988 -0.027233 -0.0357185
internal_weight=341.246 202.926 92.3524 138.321 110.573 103.331 114.288 98.9945 99.0733 94.3238 87.9751 50.3325 34.0194 16.3131 85.6372 74.7521 10.8851 28.6887 22.5164 13.3573 15.2939 5.3307 69.8941 24.0322 22.9606 8.00622 10.732 6.34868 19.5385 8.45171 7.81985
internal_count=6002 4124 2583 1878 1541 996 849 741 966 912 846 585 466 119 624 546 78 227 175 117 108 239 524 1029 980 72 80 66 949 586 577
cat_boundaries=0 1 2 3 4 5
cat_threshold=3 4 8 1 2
is_linear=0
shrinkage=0.045618


Tree=103
num_leaves=31
num_cat=5
split_feature=9 9 9 1 1 8 1 1 8 1 8 1 1 8 6 8 8 0 1 8 2 8 8 1 2 8 8 8 8 1
split_gain=6.68061 8.83999 18.1183 8.71576 7.05788 4.90253 4.34495 4.57522 3.17688 2.94158 2.6751 2.48301 4.03543 2.99684 1.9185 1.87333 4.44611 2.47487 1.81842 2.36914 1.81425 1.73506 1.70492 1.48838 1.76672 1.1953 0.466732 2.79834 0.214276 0.0231765
threshold=0 1 2 55.000954631733443 44.071135056329894 45.387584444699861 58.994499616780779 62.002746113409124 38.912106206703662 81.004436784089364 36.459833056514491 61.998047812628364 48.948386201728212 26.400287401872127 3 23.787398181289181 24.501839874965686 4 59.001136460266338 28.099371818790381 0.99977195935954721 31.69330971272613 28.00073044985545 1.5200000000000002 0.59764991229548825 28.400424966028059 27.370574445194276 27.257897378672286 23.903372770532382 71.991119479914218
decision_type=9 9 9 2 2 2 2 2 2 2 2 2 2 2 9 2 2 9 2 2 2 2 2 2 2 2 2 2 2 2
left_child=3 4 11 23 -2 8 21 14 9 10 -6 12 20 -13 -8 17 -17 -9 19 -14 -3 -5 -18 -1 26 -16 27 28 -25 -15
right_child=1 2 -4 6 5 -7 7 15 -10 -11 -12 13 18 29 25 16 22 -19 -20 -21 -22 -23 -24 24 -26 -27 -28 -29 -30 -31
leaf_value=0.015890304854902452 -0.044799958782708503 -0.044004362996016295 0.038154619003376924 0.0067839933932616952 0.0012047593054924357 0.048655291400959581 -0.04948077718386442 -0.0351544182794256 -0.035967292808477727 -0.039174463237282221 0.032368219102996712 0.0090191755846329765 -0.020342163362767073 -0.022924032431946798 -0.03036988061065999 0.04420567352564915 -0.012678560728845939 0.0074943546271051464 0.033155861330782126 0.013544946310129646 0.019229347543421826 0.038723952612010844 0.0041145192060043556 -0.043670860316240519 -0.00068255437052672284 0.0032205982121500908 -0.045888891095059711 0.049650698587055411 -0.019612578357002225 -0.038092991607380944
leaf_weight=1.0848960606381322 6.9430638272315255 4.253531905822455 40.553889249451458 8.0009733792394382 85.058879668824375 4.2736222818493834 5.2118473742157203 6.2879537865519506 4.6696611410006872 3.280951644293963 5.9833419369533649 5.6012281710281995 5.3990145586431089 5.6959402868524176 3.7857475895434618 4.9149043876677743 16.185429635457695 4.5474189035594463 6.1970933498814693 17.152552005834877 0.91106592491269101 7.2767739854753009 53.69022485986352 4.4277174854651147 3.420749567449092 4.1865976834669709 10.665039683226494 0.65512769948691119 3.1525274449959397 4.8746219351887703
leaf_count=49 545 230 1998 52 830 30 45 49 54 19 63 39 43 50 35 22 105 29 52 132 9 56 419 431 31 37 363 9 146 30
internal_value=0.00300785 0.00808892 0.0180342 -0.00462193 -0.000874377 0.00202081 0.000209701 -0.00325022 -3.03187e-05 0.00176031 0.00339249 -0.00185726 0.00464894 -0.0168979 -0.0280481 0.0005558 0.00320792 -0.0168923 0.0115189 0.0050427 -0.031367 0.0227253 0.000108744 -0.0301819 -0.0328281 -0.0123452 -0.0382466 -0.0266974 -0.035281 -0.0311163
internal_weight=338.342 200.848 90.6389 137.494 110.21 103.266 114.088 98.8101 98.9928 94.3232 91.0422 50.085 33.9133 16.1718 13.1842 85.6259 74.7906 10.8354 28.7487 22.5516 5.1646 15.2777 69.8757 23.4061 22.3212 7.97235 18.9004 8.23537 7.58024 10.5706
internal_count=6002 4124 2583 1878 1541 996 849 741 966 912 893 585 466 119 117 624 546 78 227 175 239 108 524 1029 980 72 949 586 577 80
cat_boundaries=0 1 2 3 4 5
cat_threshold=3 4 8 1 1
is_linear=0
shrinkage=0.045618


Tree=104
num_leaves=34
num_cat=9
split_feature=1 5 5 8 9 1 1 1 8 9 1 8 1 1 8 8 8 8 6 8 3 1 0 1 1 6 8 1 8 6 8 1 0
split_gain=5.95611 5.21734 7.84044 5.65133 5.50525 3.37301 4.27422 3.21402 7.34551 3.04625 7.34079 3.64217 4.28399 3.20963 2.65633 2.61073 2.52085 3.70131 2.38838 2.03818 1.86109 1.78373 1.30467 1.23403 3.37273 1.13439 1.38541 1.6218 1.38186 1.12688 1.00581 0.988564 0.0190636
threshold=37.500000000000007 0 1 34.407419943498837 2 55.874911427594476 51.747906192857698 73.004143482794049 26.100215711118519 3 76.963130737918092 28.866595152097769 63.906134626296996 64.706405638001499 31.69330971272613 22.201180668547433 24.107338497976567 27.300213500713753 4 31.800334325944537 0.003533934839724973 55.874911427594476 5 72.994574074741976 68.720771859984481 6 24.501839874965686 7.5000000000000009 26.301214066090491 7 28.285576588577086 47.663582317456481 8
decision_type=2 9 9 2 9 2 2 2 2 9 2 2 2 2 2 2 2 2 9 2 2 2 9 2 2 9 2 2 2 9 2 2 9
left_child=25 3 4 9 15 6 32 8 29 10 11 12 -2 21 18 -3 -17 -18 -9 22 -10 31 -15 24 -7 -1 -27 -28 -29 -6 -23 -11 -5
right_child=1 2 -4 5 7 23 -8 14 20 13 -12 -13 -14 19 -16 16 17 -19 -20 -21 -22 30 -24 -25 -26 26 27 28 -30 -31 -32 -33 -34
leaf_value=-0.042970270019677209 -0.0080754044281523569 -0.033155293752757546 0.031425339244333342 -0.041371090401524827 -0.047748651726083197 -0.047626068837430729 0.041314527559946079 0.0088700626011123662 0.011778326628199214 -0.016541865215884466 -0.046372348134139221 -0.031890880201131025 0.040013826318758106 -0.0010853377986693568 -0.0094769465529876071 0.025059875648642035 -0.020678176826284721 0.0024429988296335581 0.046769462021567308 0.036226774068196792 0.034167731930383347 -0.0076267860575851458 0.015565224961488719 -0.058349493621276671 0.010960751362140302 -0.040290728002656914 0.043972745259582738 0.018679589391917887 -0.029594234429801209 -0.0094284144216848706 -0.04140511487706286 0.014520523229542439 -0.015758526416410491
leaf_weight=4.8056203373707813 7.7434070752933675 4.8837858047336331 22.246762563474476 1.6390170492231873 3.954351338557899 4.9955684933811408 2.8964314535260201 5.3217502813786277 42.269282415974885 2.7226057806983608 8.6448614597320539 4.3134416565299025 7.0421596691012383 13.950975615531206 2.6498788269236675 7.6819287026301017 17.394627650268376 77.84352175751701 13.886101588606838 7.3732569422572842 10.011982521042226 4.9160743141546828 27.920148563571274 4.5909063629806033 3.0128560326993465 2.5110166398808342 1.1106375516392288 1.5647910642437635 3.2882666937075555 3.5867992267012587 3.5690434947609901 6.8181387288495898 1.6660661026835442
leaf_count=625 89 50 1563 36 48 60 26 58 573 69 48 50 31 92 43 57 172 625 243 66 216 51 273 31 22 299 13 48 243 61 38 80 30
internal_value=0.00459558 0.00583868 0.00981373 -0.00217574 0.00576752 -0.0250944 0.00151565 0.0141068 0.0101382 0.00211152 -0.00883509 0.00358385 0.0146571 0.00700378 0.0308731 -0.00117214 0.000237106 -0.00175148 0.0368043 0.0141011 0.0163069 -0.00814099 0.00989183 -0.0384856 -0.0251147 -0.025023 -0.0133183 0 -0.0126653 -0.0310919 -0.0232227 0.00484761 -0.0319805
internal_weight=338.826 325.546 211.731 113.815 189.484 18.8008 6.20151 81.6801 59.8224 95.0141 27.7439 19.099 14.7856 67.2702 21.8577 107.804 102.92 95.2381 19.2079 49.2444 52.2813 18.0259 41.8711 12.5993 8.00842 13.2803 8.47471 5.9637 4.85306 7.54115 8.48512 9.54074 3.30508
internal_count=6029 4801 3709 1092 2146 205 92 1242 898 887 218 170 120 669 344 904 854 797 301 431 789 238 365 113 82 1228 603 304 291 109 89 149 66
cat_boundaries=0 1 2 3 4 5 6 7 8 9
cat_threshold=9 4 6 9 1 2 1 2 1
is_linear=0
shrinkage=0.045618


Tree=105
num_leaves=35
num_cat=8
split_feature=1 5 5 9 7 7 7 7 7 7 3 9 1 1 7 1 7 7 7 1 1 7 7 6 2 6 6 1 7 7 1 1 4 1
split_gain=5.56697 4.86602 7.68878 5.05468 4.01318 4.35609 3.4484 3.41282 5.63482 5.27117 5.35419 3.30306 5.07091 5.07589 3.05513 3.00193 2.24349 2.08207 3.24633 2.62522 6.9082 2.6632 1.82279 1.69457 1.51874 1.41079 1.27934 1.15487 1.02892 1.00626 0.950285 0.721873 0.404939 0.236007
threshold=37.500000000000007 0 1 2 219.20343082186952 78.357676367935383 105.74500000000002 105.21399713811572 104.42223390983594 165.09419819643026 0.043546391052066487 3 76.963130737918092 53.938484311053749 74.401967656514628 74.002569813792789 228.88950953935245 206.49016870963644 194.15616731754213 64.706405638001499 55.874911427594476 62.722161286027976 80.817096056165965 4 1.0000000180025095e-35 5 6 65.979452174386651 70.203510349377396 225.14491753954491 61.998047812628364 18.004440751939025 7 76.000912162561818
decision_type=2 9 9 9 2 2 2 2 2 2 2 9 2 2 2 2 2 2 2 2 2 2 2 9 2 9 9 2 2 2 2 2 9 2
left_child=22 11 3 4 5 14 -7 8 24 10 -9 12 13 -2 -3 -11 -6 18 19 20 -13 -21 23 -1 -5 -20 30 -28 32 -19 -15 -30 -25 -27
right_child=1 2 -4 7 16 6 -8 9 -10 15 -12 17 -14 26 -16 -17 -18 29 25 21 -22 -23 -24 28 -26 33 27 -29 31 -31 -32 -33 -34 -35
leaf_value=-0.03967529010804087 -0.046539306457241518 -0.00067796943683743217 0.031103050845367894 0.013461534159463388 0.034718247647725589 -0.02498228863577704 -0.0026334588393392444 -0.043075497796850166 0.070998069273002423 0.0064235241070224438 0.027031995315484104 0.010418941289108814 -0.04547136346611428 0.007279565602084038 0.029285019334237054 0.04545261668458684 0 -0.025567757229573631 0.0093796110157587879 0.04268007396237037 -0.044757253212837272 0.0046948654997095145 -0.043558158446119946 -0.034265078288615365 0.037674425454231837 0.029498808106024194 0 0.031508605306734695 0.039130771451829034 0 -0.020303878897868756 0 0.00071022403362287431 0.062622472812933025
leaf_weight=2.1933210752904397 4.7042737463489201 22.25833404622972 21.573351706378162 36.242674961220473 8.8800945803523046 25.23365849815309 34.778476758860052 7.4805938089266402 4.5008322624489656 17.874552327208225 2.9290133528411388 11.554420102387668 8.7899204865097982 4.6970700547099113 9.9104037731885892 5.3683813018724313 6.6239352859556666 6.6026923116296512 4.3846118599176389 4.2017247136682263 7.5673423847183576 35.540019902400672 5.7305767112411559 1.0746755911968648 6.7891043256968251 2.8940472779795527 5.0018151011317968 5.0143500491976738 1.8495526365004482 5.1396070085465908 4.8934315796941519 1.3139040702953932 0.77497493196278777 2.242163585498929
leaf_count=232 103 184 1563 518 50 272 273 90 23 298 52 188 51 28 74 101 51 46 22 46 95 307 772 84 160 53 41 25 48 27 40 61 31 20
internal_value=0.00444636 0.00564083 0.00949163 0.0055226 -0.00112057 -0.00490152 -0.0121898 0.013543 0.0230775 0.00382962 -0.0226138 -0.00211579 -0.0124073 -0.00496398 0.00849287 0.0160372 0.0200096 0.00298873 0.00647701 0.00231754 -0.011348 0.0090746 -0.0245683 -0.00780392 0.0175938 0.0309346 0.00509179 0.0165074 0.00600133 -0.0140562 -0.00629399 0.0221559 -0.0180345 0.0470554
internal_weight=336.608 323.671 210.443 188.87 107.685 92.1809 60.0121 81.1852 47.5326 33.6525 10.4096 113.227 33.1009 24.3109 32.1687 23.2429 15.504 80.1266 68.3843 58.8635 19.1218 39.7417 12.937 7.20643 43.0318 9.52082 19.6067 10.0162 5.01311 11.7423 9.5905 3.16346 1.84965 5.13621
internal_count=6029 4801 3709 2146 904 803 545 1242 701 541 142 1092 288 237 258 399 101 804 731 636 283 353 1228 456 678 95 134 66 224 73 68 109 115 73
cat_boundaries=0 1 2 3 4 5 6 7 8
cat_threshold=9 4 6 9 1 1 1 1
is_linear=0
shrinkage=0.045618


Tree=106
num_leaves=38
num_cat=9
split_feature=9 9 9 8 8 1 1 7 4 8 7 4 7 8 7 0 4 0 0 7 7 7 8 7 8 1 7 7 7 7 1 8 7 7 2 8 7
split_gain=7.46595 7.64415 14.6062 7.22068 7.49195 6.43604 6.27328 5.42506 5.26426 5.13829 8.69914 5.06377 6.187 4.72417 7.36704 4.55163 4.53003 4.38716 3.65401 6.31023 4.46855 3.52317 3.50733 3.00614 4.56822 2.67324 2.66629 2.37596 3.98712 2.05789 2.17584 2.14335 1.87466 1.26146 1.22273 1.05529 0.29066
threshold=0 1 2 26.400287401872127 28.285576588577086 75.34517340406903 44.071135056329894 212.6996410793648 3 27.700160166945487 103.28922227186466 4 219.20343082186952 33.21713438994675 71.821942135848786 5 6 7 8 84.935000000000016 87.537129141039273 228.88950953935245 34.505751218280302 93.732323151157928 34.217930406810694 48.948386201728212 58.137886086892202 75.512346055105283 103.63469102593028 96.740000000000023 55.874911427594476 28.188391085245808 195.67609651229165 97.960187268706306 0.1654142811588388 30.289483736550231 78.58379851958945
decision_type=9 9 9 2 2 2 2 2 9 2 2 9 2 2 2 9 9 9 9 2 2 2 2 2 2 2 2 2 2 2 2 2 2 2 2 2 2
left_child=3 6 16 5 7 34 -2 9 -6 10 -5 12 13 17 -15 -11 -3 -8 23 35 -21 -14 27 24 -10 26 -18 -13 -29 31 -31 -27 -25 -7 -1 -20 -17
right_child=1 2 -4 4 8 33 11 -9 18 15 -12 22 21 14 -16 36 25 -19 19 20 -22 -23 -24 32 -26 29 -28 28 -30 30 -32 -33 -34 -35 -36 -37 -38
leaf_value=-0.049176098875510277 -0.04420096625829719 -0.050897311902595443 0.037333557234389796 -0.040094247427653829 -0.054457808288598836 -0.013703973513019677 -0.017571218938272491 -0.025502577658684737 0.018141408109156612 0.013173551346296155 0.039709124633015784 -0.024564799754704218 0.053411482416000168 0.023132356450885627 -0.044340630504864205 0.077025007084124186 0.045096530540481232 0.0082928226678401183 -0.0077974719182389617 0.054723968149463516 0.0043481188623644184 0.0025635094071364403 0.066078254980546855 -0.051775403461288304 -0.045385145676024072 0.010073727843546479 -0.044118388548024697 0.059959373820369435 -0.010994259386624922 0.032491525845483225 0.0050290007006753958 -0.025759873336707324 -0.01198433433666855 0.014403908423369555 -0.010513930434188738 -0.050817426827608037 0.047679304489703894
leaf_weight=14.116184520069515 6.05767530016601 3.2091614254750311 36.912342548370361 5.3880079779773968 4.612810293212533 7.1070336038246733 19.551891412585974 4.8658954324200741 7.1876090723089892 8.2301452164538205 5.5546930194832385 2.2814351655542833 6.0385418524965626 4.2837488148361471 12.57586047798395 3.6472299043089151 0.59537389315664668 43.830917489714921 2.2435382464900604 3.9821645803749552 32.77400290640071 5.7282387129962444 3.7471578307449809 6.5755018708296102 3.2295084320940077 6.6968790013343078 3.8151656081900001 3.3046380635350943 2.7605545744299889 9.0561024304479378 19.365001601167023 6.5188171602785587 4.8812859430909157 5.829350084066391 2.5732022654265156 4.2823882573284209 6.4229477597400546
leaf_count=621 536 100 2002 64 118 47 169 28 83 54 50 28 47 36 139 48 6 415 33 33 317 42 55 90 63 58 171 43 33 63 132 67 29 29 26 61 60
internal_value=0.00308969 0.00851074 0.0181151 -0.00509229 0.000148491 -0.025253 4.65452e-05 0.0176642 -0.00835336 0.0251923 0 0.00277114 -0.000836986 -0.00545497 -0.026756 0.0398406 -0.000120562 0.00018395 -0.00482591 0.00273966 0.0102604 0.0296679 0.0302653 -0.0199599 -0.00148388 0.00347667 -0.0291931 0.0122059 0.027398 0.00721835 0.0141754 -0.00726584 -0.0358885 -0.000534996 -0.0437934 -0.0376724 0.060299
internal_weight=329.833 196.33 86.1688 133.503 103.878 29.6258 110.161 34.1089 69.7688 29.243 10.9427 104.103 92.0092 80.2424 16.8596 18.3003 49.2565 63.3828 65.156 43.2821 36.7562 11.7668 12.0938 21.8739 10.4171 46.0473 4.41054 8.34663 6.06519 41.6368 28.4211 13.2157 11.4568 12.9364 16.6894 6.52593 10.0702
internal_count=5996 4142 2599 1854 1131 723 1543 304 827 276 114 1007 848 759 175 162 597 584 709 444 350 89 159 265 146 497 177 104 76 320 195 125 119 76 647 94 108
cat_boundaries=0 1 2 3 4 5 6 7 8 9
cat_threshold=3 4 8 1 2 2 1 2 1
is_linear=0
shrinkage=0.045618


Tree=107
num_leaves=34
num_cat=9
split_feature=9 9 9 1 4 7 3 4 1 3 6 7 6 1 7 7 7 7 7 7 7 6 1 6 1 1 1 7 1 7 7 7 7
split_gain=6.98705 7.26453 14.1184 5.96946 4.65821 5.66006 4.79276 4.2856 3.71557 3.31143 3.29805 3.20705 2.82256 2.8166 3.41556 3.68318 6.9009 4.21418 3.69765 2.71113 3.03275 3.50746 1.86574 1.73568 1.61637 1.49679 1.47521 1.37746 1.73244 1.34037 0.882775 0.621749 6.39076
threshold=0 1 2 44.071135056329894 3 219.20343082186952 0.99894807841205846 4 78.375102763925312 0.013753533766385053 5 228.88950953935245 6 49.995846964799846 62.722161286027976 100.78000000000002 112.22794845350542 133.50002061229176 199.85176526112011 91.660512747630278 72.985274123657533 7 75.985446414278286 8 73.996428959115889 59.996844235236182 71.991119479914218 143.36701218771179 1.5200000000000002 170.7354375090267 106.12444971876043 93.25534506633845 94.002458481119859
decision_type=9 9 9 2 9 2 2 9 2 2 9 2 9 2 2 2 2 2 2 2 2 9 2 9 2 2 2 2 2 2 2 2 2
left_child=13 3 7 -2 5 6 8 -3 -5 12 -6 -7 29 27 -15 19 23 -18 -19 20 -16 -22 -21 30 -12 -14 -11 28 -1 -9 -17 -30 -33
right_child=1 2 -4 4 10 11 -8 9 -10 26 24 -13 25 14 15 16 17 18 -20 22 21 -23 -24 -25 -26 -27 -28 -29 31 -31 -32 32 -34
leaf_value=0.019774175269832477 -0.044046852943169526 -0.050358391880183956 0.037009562906906823 -0.0074658809313319805 -0.0021358211594778541 0.050996122075336478 -0.044512772969965655 -0.025494667581594695 0.017021942515930501 0.035569843184646767 0.062924472879990936 0.002448974334922009 0.017036402985760417 0.027809998651747915 -0.035161412092054325 0.021609553619894115 -0.043803133612690878 0.013044842145388365 -0.012727033372827736 -0.051807742070497237 -0.017964236473579732 0.013531453439202043 -0.0072361896336973772 0.0044965713692671 0.015834790008971967 -0.010437492293485189 0 0.013592333730641634 -0.04548185837353614 0.0033103707889145829 0.052901483866714664 0.1151440031251183 -0.042378985349176154
leaf_weight=0.98007806530222197 5.8080658758990458 3.1003547077998519 35.655378974042833 57.836841015145183 4.1990772131830436 6.0460065258666855 5.7816079687327138 11.814407364465294 16.295207126997411 7.6945178303867561 4.777309718541801 5.732532162219286 12.694583747070284 6.7569786673411718 7.1403492419049135 5.0117580238729715 5.3248237501829854 20.043064091354609 26.689234535209835 6.0194685682654363 14.476732695475221 14.422644669190049 3.4796231184154749 4.9319978877902004 3.041453487239778 5.598007356747984 3.9574523530900478 1.3173361076042045 6.7610647757537645 4.100294203031809 5.3206718824803829 0.41557414643466506 3.1214746716432273
leaf_count=42 536 100 2002 585 53 47 44 171 130 66 59 42 167 69 65 28 42 129 210 65 110 165 24 41 47 38 23 59 473 32 38 13 281
internal_value=0.00302741 0.00830061 0.0177631 4.59584e-05 0.00266556 -0.000793955 -0.00523259 -0.000116835 -0.00196559 0.00333745 0.0291222 0.0283553 -0.00368628 -0.00492416 -0.00305368 -0.00500594 0.00169317 -0.00613687 -0.00153162 -0.0150074 -0.00894954 -0.00204752 -0.0366435 0.0285149 0.0462956 0.00826781 0.0241776 -0.025696 -0.0309962 -0.0177408 0.0390631 -0.0367267 -0.0166842
internal_weight=326.346 194.133 84.615 109.518 103.71 91.6922 79.9137 48.9596 74.132 45.8593 12.0178 11.7785 34.2073 132.213 119.617 112.86 67.3216 52.0571 46.7323 45.5388 36.0397 28.8994 9.49909 15.2644 7.81876 18.2926 11.652 12.5955 11.2782 15.9147 10.3324 10.2981 3.53705
internal_count=5996 4142 2599 1543 1007 848 759 597 715 497 159 89 408 1854 986 917 488 381 339 429 340 275 89 107 106 205 89 868 809 203 66 767 294
cat_boundaries=0 1 2 3 4 5 6 7 8 9
cat_threshold=3 4 8 2 1 1 2 2 2
is_linear=0
shrinkage=0.045618


Tree=108
num_leaves=42
num_cat=11
split_feature=9 1 9 9 7 1 7 7 7 8 1 1 1 7 7 7 7 7 7 7 8 8 0 6 6 8 1 7 6 8 8 7 0 0 1 7 7 6 0 1 8
split_gain=6.20859 8.01767 7.07137 14.9167 6.35242 4.62022 3.51913 4.79089 5.30834 5.27453 2.65808 2.23609 2.70199 3.87585 3.604 2.51055 2.24803 3.73769 2.21936 4.65259 4.3047 9.58499 3.95793 3.68497 3.61599 3.16677 3.28514 2.95191 2.1892 3.17631 2.97891 2.61139 1.91408 1.83399 2.44206 1.62978 1.5478 0.975065 1.47288 2.29414 0.351952
threshold=0 42.092911427657448 1 2 59.033394570060942 55.000954631733443 79.033286701613804 104.08500000000002 104.69830262048932 26.500537527107884 80.003528267108564 48.948386201728212 61.998047812628364 96.740000000000023 105.74500000000002 58.137886086892202 82.190000000000012 143.36701218771179 106.12444971876043 197.55360694077675 28.285576588577086 27.849517868045961 3 4 5 30.727979277395278 74.002569813792789 219.77696615317103 6 28.699296493860874 28.00073044985545 67.546144025160146 7 8 49.995846964799846 85.58782645991117 82.190000000000012 9 10 49.995846964799846 34.809135409720618
decision_type=9 2 9 9 2 2 2 2 2 2 2 2 2 2 2 2 2 2 2 2 2 2 9 9 9 2 2 2 9 2 2 2 9 9 2 2 2 9 9 2 2
left_child=1 -1 5 11 -3 37 28 10 -9 -10 32 15 13 36 -15 -4 -14 -18 20 25 21 24 -22 -21 -7 26 -20 -25 29 30 -6 -31 -8 -30 -35 -24 -13 -2 39 -39 -27
right_child=2 4 3 -5 6 18 7 8 9 -11 -12 12 16 14 -16 -17 17 -19 19 23 22 -23 35 27 -26 40 -28 -29 33 31 -32 -33 -34 34 -36 -37 -38 38 -40 -41 -42
leaf_value=-0.044838158203081582 -0.043351829692776608 -0.057793154855444714 0.040184815417260177 0.036629125726862881 -0.0097324692227248287 -0.04004664333268472 -0.03874178210240517 0.051521997852120402 -0.031544692969469906 0.0044526232343217306 0.011256688613461862 -0.038670972327110364 0.010910145293030157 0.048947474079003614 0.0057755145875544398 -0.044149469813045773 -0.055000245414775772 -0.00019060971425786062 -0.018354768381621245 -0.034680489520976014 -0.055857713640835339 0.062588660609431926 -0.027481500973860574 -0.020748246366527539 0.0086309279139113355 0.05189218322495108 0.033619854197323787 0.026717091444632073 -0.0044918647736214247 0.0058019254881819336 0.041385212798058069 -0.050544251904468582 -0.014007031793750135 0.052516702053736534 0.014970188660920859 0.0102300295181564 0.0029099836827212499 -0.0303607600539928 -0.041852393203537064 0.045234141240968535 0.027321667028054067
leaf_weight=9.5147655645851028 5.6168955932371318 3.9199391147121778 0.62830283772200246 34.43093501124531 4.8199979616329056 5.3493513558059931 11.572216354310513 4.0022987835109225 9.8915294203907234 51.64475211314857 4.8274516202509394 3.4436399769037989 4.9003807660192242 6.3351999390870359 11.652390795759855 4.2580176978372037 4.651266083121298 6.033713486045599 5.2718731360510009 6.3253181353211403 5.2563156206160784 4.7041520858183494 3.9282001778483373 4.1308029219508189 6.9084842680022174 5.5848158849403244 4.4089143518358469 6.8249390181154013 5.939855121076107 2.5568464882671842 4.0967827886343002 3.8913094345480204 18.260809763334692 4.6214473433792653 19.484440769068897 5.1526624588295817 3.2229631803929806 1.395302901975809 1.8810284249484537 1.461934696882963 4.7406569197773933
leaf_count=1117 137 35 8 1982 38 45 138 14 86 483 34 42 38 41 97 239 38 44 41 32 38 42 38 26 63 36 27 66 55 27 38 53 237 24 207 46 32 61 50 12 35
internal_value=0.00187406 -0.00440313 0.00798404 0.0169613 -0.00202203 -0.00189985 -0.000395048 -0.00520892 0.00196757 -0.00132202 -0.0188865 -0.00192335 0.0011041 0.0106122 0.0217211 -0.0308481 -0.0134813 -0.0252351 0.00209527 0.00965729 -0.0067198 0.00852991 -0.0250503 -0.00736679 -0.0124347 0.0245933 0.0049006 0.00820686 0.0100645 -0.00358012 0.0134899 -0.0277968 -0.0240174 0.0172244 0.0228246 -0.00566914 -0.018197 -0.0302552 -0.0122647 0.00674307 0.0419889
internal_weight=317.543 159.044 158.498 79.5568 149.53 78.9416 145.61 100.199 65.5386 61.5363 34.6605 45.1259 40.2396 24.6542 17.9876 4.88632 15.5854 10.685 68.5865 37.2873 31.2992 16.962 14.3372 17.2811 12.2578 20.0063 9.68079 10.9557 45.4107 15.3649 8.91678 6.44816 29.833 30.0457 24.1059 9.08086 6.6666 10.3552 4.73827 2.85724 10.3255
internal_count=5942 2586 3356 2561 1469 795 1434 992 583 569 409 579 332 212 138 247 120 82 535 263 272 150 122 124 108 139 68 92 442 156 76 80 375 286 231 84 74 260 123 73 71
cat_boundaries=0 1 2 3 4 5 6 7 8 9 10 11
cat_threshold=5 2 8 2 1 2 1 2 2 2 1
is_linear=0
shrinkage=0.045618


Tree=109
num_leaves=42
num_cat=9
split_feature=9 1 9 9 7 1 7 7 4 7 8 1 1 1 7 7 7 7 7 7 7 8 6 7 6 1 8 1 7 6 1 7 7 6 1 1 6 8 7 8 7
split_gain=5.8299 7.69247 6.71556 14.3446 5.99824 4.34044 3.2225 4.42868 6.07099 4.92072 4.87892 4.00169 2.10178 2.488 3.55474 3.31392 2.40264 2.09565 3.58113 2.04661 4.28456 4.06156 3.44299 5.53517 3.38637 3.2483 2.93698 3.01314 2.72779 1.99308 2.96353 1.9664 1.46567 1.33998 1.95458 1.28506 0.942471 1.17288 0.490664 0.318107 0.00479482
threshold=0 42.092911427657448 1 2 59.033394570060942 55.000954631733443 79.033286701613804 104.08500000000002 3 104.69830262048932 26.500537527107884 80.415221140531187 48.948386201728212 61.998047812628364 96.740000000000023 105.74500000000002 58.137886086892202 82.190000000000012 143.36701218771179 106.12444971876043 197.55360694077675 29.858462645284529 4 80.05016964398267 5 65.979452174386651 30.727979277395278 74.002569813792789 219.77696615317103 6 73.996428959115889 87.537129141039273 82.190000000000012 7 49.995846964799846 59.996844235236182 8 30.80474892932931 72.493360827381863 34.809135409720618 85.814280677482813
decision_type=9 2 9 9 2 2 2 2 9 2 2 2 2 2 2 2 2 2 2 2 2 2 9 2 9 2 2 2 2 9 2 2 2 9 2 2 9 2 2 2 2
left_child=1 -1 5 12 -3 36 29 8 11 -9 -11 -8 16 14 32 -16 -4 -15 -19 21 26 22 25 -24 -22 -7 27 -21 -26 30 35 -23 -14 34 -31 -6 -2 40 -32 -28 -38
right_child=2 4 3 -5 6 19 7 9 -10 10 -12 -13 13 17 15 -17 -18 18 -20 20 24 31 23 -25 28 -27 39 -29 -30 33 38 -33 -34 -35 -36 -37 37 -39 -40 -41 -42
leaf_value=-0.044730503068448196 -0.042826780552773176 -0.056937048799093899 0.038421230044356346 0.036301530857177196 -0.0056100003645490901 0.014764918533281698 -0.032848276273997799 0.049899970010786172 0.030372307525390784 -0.030578127458557331 0.0042459456312746715 0.011927640816982546 -0.037844979696565868 0.010384022578814782 0.046982895755677323 0.0055107693140889445 -0.043920342701052252 -0.05431596155248393 -0.00018221209792657945 -0.01759086577421666 -0.033364728199083336 -0.051534427925332311 0.047256357369582627 -0.015288752377066226 -0.019951489690142526 -0.034945562853218197 0.050083308974156374 0.032231625485412412 0.025829148530230751 0.036707725921920002 0.0014514087985466112 -0.0061355135479398398 0.0027819966676568592 0.042988595913300717 0.0056799833043407362 -0.047345961169758845 0.0059945696145519197 -0.040369343825952586 0.025090834981693264 0.026306412262292789 0
leaf_weight=9.1123565935995412 5.4332759436219931 3.8032965101301661 0.63680326659232278 33.275714179966599 3.8362889336422095 4.3007084056735039 25.305236290208999 3.9520283788442603 4.3570571215823284 9.7488396633416396 51.697205062955618 4.6196309328079215 3.36480434983969 4.9240893404930821 6.3086174204945591 11.665090093389152 4.0899706562049687 4.5011826306581479 6.0337222367525101 5.2594794388860482 6.2842554785311222 4.8296209778636676 6.748595728538934 4.7600943082943559 4.1088820099830645 6.3806210532784462 5.5315495654940587 4.39849903434515 6.7467382093891501 5.3504255376756218 4.2681255768984538 3.9533301889896393 3.2272114381194115 3.4981739595532444 21.204268564470112 2.9909193571656942 1.3069125129841253 1.6826402507722376 4.1119865942746401 4.7080577835440636 1.6922534005716441
leaf_count=1117 137 35 8 1982 54 32 322 14 59 86 483 28 42 38 41 97 239 38 44 41 32 42 82 37 26 44 36 27 66 31 24 35 32 97 158 35 24 57 43 35 42
internal_value=0.00185434 -0.00424215 0.00782546 0.0166679 -0.00194381 -0.00184127 -0.000375779 -0.00499908 -0.0182421 0.00188472 -0.00126499 -0.0256932 -0.00185051 0.00104732 0.0101815 0.0207926 -0.0303777 -0.0130101 -0.0245145 0.00201641 0.00929827 -0.00649509 0.00370226 0.0210481 -0.00710381 -0.0144605 0.0236626 0.0046744 0.00788624 0.00964474 -0.00344846 -0.0324268 -0.0175771 0.0164539 0.0124088 -0.0256656 -0.0296695 -0.0119184 0.0141139 0.0405119 0.00372917
internal_weight=314.009 157.856 156.153 78.0272 148.743 78.1255 144.94 99.68 34.2819 65.3981 61.446 29.9249 44.7515 40.0247 24.5657 17.9737 4.72677 15.459 10.5349 68.0104 37.0375 30.973 22.19 11.5087 17.1399 10.6813 19.8976 9.65798 10.8556 45.2602 15.2073 8.78295 6.59202 30.0529 26.5547 6.82721 10.1151 4.68181 8.38011 10.2396 2.99917
internal_count=5942 2586 3356 2561 1469 795 1434 992 409 583 569 350 579 332 212 138 247 120 82 535 263 272 195 119 124 76 139 68 92 442 156 77 74 286 189 89 260 123 67 71 66
cat_boundaries=0 1 2 3 4 5 6 7 8 9
cat_threshold=5 2 8 2 2 1 1 2 2
is_linear=0
shrinkage=0.045618


Tree=110
num_leaves=42
num_cat=8
split_feature=9 0 0 7 7 7 8 8 8 5 6 2 7 7 8 6 7 7 7 7 3 8 8 6 8 8 7 3 8 8 0 2 8 3 3 8 8 7 7 7 8
split_gain=6.03057 4.94206 13.8705 5.72155 6.48523 3.7112 5.12605 3.45052 3.42046 3.14595 3.2354 3.48891 2.94051 6.58177 3.51765 2.78232 2.69306 3.03108 2.6736 4.82338 3.5257 4.33552 3.87985 2.68957 2.52769 2.51964 2.97236 2.35562 3.73732 2.26556 2.06638 1.97624 2.79053 1.89194 1.67252 1.31996 1.21173 0.570331 0.284722 2.76381 0.151794
threshold=0 1 2 96.740000000000023 92.708553661258506 241.90397689840748 37.293563301300807 26.400287401872127 23.787398181289181 3 4 0.99977195935954721 232.31323960145275 220.15774690439702 28.285576588577086 5 200.45213470254632 108.61500000000002 197.55360694077675 127.76500000000001 0.003533934839724973 28.768606121936699 30.80474892932931 6 28.099371818790381 28.866595152097769 79.545000000000016 0.013753533766385053 28.188391085245808 25.401614035984355 7 0.006572800900427834 28.100161250534335 0.99894807841205846 0.12505125747939225 24.600353907024164 28.700156530072054 225.14491753954491 104.42223390983594 104.69830262048932 31.102906064822296
decision_type=9 9 9 2 2 2 2 2 2 9 9 2 2 2 2 9 2 2 2 2 2 2 2 9 2 2 2 2 2 2 9 2 2 2 2 2 2 2 2 2 2
left_child=8 5 3 4 31 6 18 -6 34 16 11 24 13 14 -5 27 17 25 19 33 21 -20 -22 -21 29 26 -10 28 -12 -11 -26 35 -33 -2 38 -3 -29 -15 -1 -40 -27
right_child=1 2 -4 12 7 -7 -8 -9 9 10 15 -13 -14 37 -16 -17 -18 -19 20 23 22 -23 -24 -25 30 40 -28 36 -30 -31 -32 32 -34 -35 -36 -37 -38 -39 39 -41 -42
leaf_value=-0.045522388456314539 -0.0015439827305816565 0.018370340691159084 0.046686301293516613 0.0055974599350287393 0.10504566758173361 0.041407855933468803 -0.049924723824217462 0.024986462550004616 0.016101395722709813 0.0087827571047954297 0.017132477960166679 -0.053377530264721362 -0.051759531223354124 0.058123230606245177 -0.021735290849312198 0.044597051035136219 -0.054938696525440783 0.010644271070215853 0 0.00050512604813206154 -0.029632843501083552 -0.06300209820753605 0.038829002489560518 0.038326018288332493 -0.016384276481330975 -0.025507406772902145 -0.034410783006050924 0.0058085602043085553 -0.016953775032772525 -0.050782957929637017 0.018598181863130451 0 0.036921578526125078 -0.034830982632668615 0.0065370036655966477 0.00044846705707902605 0.047848472089540656 0.020237887289780359 0.042976616673475715 -0.046637461041933052 -0.049895023698059482
leaf_weight=6.2196364582050556 37.382424300769344 11.477256930433212 20.587188420817256 16.821889208629727 2.1803458714857689 3.7040316564962259 4.5456079319119445 2.958314822986722 5.1119956010952681 1.7623486216180086 13.289502962958069 3.1348150037229052 2.5642044292762867 2.8716117292642585 22.105274832807481 4.4485275810584417 3.6215213052928439 7.5045060026459387 3.7042379644699377 6.8173206041101366 2.9280753368511787 5.0754721239209175 3.5169350956566632 10.211548072751613 4.9876664439216203 3.1114466283470383 4.1423157388344407 3.0017723012715569 13.053797607775776 3.397553023416549 10.059611650183799 6.5117567004635957 11.140986383892594 3.7817766377702347 1.7378181247040636 34.780743059935048 3.5774229057133198 2.5155364447273314 0.76529899681918356 2.1842810218222439 4.8214555555023253
leaf_count=362 660 196 1196 346 33 56 83 37 43 45 136 24 22 26 311 99 28 63 36 85 62 38 59 141 117 28 48 42 192 53 124 140 207 30 19 506 28 42 3 135 83
internal_value=0.00261136 0.00671865 0.0123358 0.00610695 0.0144664 -0.00178192 -0.00402165 0.0629689 -0.00632785 -0.00388952 0.00256218 -0.0101455 -0.00608329 -0.00306358 -0.00979831 0.0113598 -0.0138881 -0.0127716 -0.00095771 0.00341829 -0.0179036 -0.0364882 0.00683545 0.0237415 -0.00264304 -0.0233597 -0.00611615 0.00642085 6.2426e-06 -0.029738 0.0065263 0.0102718 0.0232672 -0.00491759 -0.0309 0.00509372 0.0303753 0.0429989 -0.0386479 -0.0200762 -0.042019
internal_weight=318.116 218.183 136.515 115.928 69.0494 81.6674 77.9634 5.13866 99.9333 89.0263 60.713 23.342 46.8785 44.3143 38.9272 37.371 28.3132 24.6917 73.4178 58.1931 15.2247 8.77971 6.44501 17.0289 20.2072 17.1872 9.25431 32.9225 26.3433 5.1599 15.0473 63.9107 17.6527 41.1642 10.907 46.258 6.5792 5.38715 9.16922 2.94958 7.9329
internal_count=5984 4312 3062 1866 1119 1250 1194 70 1672 1153 860 363 747 725 657 497 293 265 1111 916 195 74 121 226 339 202 91 398 328 98 241 1049 347 690 519 702 70 68 500 138 111
cat_boundaries=0 1 2 3 4 5 6 7 8
cat_threshold=9 2 1 9 1 2 2 1
is_linear=0
shrinkage=0.045618


Tree=111
num_leaves=39
num_cat=6
split_feature=9 9 9 7 7 7 7 7 8 8 8 7 5 6 2 3 6 8 8 7 2 7 7 8 8 7 8 8 3 8 8 3 8 7 7 7 7 8
split_gain=5.57152 3.98039 14.8241 4.67807 5.5435 4.17418 4.92589 3.78321 4.45473 3.21136 2.97407 5.19969 2.91388 3.00155 3.31212 2.7376 2.6897 2.63842 3.10757 2.91718 2.58443 2.57793 2.82927 2.45613 2.42392 2.76305 2.33823 2.21931 2.1936 3.41967 1.9846 1.60517 1.36444 0.559228 0.270873 0.26011 2.62898 0.160995
threshold=0 1 2 60.820073061288234 61.758728522991284 200.45213470254632 223.59660307484179 96.740000000000023 45.387584444699861 23.787398181289181 34.217930406810694 184.12666282161379 3 4 0.99977195935954721 0.99894807841205846 5 26.904220082526127 28.285576588577086 74.401967656514628 1.0000000180025095e-35 200.45213470254632 108.61500000000002 23.000416581978474 28.866595152097769 79.545000000000016 28.099371818790381 25.300860183898877 0.013753533766385053 28.188391085245808 32.500246110126149 0.12505125747939225 28.445956786469413 107.26753627328439 232.31323960145275 104.42223390983594 104.69830262048932 31.102906064822296
decision_type=9 9 9 2 2 2 2 2 2 2 2 2 9 9 2 2 9 2 2 2 2 2 2 2 2 2 2 2 2 2 2 2 2 2 2 2 2 2
left_child=9 3 5 -2 -5 10 -7 15 20 31 17 33 21 14 26 23 28 19 -19 -3 -9 22 24 -6 25 -11 27 -14 29 -15 -28 35 -30 -12 -8 -1 -37 -26
right_child=1 2 -4 4 7 6 34 8 -10 12 11 -13 13 16 -16 -17 -18 18 -20 -21 -22 -23 -24 -25 37 -27 30 -29 32 -31 -32 -33 -34 -35 -36 36 -38 -39
leaf_value=-0.044784708329336571 -0.050884198442095845 -0.038047521531932867 0.035131707350620246 0.074269048621408221 0.039048709584247131 -0.046116921682026052 0.012229798767742581 -0.021421002805762552 0.041866449241988027 0.015300417117407605 -0.048939915422189131 0.02779558155073376 0.0096286666840938607 0.016318148983222008 -0.052623035343120343 -0.036903105421152979 0.044361473991514001 0.035615263641917076 0.0070178930570923021 0.006282529884885266 0.00090634450975004784 -0.054178479207351776 0.010135565348694475 0.0070360842841047395 -0.024800630082087646 -0.033589039220389659 0.018094743141062103 -0.049789728672746683 0.0022548176817051868 -0.016337191376966334 -0.016215055561425936 0.0062637188645984655 0.04678840193260967 -0.017224327728798235 -0.0032230891874121042 0.042066238122912068 -0.04612578617002918 -0.049473549301911064
leaf_weight=6.0413692574948037 3.4270132537931195 3.944698153063654 30.897057502996176 1.9323200937360514 5.5623641894198945 7.6774970954284063 3.9502951558679325 27.968204947421327 3.0556280608288935 5.1446426846087068 4.2835794417187554 3.5454398952424526 1.725266394438228 13.326021908316763 3.039976578205823 2.3802531938999882 4.2733206748962393 12.361344696953891 23.711078390479088 11.345289315562693 16.609870238229632 3.5103938002139321 7.5317438226193181 46.485091354930773 3.0614195615053168 4.0573028102517128 10.026143510360269 3.3541490188799798 2.7674615513533345 12.939303652150555 4.9840987268835297 1.7402021531015641 3.7366588748991489 3.0570530705153942 4.326154894195497 0.75116256647743318 2.1118194269947708 4.6465781053993851
leaf_count=362 59 45 1983 18 102 57 28 446 35 43 74 23 43 136 24 22 99 112 218 145 172 28 63 692 28 48 138 55 38 192 103 19 32 35 46 3 135 83
internal_value=0.00251891 0.00647611 0.0123612 -2.25856e-06 0.00171562 0.000274931 -0.020265 0.000128113 -0.00917611 -0.00612377 0.00573466 -0.0154923 -0.00376718 0.00246812 -0.00982049 0.00838924 0.0109836 0.0104004 0.0171423 -0.00511957 -0.0129979 -0.0134347 -0.0123583 0.0107229 -0.0227432 -0.00586675 -0.00254881 -0.0288558 0.00618154 0 0.00622429 -0.0302384 0.0294456 -0.0374218 0.00353973 -0.0380363 -0.0196393 -0.0413985
internal_weight=315.289 216.52 109.099 107.421 103.994 78.2024 15.9539 102.061 47.6337 98.769 62.2485 10.8861 88.1245 60.1724 23.1296 54.4277 37.0428 51.3624 36.0724 15.29 44.5781 27.9521 24.4417 52.0475 16.9099 9.20195 20.0897 5.07942 32.7694 26.2653 15.0102 10.6446 6.50412 7.34063 8.27645 8.90435 2.86298 7.708
internal_count=5984 4312 2766 1546 1487 783 131 1469 653 1672 652 132 1153 860 363 816 497 520 330 190 618 293 265 794 202 91 339 98 398 328 241 519 70 109 74 500 138 111
cat_boundaries=0 1 2 3 4 5 6
cat_threshold=9 4 2 9 1 2
is_linear=0
shrinkage=0.045618


Tree=112
num_leaves=35
num_cat=8
split_feature=0 0 7 1 7 7 7 7 7 7 7 5 7 7 7 5 1 1 4 7 1 4 4 6 1 7 1 1 1 1 7 1 7 7
split_gain=7.22248 20.8532 8.14172 5.27222 3.20251 5.94308 5.77955 4.30268 3.97977 2.9921 2.57113 2.1974 5.76417 4.21958 7.6254 4.44557 3.79301 7.23562 4.31271 3.61217 1.97308 1.75615 5.01889 1.60936 1.36189 1.1184 0.760954 1.30551 4.535 1.22768 0.641319 0.597377 0.0897426 0.174971
threshold=0 1 241.90397689840748 56.001575699917957 104.08500000000002 86.94326201744579 104.69830262048932 111.0784393295482 222.51813576427864 84.935000000000016 78.357676367935383 2 61.332619806657995 206.49016870963644 191.6985675696279 3 43.018711562990283 46.972767339246097 4 110.15500000000002 77.999570706233882 5 6 7 50.003759767049829 59.033394570060942 53.938484311053749 43.018711562990283 42.092911427657448 54.992085452033173 247.94728730221462 48.948386201728212 197.55360694077675 202.07060069775869
decision_type=9 9 2 2 2 2 2 2 2 2 2 9 2 2 2 9 2 2 9 2 2 9 9 9 2 2 2 2 2 2 2 2 2 2
left_child=2 11 3 21 5 9 -6 -8 -9 10 -5 12 25 14 15 19 -14 -18 -19 -13 -7 26 31 -15 -17 -2 27 28 -1 -28 -4 -23 -16 -34
right_child=1 -3 30 4 6 20 7 8 -10 -11 -12 13 16 23 32 24 17 18 -20 -21 -22 22 -24 -25 -26 -27 29 -29 -30 -31 -32 -33 33 -35
leaf_value=-0.039210702540243565 0.013581238673756078 0.04670064028238937 0.025055648544145846 -0.00070861084383669337 0.061156317089404458 -0.052797045849284061 -0.047282232660094133 0.0088600536877177609 -0.023623215553336036 0.029892622660630631 -0.035183825310516677 -0.00084333874384191613 -0.043463025445922038 -0.050480432940592873 0.066836433460325584 0.00070281646192906356 0.042246198473379314 -0.012857628922598232 0.022031011848206702 -0.04016928913417004 -0.010852205908645675 -0.04198280053804973 0.055020671350510891 -0.0043248998112342309 0.026069028204087734 0.055220274364460545 0 -0.049295772848176565 0.10223176848670666 -0.038078601530530866 0.068279600177756583 -0.0027395677229070199 0.021656203772192927 0.052037491184054534
leaf_weight=1.98197872610763 3.3018359160050741 23.816707583144307 2.3950709635391823 19.54703497374431 3.0859045167453578 8.4114466635510308 3.670956363901495 40.525056299287826 9.4630478685721737 4.6411362951621404 5.7976952083408824 27.42185336118564 5.4588846289552739 2.9651280827820292 3.071967437863349 6.1316631080117103 6.0593434823676935 62.958709518425167 8.0349651509895903 5.7916455338709047 3.9488692795857778 3.184525545919314 1.7415806353092218 3.8584926901385188 22.244301063939929 3.2727058245800436 3.1846143845468751 10.037790693342684 0.37916470412164915 3.2426864365115762 2.393192348536104 1.5714918971061704 2.2768331058323383 2.3277618540450931
leaf_count=191 41 1323 36 228 19 80 25 464 77 51 54 283 697 23 22 178 68 554 93 59 35 439 14 56 551 46 33 174 17 45 33 14 49 16
internal_value=0.0012932 0.00698917 -0.00698815 -0.00931004 -0.00446104 -0.0139442 0.00253205 -0.000953475 0.00251178 -0.0026618 -0.00906819 0.00117232 -0.00355492 0.0064092 0.0107044 0.00516356 -0.00732303 -0.00456836 -0.00876686 -0.00623583 -0.0403065 -0.0278427 -0.00595495 -0.0261952 0.0154489 0.0363175 -0.034917 -0.0420848 -0.00745353 -0.0192372 0.0499076 -0.0309496 0.0530194 0.0399423
internal_weight=318.196 188.993 129.203 124.415 99.0911 42.3462 56.745 53.6591 49.9881 29.9859 25.3447 165.176 89.0864 76.0896 69.266 61.5895 82.5119 77.053 70.9937 33.2135 12.3603 25.3238 6.4976 6.82362 28.376 6.57454 18.8262 12.3989 2.36114 6.4273 4.78826 4.75602 7.67656 4.60459
internal_count=6088 4059 2029 1960 1033 448 585 566 541 333 282 2736 1499 1237 1158 1071 1412 715 647 342 115 927 467 79 729 87 460 382 208 78 69 453 87 65
cat_boundaries=0 1 2 3 4 5 6 7 8
cat_threshold=2 1 20 8 2 2 1 1
is_linear=0
shrinkage=0.045618


Tree=113
num_leaves=38
num_cat=6
split_feature=9 9 9 1 1 7 7 8 1 1 4 7 6 6 7 7 7 8 8 7 7 3 8 1 7 7 1 1 8 7 1 7 1 7 8 8 1
split_gain=4.32104 7.12306 13.9787 4.86183 3.26462 2.85483 3.15857 5.54186 4.33306 3.58107 3.08274 2.35285 1.96695 8.82324 3.77978 6.78403 6.34497 4.16515 5.11771 2.69871 2.45029 3.34472 2.28177 1.9615 1.82674 1.69674 1.6272 2.92462 4.57774 1.52664 3.06666 1.36861 1.33799 1.19647 1.13888 1.09123 0.835398
threshold=0 1 2 44.071135056329894 37.500000000000007 59.875000000000007 71.201792449098406 32.816366378452337 73.208146300600887 46.972767339246097 3 96.740000000000023 4 5 79.033286701613804 72.985274123657533 62.722161286027976 34.407419943498837 30.289483736550231 81.127986587441143 176.30840516384214 0.003533934839724973 30.084110596067081 74.434748158939996 74.123238576005846 107.26753627328439 61.998047812628364 58.994499616780779 28.500995548279327 81.995000000000019 59.687241583552677 58.137886086892202 70.148912835800587 197.05454352462212 30.80474892932931 28.099371818790381 60.970532941090745
decision_type=9 9 9 2 2 2 2 2 2 2 9 2 9 9 2 2 2 2 2 2 2 2 2 2 2 2 2 2 2 2 2 2 2 2 2 2 2
left_child=4 3 11 -2 -1 -5 7 8 -7 -8 -11 29 19 14 15 16 -14 18 -16 24 22 -22 23 -21 35 -24 27 28 -13 30 31 -3 -28 -19 -31 -6 -9
right_child=1 2 -4 5 12 6 9 36 -10 10 -12 26 13 -15 17 -17 -18 33 -20 20 21 -23 25 -25 -26 -27 32 -29 -30 34 -32 -33 -34 -35 -36 -37 -38
leaf_value=-0.042882458004146633 -0.044090684467109148 0.0079798152091945969 0.035643083257008018 -0.038142468514606863 -0.026432995150011789 -0.022570416316778114 0.039131915582588897 0.079175316506409604 0.03594131986288214 -0.0078101994140618155 0.019466591772247528 -0.033958060669539193 0.028580402393844004 0.045675072805785255 -0.010191261270748335 0.053705431985174065 -0.053366264368958763 -0.00078656534055716117 -0.057559896485535937 -0.00047513644158813669 -0.0351815151796048 0.0037277314261225255 -0.033623315060738214 0.025241321305302013 -0.047956880668713918 0.0037657371785793877 -0.026102386362272363 0.040785279400441389 0.01756269038059698 -0.048519658911359134 0.016513087599097222 -0.044177422909954335 0.0049260617967940845 0.033072793285414057 -0.0022376876772411741 0.0040251360511530405 0.033074303432392108
leaf_weight=4.49368239683099 5.32289687055163 1.0882927197963015 30.742864967789501 3.7545229773968449 5.0771048152819258 6.5203783707693237 3.9024143777787677 2.3346720840781918 4.1100628506392241 69.978007610887289 9.5257453983649594 4.8240961802657756 3.6674242680892331 8.1027398947626335 21.569798932876441 5.4119415543973446 3.6966762989759445 3.8546956665813914 6.1174874375574282 13.731914593838157 9.9635520018637198 7.8365847636014214 4.9563968116417509 10.344881454482673 5.3191821863874784 4.3427160726860166 4.9768298016861063 5.3986398363485923 12.12669561523944 3.8182006487622848 5.8622311875224113 3.7497717849910259 5.8235339010134339 3.8971381783485413 1.9601479689590631 3.8928449340164661 3.0987144066020846
leaf_count=693 542 13 2006 32 40 63 34 32 46 686 102 86 38 202 183 54 47 44 73 114 62 60 69 51 48 48 41 43 124 73 48 110 39 25 39 36 42
internal_value=0.00125045 0.00548262 0.0150547 -0.00223749 -0.00506351 -0.000148317 0.0013021 0.0197237 0 -0.00221265 -0.00442014 -0.00150154 -0.00395898 0.00219946 -0.00514773 0.0157339 -0.0120778 -0.0129001 -0.021243 -0.00934187 -0.004254 -0.0178645 0.0028866 0.0104425 -0.0268012 -0.0158149 0.00505975 0.0121688 0.00229545 -0.0158697 -0.00475512 -0.0313685 -0.00903485 0.015884 -0.0345033 -0.0127494 0.0562426
internal_weight=315.195 188.919 80.3713 108.547 126.277 103.225 99.47 16.0638 10.6304 83.4062 79.5038 49.6284 121.783 56.3179 48.2152 12.776 7.3641 35.4391 27.6873 65.4652 51.176 17.8001 33.3759 24.0768 14.2891 9.29911 33.1498 22.3494 16.9508 16.4786 10.7003 4.83806 10.8004 7.75183 5.77835 8.96995 5.43339
internal_count=6088 4201 2622 1579 1887 1037 1005 183 109 822 788 616 1194 666 464 139 85 325 256 528 404 122 282 165 124 117 333 253 210 283 171 123 80 69 112 76 74
cat_boundaries=0 1 2 3 4 5 6
cat_threshold=3 4 8 2 2 1
is_linear=0
shrinkage=0.045618


Tree=114
num_leaves=46
num_cat=5
split_feature=9 1 8 6 1 7 4 7 7 7 8 8 8 7 7 7 8 7 8 8 8 7 8 7 8 8 8 7 7 6 8 7 8 2 7 8 6 1 1 7 7 1 7 7 7
split_gain=6.13449 4.71165 3.72274 3.6808 3.30249 3.49344 6.62654 5.30949 5.18357 4.1795 4.17518 3.23461 2.87685 2.84142 2.38814 2.30976 5.79951 4.03542 5.71048 2.961 3.11144 2.0207 1.97137 1.84231 1.82158 2.27654 1.81428 1.67619 4.02184 2.66804 1.36433 1.11881 2.10945 1.09251 0.754446 1.09201 0.710752 0.458281 0.570642 0.417418 1.57144 0.316785 0.138765 0.72187 0.12066
threshold=0 53.004253282543161 21.110979909019093 1 44.071135056329894 96.740000000000023 2 88.170826344035632 103.28922227186466 77.927445305353913 30.99585718815862 26.201164048725371 44.534540864627772 76.122101941894172 59.525286656454689 222.51813576427864 29.1781650942137 208.09640910423931 29.1781650942137 30.80474892932931 31.378673569071683 58.137886086892202 32.18685741012208 214.96426399207735 24.001284893037823 23.903372770532382 23.787398181289181 75.830582757557877 143.36701218771179 3 19.00231313736553 90.06331136325133 30.300519129400026 0.010368613865304912 219.77696615317103 29.600711524797383 4 18.004440751939025 49.019619844933381 104.42223390983594 93.732323151157928 50.999562327306911 84.02500000000002 80.580000000000013 170.7354375090267
decision_type=9 2 2 9 2 2 9 2 2 2 2 2 2 2 2 2 2 2 2 2 2 2 2 2 2 2 2 2 2 9 2 2 2 2 2 2 9 2 2 2 2 2 2 2 2
left_child=2 3 30 14 24 7 -7 9 -8 13 -11 42 -10 -6 -2 17 -17 18 21 36 -21 -3 -18 -19 25 -4 -23 37 29 -29 -1 -9 -33 -24 35 -25 -20 -13 -39 40 -16 -42 43 -5 -30
right_child=1 15 4 11 5 6 8 31 12 10 -12 27 -14 -15 39 16 22 23 19 20 -22 26 33 34 -26 -27 -28 28 44 -31 -32 32 -34 -35 -36 -37 -38 38 -40 -41 41 -43 -44 -45 -46
leaf_value=0 0.025748698799938741 -0.028695246698019622 -0.028525423422072871 -0.031176587907856195 0.0058772308763700206 -0.058258586388913118 -0.044862691312877963 0.055467235215427707 -0.00072705163315323821 -0.0017565383125563478 -0.049648431559350441 0.064504081363498847 0.038397550315737806 0.040025062256684438 -0.042196526068162404 -0.057168303866358676 0.0496594339497759 0.064378284367375263 -0.037646848166496841 0.057043001105449395 0.0011639024005354829 0.0060738789163026271 -0.02859682108134462 -0.022960796961716368 -0.042550910520172139 0.081209473258600604 0.030220116224685307 -0.037887308139532568 0.062836976377185536 0.035592642993258483 -0.053426904291323893 0.038107805642823789 -0.0021734503674762625 0.025617543698317025 0.041946603707359767 0.027740598618053926 -0.0060106178659464484 0.0035875418238302142 0.049914093631491185 -0.045930076212543226 0.01264276096378125 -0.017148977772257254 -0.038662943156087565 0.01676071615181176 0.02305217039449001
leaf_weight=1.5163196579087515 1.4703282155096538 1.1536968844011415 0.705653337528928 1.3709503237623737 40.280191049911082 4.3356664460152388 5.2038951851427546 3.799952012486755 76.57626430504024 15.146883180364968 4.982874544337391 1.7445320459082703 3.8956472007557741 5.7536484124138942 3.2076532428618503 2.7273054779507211 2.5195949343033135 5.6473963218741101 4.1561067807488143 2.1801135265268412 17.546428041998297 8.593567028641699 1.5335303265601399 1.2348050051368775 5.2836995499674231 0.43696967186406255 42.013331113848835 3.4973156480118632 1.4832579875364902 1.1537719205953179 3.5277712799143046 7.1406925991177541 3.800228975713253 1.1202743132598696 2.4704115586355329 1.8809121320955453 3.1880156635306802 1.7482926300726833 0.96829591784626234 3.6731105023063719 2.0526532444637273 0.81929800054058421 1.459743697196245 0.75367589574307192 1.3491616025567053
leaf_count=39 25 19 112 106 422 33 67 31 671 146 66 15 37 43 265 32 60 130 69 64 394 158 41 26 504 8 1074 164 45 39 74 74 33 84 56 50 147 47 40 168 102 20 166 31 30
internal_value=0.00484175 0.0121332 -0.000742267 -0.00364782 0.000303409 0.00156262 -0.00457095 0.00845764 -0.00164273 0.00279618 -0.0143168 0.0104187 0.00118659 0.010446 -0.0234876 0.0177406 -0.00516991 0.0198271 0.0159736 -0.000787274 0.00819949 0.0248267 0.0222678 0.0455178 -0.031216 0.0150395 0.0262856 0.0220574 0.00740885 -0.0176111 -0.0386189 0.0330469 0.0237839 -0.00332985 0.0236994 0.00558744 -0.0252999 0.0438284 0.0246736 -0.0319311 -0.0212049 0.00152007 -0.0257787 -0.0115247 0.0488912
internal_weight=307.104 124.718 182.386 26.752 177.342 170.916 90.0115 80.9045 85.6758 66.1636 20.1298 15.529 80.4719 46.0338 11.223 97.9655 7.90071 90.0648 78.8313 27.0707 19.7265 51.7606 5.1734 11.2335 6.42632 1.14262 50.6069 11.9446 7.48351 4.65109 5.04409 14.7409 10.9409 2.6538 5.58613 3.11572 7.34412 4.46112 2.71659 9.75271 6.0796 2.87195 3.58437 2.12463 2.83242
internal_count=6027 3667 2360 1263 2247 1623 808 815 775 677 212 683 708 465 580 2404 217 2187 1925 674 458 1251 185 262 624 120 1232 380 278 203 113 138 107 125 132 76 216 102 87 555 387 122 303 137 75
cat_boundaries=0 1 2 3 4 5
cat_threshold=6 1 1 2 2
is_linear=0
shrinkage=0.045618


Tree=115
num_leaves=35
num_cat=7
split_feature=6 6 4 1 1 7 9 3 7 3 3 1 7 7 3 3 1 7 7 7 1 1 1 1 0 7 7 7 1 7 4 1 1 0
split_gain=5.76707 19.3567 5.6449 3.46113 3.06339 3.9726 2.78675 3.26303 2.14747 7.25824 2.48079 2.32259 2.43875 2.07872 2.03375 3.23254 1.96486 2.37155 1.89213 3.16191 1.89084 5.72129 2.98776 2.80863 2.29543 1.29592 1.16472 3.95383 1.42547 0.848017 0.78852 0.731599 0.706116 0.538244
threshold=0 1 2 78.96224711734142 76.000912162561818 176.30840516384214 3 1.0000000180025095e-35 223.59660307484179 0.99894807841205846 0.003533934839724973 46.046992983424225 209.32088574367808 217.04191755835774 0.0067886466325203796 0.99894807841205846 72.994574074741976 79.254749456227259 212.6996410793648 205.47384248517741 71.001858833739945 76.963130737918092 58.994499616780779 56.001575699917957 4 74.123238576005846 104.08500000000002 91.290000000000006 81.004436784089364 227.96000000000001 5 56.001575699917957 77.999570706233882 6
decision_type=9 9 9 2 2 2 9 2 2 2 2 2 2 2 2 2 2 2 2 2 2 2 2 2 9 2 2 2 2 2 9 2 2 9
left_child=2 6 3 -1 14 26 8 20 9 11 -10 30 -13 31 16 -16 18 -18 19 -4 22 33 23 -8 -24 -23 27 28 -6 -20 -2 -9 -33 -22
right_child=1 -3 4 -5 5 -7 7 13 10 -11 -12 12 -14 -15 15 -17 17 -19 29 -21 21 25 24 -25 -26 -27 -28 -29 -30 -31 -32 32 -34 -35
leaf_value=-0.05159312253695246 -0.04288111028009288 0.046487542710559396 -0.0032302905478622584 0.0075899793398405517 0.028646566728453744 -0.025073663182004286 -6.5157365569726549e-05 0.0001206635384480415 -0.0034287990327259194 -0.046016871811481459 0.039501286083733773 0.0047865618987066611 -0.029201055951225147 -0.015896445556947469 0.045533137053188524 -0.0022008339862109997 0.0032105462776648159 -0.040854971256048506 -0.037259113710642701 0.047599523164183033 0.059988170137669002 0.016435898408627216 -0.03924061221291502 0.036416646569875533 0.00046801299361673123 -0.018765146426605251 0.037564613795960558 -0.031095244094915403 -0.0071423894697641615 -0.0075192795760164327 -0.0020418619157363603 0.048358428374697157 0.013423512381823535 0.025292228365755658
leaf_weight=7.192479393677786 3.1019262177869669 25.639502095524222 53.033838801784441 2.5385963022708893 13.671618141699595 4.5698661510832599 15.124285166850315 1.274241498671471 5.3671051883138698 7.6789050875231615 5.0857277251780033 62.576879413798451 4.4809935912489882 1.395483374595641 3.93981264485046 9.3892213590443134 3.5380312977358681 6.8393182558938861 4.4295604699291271 2.4563280353322616 4.4109577108174562 3.1382728549651784 5.552476235665381 5.7861307044513515 5.7340574758127314 5.5916113802231848 6.1247851722873738 3.128226049244403 2.3720140643417826 4.8819751124829054 1.910996268969029 8.4390178648754937 2.2619822653941801 2.7926178774796417
leaf_count=545 185 1437 950 13 177 37 616 15 33 52 37 499 25 56 107 57 30 64 37 18 19 42 45 58 103 121 47 18 39 43 164 225 45 68
internal_value=0.00464962 0.00997987 -0.00268499 -0.0356952 3.56122e-05 0.0126677 0.00371169 0.0103005 -0.00167892 -0.00448721 0.0172473 0 0.00233678 0.0318392 -0.00417696 0.0119449 -0.00714397 -0.025481 -0.0040371 -0.000693631 0.00620389 0.0189448 0 0.0100013 -0.0188914 -0.00532217 0.0198839 0.0135605 0.0229468 -0.0228423 -0.0292293 0.0380958 0.0419546 0.048499
internal_weight=305.449 177.343 128.106 9.73108 118.375 29.8665 151.704 61.5011 90.2025 79.7497 10.4528 72.0708 67.0579 13.3707 88.5081 13.329 75.1791 10.3773 64.8017 55.4902 48.1304 15.9335 32.1969 20.9104 11.2865 8.72988 25.2966 19.1719 16.0436 9.31154 5.01292 11.9752 10.701 7.20358
internal_count=6027 3845 2182 558 1624 318 2408 1413 995 925 70 873 524 341 1306 164 1142 94 1048 968 1072 250 822 674 148 163 281 234 216 80 349 285 270 87
cat_boundaries=0 1 2 3 4 5 6 7
cat_threshold=1 2 1 6 2 2 2
is_linear=0
shrinkage=0.045618


Tree=116
num_leaves=34
num_cat=7
split_feature=0 0 1 7 7 7 7 9 7 7 7 5 7 7 8 8 8 8 1 4 1 1 8 9 7 7 7 8 7 6 8 1 1
split_gain=4.17894 19.7387 9.60985 4.58885 5.44863 3.48955 2.84696 2.46621 2.7357 2.39643 3.06949 2.36124 3.35206 4.67024 3.29929 3.92006 3.74744 2.08967 1.93143 1.70786 3.45998 1.5493 1.5094 3.3361 2.5141 1.49905 3.36659 2.38657 1.3917 1.31269 1.84338 1.40918 0.234507
threshold=0 1 55.000954631733443 104.08500000000002 94.335000000000022 68.345000000000013 105.21399713811572 2 166.94929875483135 57.445000000000007 62.722161286027976 3 206.49016870963644 160.13507499983595 24.107338497976567 22.750769112941388 37.293563301300807 28.099371818790381 72.994574074741976 4 48.058265287553652 53.938484311053749 27.300213500713753 5 77.927445305353913 197.55360694077675 217.92950017205948 26.201164048725371 226.92201077107777 6 30.80474892932931 68.720771859984481 77.999570706233882
decision_type=9 9 2 2 2 2 2 9 2 2 2 9 2 2 2 2 2 2 2 9 2 2 2 9 2 2 2 2 2 9 2 2 2
left_child=2 9 19 4 5 -4 -5 8 -8 -2 17 14 13 -13 15 -12 -16 32 -10 21 -21 -1 24 -24 -7 27 -27 -9 -14 31 -31 -19 -11
right_child=1 -3 3 6 -6 22 7 25 18 10 11 12 28 -15 16 -17 -18 29 -20 20 -22 -23 23 -25 -26 26 -28 -29 -30 30 -32 -33 -34
leaf_value=-0.048071773491049401 -0.045253500308107784 0.04666588392375455 -0.03672118341240492 0.048618096598451718 -0.049487014340666061 0.0099429171194861509 -0.033707443142663676 -0.016269475451044541 0.016287846656630488 0.0039514474819400437 -0.0085945470977727041 0.0035374877057607868 -0.04649913468716417 0.03505340728461296 -0.016534262424328122 0.038943074872016918 0.010154688623985922 -0.014391379100616091 -0.01688871769053004 -0.041163499002042726 0.030624084320530893 -0.014282986257143065 -0.0079793995231134326 0.019852980390171058 -0.039425690846142822 -0.020192297678580353 0.020307635767587078 0.030372133830296071 -0.0026006882492247028 0.075960055126229123 0.010924403071835471 0.036915454652909546 -0.017579566504216521
leaf_weight=11.511210753116758 2.0582511764951041 22.515886851586401 5.0977710913866749 3.5282674124464384 5.981361190788447 4.2407429264858392 5.8981343358755138 2.3091022642329362 8.6256871223449689 1.6432297336868935 7.2106454954482597 50.117852419381961 2.8805472683161488 12.154752668924628 47.913188994862139 6.5915817439090461 13.705690338043494 1.7029630704782897 5.9291083104908457 2.7393456143327084 2.3826589677482843 4.8154333611018947 11.262282650917767 9.3231031824834663 3.7391579374670982 6.3921956373378661 11.564542705658821 17.044137100223452 3.6131182927638292 2.6951972423121324 1.800070436671376 2.1777860075235367 1.5689233932644127
leaf_count=383 39 1350 43 22 59 48 45 20 62 52 163 977 30 185 736 94 214 30 35 433 20 54 86 169 28 82 171 216 46 74 30 39 16
internal_value=0.00248966 0.00691415 -0.0039802 0.00187443 -0.0101104 -0.00266068 0.00973623 0.00708256 -0.00540666 0.00114823 0.00186271 0 0.00571685 0.00988804 -0.00521893 0.0139112 -0.0104823 0.0242294 0.00230118 -0.0315657 -0.0067106 -0.0387978 0.0034291 0.0101089 -0.0128542 0.0122606 0.00547883 0.0243708 -0.0238683 0.0360842 0.0529259 0.0133015 -0.00518487
internal_weight=302.734 180.35 122.384 100.936 39.6444 33.6631 61.2912 57.7629 20.4529 157.834 155.776 144.187 68.7663 62.2726 75.4211 13.8022 61.6189 11.5882 14.5548 21.4486 5.122 16.3266 28.5653 20.5854 7.9799 37.31 17.9567 19.3532 6.49367 8.37602 4.49527 3.88075 3.21215
internal_count=6051 4075 1976 1086 433 374 653 631 142 2725 2686 2445 1238 1162 1207 257 950 241 97 890 453 437 331 255 76 489 253 236 76 173 104 69 68
cat_boundaries=0 1 2 3 4 5 6 7
cat_threshold=2 1 5 4 2 6 1
is_linear=0
shrinkage=0.045618


Tree=117
num_leaves=38
num_cat=4
split_feature=9 1 9 9 7 1 1 1 8 7 8 1 1 7 4 1 7 7 7 7 8 8 1 7 8 1 8 8 7 8 8 7 8 8 8 7 7
split_gain=3.7177 6.40959 4.29723 11.7866 3.81708 3.76926 3.46505 2.65832 2.50501 2.34238 3.89646 2.22956 3.32578 5.30994 4.006 3.02779 5.28522 2.97232 2.19206 3.98935 3.23069 3.28643 1.94305 1.85028 1.9889 1.78413 1.71665 1.48287 2.84158 1.16948 1.15174 0.941163 0.531528 0.46479 0.318831 0.278558 0.0794382
threshold=0 46.046992983424225 1 2 223.59660307484179 48.948386201728212 62.563434914822366 1.5200000000000002 28.61831211176807 104.42223390983594 31.69330971272613 81.999717400665148 79.001800853160489 82.620814347780225 3 57.993845923012096 101.14000000000001 75.512346055105283 74.401967656514628 79.545000000000016 26.400287401872127 28.371883124426827 68.000664172155822 197.55360694077675 31.759261604588072 45.947875376448415 27.573017811177955 30.300519129400026 107.26753627328439 30.99585718815862 26.301214066090491 82.190000000000012 29.600711524797383 32.500246110126149 31.69330971272613 184.12666282161379 104.08500000000002
decision_type=9 2 9 9 2 2 2 2 2 2 2 2 2 2 9 2 2 2 2 2 2 2 2 2 2 2 2 2 2 2 2 2 2 2 2 2 2
left_child=1 4 6 5 7 -4 8 -1 25 10 30 12 14 26 15 17 -17 -3 -8 -20 -21 -22 32 24 -11 31 -14 -10 -29 -24 -7 -2 -16 -28 -25 -30 -15
right_child=2 11 3 -5 -6 9 18 -9 27 23 -12 -13 13 36 22 16 -18 -19 19 20 21 -23 29 34 -26 -27 33 28 35 -31 -32 -33 -34 -35 -36 -37 -38
leaf_value=0.027977534303961642 -0.028180693004022931 0.026793879343660173 -0.04340538774975216 0.034543028083791394 0.062155679800735469 -0.018009255273106452 -0.019369639165488426 -0.046031216415166963 0.01898885360927418 0.0087914099990790539 -0.049770293106371884 -0.032288048993149271 0.062419111230434164 -0.0017780562672808193 -0.015014551343697965 -0.024253813733148586 0.00075740136010353152 -0.0020041852887389983 0.050753359717885672 -0.022577818704261718 0.033308787586135806 0.00150188727426012 0.051517241713094741 0.0068708358379732538 0.049043840561792715 -0.04915485750645613 0.0068479793504578413 -0.045310799472610477 -0.0059076569156786985 0.011728244367730862 0.0086891827193784962 0.036041180717801331 0.016074778237287708 0.035203791177247652 -0.0084912548865471692 0.010355679486792129 -0.013403299889914264
leaf_weight=0.85963662061840018 0.64222971303388721 10.148638085462151 3.8732100571505717 27.287494156509638 0.58107578847557384 4.4552781060338082 6.0976557009853414 11.135546010220422 3.6993895878549656 7.1779211414977926 3.6764039527624837 4.0789280310273162 4.3417625902220625 3.9298055535182348 2.4574585910886508 30.608722797594965 39.821776730939746 25.357905701734126 4.1483847741037598 7.1806512773036948 9.3329173866659385 24.820103269070387 4.4801241522654891 5.1274942979216558 4.3578259628266096 5.6691774893552065 3.3009015591815114 3.6446459395810944 3.9189151690807194 3.2347021019086242 11.592877050861714 0.78446281002834439 1.7404656456783412 2.8772608609870076 5.5340153146535158 4.0550068821758032 3.9334459640085697
leaf_count=50 39 90 263 1988 12 36 63 1199 38 62 44 19 33 31 44 300 312 316 51 54 54 202 45 28 32 73 51 98 51 39 102 49 42 34 41 31 35
internal_value=0.00241173 -0.00257201 0.00730937 0.0146461 -0.0336552 -0.00123566 -0.000760482 -0.0398179 -0.0158249 0.00242006 -0.00878422 3.36379e-05 0.00109635 0.019053 -0.0016813 -0.00456515 -0.0100646 0.00616363 0.00555677 0.00911042 0.00454039 0.0105289 0.0230765 0.0126436 0.0251462 -0.0379393 0.0400388 -0.00479645 -0.0131042 0.03639 0.000753551 0.00342228 -0.000555089 0.0217682 -0.000539218 0.00165491 -0.00856771
internal_weight=299.964 152.888 147.076 73.0825 12.5763 45.795 73.9935 11.9952 22.4138 41.9218 19.7246 140.312 136.233 18.3832 117.85 105.937 70.4305 35.5065 51.5797 45.4821 41.3337 34.153 11.9128 22.1973 11.5357 7.09587 10.5199 15.318 11.6186 7.71483 16.0482 1.42669 4.19792 6.17816 10.6615 7.97392 7.86325
internal_count=6051 2652 3399 2596 1261 608 803 1249 379 345 182 1391 1372 184 1188 1018 612 406 424 361 310 256 170 163 94 161 118 218 180 84 138 88 86 85 69 82 66
cat_boundaries=0 1 2 3 4
cat_threshold=5 2 8 2
is_linear=0
shrinkage=0.045618


Tree=118
num_leaves=23
num_cat=2
split_feature=7 6 6 8 7 7 1 7 7 7 8 1 8 7 8 8 2 8 7 7 1 7
split_gain=4.65564 3.17503 20.204 3.03486 2.76 7.56312 3.8626 2.88686 4.8548 3.56302 4.68931 2.49801 2.11833 2.57826 2.4457 4.49895 2.09995 1.98845 3.10766 1.6313 1.43665 0.270842
threshold=57.445000000000007 0 1 20.115729053509749 72.687465751755482 61.332619806657995 44.071135056329894 203.62541172490407 217.92950017205948 180.77066635754616 32.904787017026358 71.284834830397742 22.40195177542692 73.671442354197879 23.903372770532382 24.205261459402404 0.07516789977446571 31.759261604588072 60.551503235301176 194.90665862735761 75.847152395258036 73.409226198819439
decision_type=2 9 9 2 2 2 2 2 2 2 2 2 2 2 2 2 2 2 2 2 2 2
left_child=-1 4 3 -3 5 17 -6 9 -9 10 -8 -10 13 -5 21 -16 -7 18 -2 -11 -15 -14
right_child=1 2 -4 12 6 16 7 8 11 19 -12 -13 14 20 15 -17 -18 -19 -20 -21 -22 -23
leaf_value=-0.047912035641330286 -0.03699249766709177 -0.046233725135635027 0.046368586765558405 -0.019156447342976276 -0.042388942188609696 -0.052529435948150752 0.0076936006491496213 -0.045162741002754414 -0.014087628680626336 0.049481025011602883 -0.025711949706358903 0.02437171756485049 -0.009853381686673969 0.01628380225796059 0.049156360689427823 0 -0.0074786546008271931 0.060025299167528669 0.039941859565461486 0.012246224048494877 0.066685454066029895 -0.040303340613401357
leaf_weight=3.5625361427664748 1.8615284138359158 2.592156436527147 23.146231797989458 1.7716451243031759 4.0287614620756349 8.3315835611429048 51.616955671459436 6.3939080322161344 7.9699170608073455 4.933713698294012 10.273435825482009 5.8917696792632341 1.7560520945116866 3.3340335516259074 3.7833518097177139 129.90270460117608 3.4461958459578446 1.7598800149280576 2.0686558615416288 6.1579935550689697 2.3643916440196335 2.9716768150683492
leaf_count=75 42 159 1399 36 661 206 676 55 69 62 142 48 31 97 41 1894 26 29 40 64 29 99
internal_value=0.0023126 0.0029946 0.00692933 0.000681076 -0.00283868 -0.01942 0.000111233 0.00210749 -0.0129423 0.00639542 0.00197833 0.00193781 0.00162405 0.024947 0.000283656 0.00149092 -0.0402375 0.0225088 0.00196696 0.0299851 0.0399121 -0.0311746
internal_weight=289.919 286.357 171.622 148.476 114.734 17.4678 97.2665 93.2377 20.2556 72.9821 61.8904 13.8617 145.884 7.47007 138.414 133.686 11.7778 5.69006 3.93018 11.0917 5.69843 4.72773
internal_count=5980 5905 3785 2386 2120 343 1777 1116 172 944 818 117 2227 162 2065 1935 232 111 82 126 126 130
cat_boundaries=0 1 2
cat_threshold=1 2
is_linear=0
shrinkage=0.045618


Tree=119
num_leaves=25
num_cat=5
split_feature=7 3 3 9 7 1 7 7 7 9 9 1 1 1 1 7 1 7 7 0 6 7 7 7
split_gain=4.39379 3.88291 10.0751 3.47492 5.46612 3.51253 3.43477 6.67367 3.00551 2.89204 7.65173 4.00471 3.05794 2.69775 2.51753 2.37843 1.79472 1.75919 1.5501 2.5692 1.12999 0.882392 2.22185 0.347501
threshold=57.445000000000007 1.0000000180025095e-35 0.99894807841205846 0 75.280532964458502 81.999717400665148 202.07060069775869 191.6985675696279 77.927445305353913 1 2 44.071135056329894 55.874911427594476 73.996428959115889 60.970532941090745 165.09419819643026 50.999562327306911 217.92950017205948 200.45213470254632 3 4 105.74500000000002 82.620814347780225 62.124001669136497
decision_type=2 2 2 9 2 2 2 2 2 9 9 2 2 2 2 2 2 2 2 9 9 2 2 2
left_child=-1 3 -3 4 16 9 7 8 -6 11 12 -5 -11 14 -8 -13 20 18 21 -20 -2 22 -4 -18
right_child=1 2 17 5 6 -7 13 -9 -10 10 -12 15 -14 -15 -16 -17 23 -19 19 -21 -22 -23 -24 -25
leaf_value=-0.047355377105828239 0.014142412604879978 0.04599342220429084 0.0090378488801186908 -0.042892439398722552 0.035226161893599311 -0.045602854922567375 -0.010891983625897586 0.059720527659100742 -0.0044675128394611203 -0.025959121946129121 0.031291596466896332 -0.0027337733360156416 0.0052264884457773799 0.0048847085895194799 -0.056927518800362661 0.014611551238991435 -0.024219081751082935 0.020160604788646938 -0.053106729559843614 0.0036788667467473647 -0.036553097384085499 0.011963161872121023 -0.028803186198631293 -0.053190565364650229
leaf_weight=3.4452256872318676 2.0952301886864007 14.595645691733806 7.4888644716702455 4.1311145098879924 4.0663922354578963 2.5695524527691296 5.6251639586407673 3.7582779680378726 52.376871966058388 8.0308655449189228 19.237867428921163 58.216596352867782 31.135029152035713 5.1393482219427815 5.0991687253117561 22.522196444682777 2.7867054804228228 7.7289959685876957 2.9640663345344365 3.020190571434795 1.2433663529809558 9.4033890049904567 5.1992460656911135 6.1455216221511364
leaf_count=75 58 899 38 533 62 16 54 21 700 724 1275 632 224 25 35 205 45 64 26 39 62 57 43 68
internal_value=0.00221857 0.00287585 0.0143367 0.000371746 -0.00633873 0.00460127 -0.00236765 0.002534 -0.00137515 0.00593264 0.0126995 -0.00014629 -0.000890009 -0.0211431 -0.0340383 0.00205349 -0.0350685 0.00106162 -0.0040884 -0.0243044 -0.0040469 0.00128889 -0.00620545 -0.0456141
internal_weight=288.025 284.58 50.4004 234.179 88.336 145.843 76.0652 60.2015 56.4433 143.274 58.4038 84.8699 39.1659 15.8637 10.7243 80.7388 12.2708 35.8048 28.0758 5.98426 3.3386 22.0915 12.6881 8.93223
internal_count=5980 5905 1166 4739 1130 3609 897 783 762 3593 2223 1370 948 114 89 837 233 267 203 65 120 138 81 113
cat_boundaries=0 1 2 3 4 5
cat_threshold=10 4 1 2 1
is_linear=0
shrinkage=0.045618


Tree=120
num_leaves=35
num_cat=1
split_feature=3 3 7 8 7 8 7 7 8 7 1 8 7 8 7 4 8 1 7 7 7 8 8 1 1 1 7 1 1 1 1 7 8 8
split_gain=4.90327 11.4316 6.40753 8.81755 3.96085 3.76173 2.84389 4.04719 5.29176 4.04556 3.77367 2.43382 4.57505 3.41857 3.21272 2.41646 2.21552 1.93279 1.84631 7.13736 4.23403 1.53236 1.33915 1.24207 1.21638 1.16688 0.648001 0.571865 1.49231 0.482807 0.473641 0.234419 0.21317 0.0930689
threshold=1.0000000180025095e-35 0.99894807841205846 208.09640910423931 28.188391085245808 79.033286701613804 20.115729053509749 77.927445305353913 75.280532964458502 28.371883124426827 84.935000000000016 44.071135056329894 27.801652500611571 73.213977957945033 28.188391085245808 72.687465751755482 0 32.401745091198087 79.997490684662566 105.21399713811572 104.42223390983594 133.50002061229176 30.300519129400026 28.491465896499154 80.129632576580917 67.569895555989987 78.691638395946271 109.66442626650682 58.994499616780779 56.001575699917957 58.994499616780779 38.006575028449809 76.65000000000002 28.099371818790381 45.387584444699861
decision_type=2 2 2 2 2 2 2 2 2 2 2 2 2 2 2 9 2 2 2 2 2 2 2 2 2 2 2 2 2 2 2 2 2 2
left_child=5 -2 4 -4 -3 23 7 11 29 15 33 14 13 -13 17 27 26 -7 19 -12 -20 30 -14 -1 -5 -16 -6 28 -8 -9 -17 -10 -29 -11
right_child=1 2 3 24 16 6 9 8 31 10 18 12 22 -15 25 21 -18 -19 20 -21 -22 -23 -24 -25 -26 -27 -28 32 -30 -31 -32 -33 -34 -35
leaf_value=-0.047476945296124291 0.046115556785654002 0.016998961669004602 -0.034756259661884517 0.02115843268861043 -0.047376842709672559 -0.014128961803058591 -0.030650862376848279 0.028700280553263163 -0.014575776853654989 -0.042741552218474942 0.0016845430876013226 0.045898471143933792 0 0.0072929834352788003 1.222684210884323e-05 -0.00074501383494161464 0 -0.059311755018763304 -0.02000606273218267 0.06804857653352904 0.0015997968374934456 -0.03808444406628024 -0.04515547918119768 0 0.065498123298986938 0.047770207075805031 -0.022342149189270227 -0.027637323975608832 0.016521846998594179 0.066557760839857746 0.031148380851562272 0.0034834484415869212 -0.049127868010552217 0
leaf_weight=4.7807684466242781 15.176288246642796 5.8336282521486309 3.1574536673724642 2.6759353433735651 6.0701121874153632 10.555023574735971 4.5979216366540667 2.2588296774774772 2.3887049383483827 4.4375113884452722 50.201442282181233 6.027541990857574 2.1870654989033929 23.42295224731788 3.2691321703605345 0.92929185507819356 5.1398320868611327 2.5091862305998793 25.700404278002679 3.4222328886389723 67.83480291441083 0.96173270512372244 3.4431451917625964 1.2400625124573705 5.3418309749104083 1.585950630251318 6.5755793252028525 5.8344241823069733 1.6177868666127322 4.570344353094697 2.4783317078836262 2.4806435008067638 4.4655613303184509 0.36391419172286976
leaf_count=352 922 29 26 30 44 256 146 37 39 686 787 104 42 464 57 70 31 23 391 32 850 28 62 10 54 51 48 60 30 72 82 34 56 27
internal_value=0.000367452 0.0133705 -0.00092859 0.027032 -0.0145441 -0.0022841 -0.0013375 0.00676869 0.0308181 -0.00441247 -0.00176639 0.00124024 0.00831998 0.0156793 -0.01221 -0.0231559 -0.0253163 -0.0240948 -0.000396697 0.00628995 -0.00430236 0.0056161 -0.0282701 -0.0372992 0.0523946 0.0182049 -0.0354342 -0.0311154 -0.0172605 0.0561771 0.0211977 -0.00438864 -0.0383601 -0.0406901
internal_weight=293.535 49.9707 34.7944 11.1752 23.6192 243.565 237.544 64.6985 11.6985 172.845 151.96 53 35.0807 29.4505 17.9193 20.8851 17.7855 13.0642 147.159 53.6237 93.5352 4.36936 5.63021 6.02083 8.01777 4.85508 12.6457 16.5157 6.21571 6.82917 3.40762 4.86935 10.3 4.80143
internal_count=6032 1184 262 110 152 4848 4486 1241 182 3245 2773 1059 672 568 387 472 123 279 2060 819 1241 180 104 362 84 108 92 292 176 109 152 73 116 713
cat_boundaries=0 1
cat_threshold=2
is_linear=0
shrinkage=0.045618


Tree=121
num_leaves=38
num_cat=7
split_feature=9 9 9 1 7 5 2 2 7 7 1 1 1 7 1 7 7 2 1 1 7 7 1 1 7 0 1 7 0 2 1 6 7 7 1 1 7
split_gain=3.61304 5.66882 11.0704 5.57484 5.13858 4.98565 5.29304 3.59425 3.44724 5.54563 8.55962 4.61358 5.20118 3.99259 3.62413 2.9662 2.91437 2.86838 2.84677 3.69419 3.02144 2.56866 2.38635 3.106 2.37315 6.55352 2.20882 1.61674 1.31652 2.42465 1.74123 0.941301 0.915254 0.885784 0.474915 3.28006 0.279022
threshold=0 1 2 56.001575699917957 60.820073061288234 3 0.99977195935954721 0.010368613865304912 72.985274123657533 165.09419819643026 79.001800853160489 52.016207858320946 57.993845923012096 94.75500000000001 72.994574074741976 170.7354375090267 120.95 0.30003607540898136 61.998047812628364 59.001136460266338 79.254749456227259 78.79713207691988 59.996844235236182 62.002746113409124 200.45213470254632 4 1.5200000000000002 62.722161286027976 5 0.31275722047440296 52.988668370940871 6 90.794458396778211 65.475000000000009 45.947875376448415 44.071135056329894 109.66442626650682
decision_type=9 9 9 2 2 9 2 2 2 2 2 2 2 2 2 2 2 2 2 2 2 2 2 2 2 9 2 2 9 2 2 9 2 2 2 2 2
left_child=3 4 15 17 -2 7 22 21 11 10 13 33 -13 -10 -14 16 18 26 19 -3 -20 -5 31 -24 -17 -26 -1 -25 29 -11 -30 -7 -12 -6 35 -28 -23
right_child=1 2 -4 5 8 6 -8 -9 9 28 32 12 14 -15 -16 24 -18 -19 20 -21 -22 36 23 27 25 -27 34 -29 30 -31 -32 -33 -34 -35 -36 -37 -38
leaf_value=0.024566425605780401 -0.054046158389350986 -0.004281696758576454 0.033631745260261851 -0.0020835417704426662 0 0.013390935841439791 -0.024986278727728944 0.0036511297208954943 -0.011631722821493159 -0.030796809344043 0.0066441263036949357 0.075747419005474478 -0.030771922267906714 -0.041970672953255093 0.025294893968330876 0.044872215614286337 -0.051099832888563415 0.0076276622288076823 0.0010371724698280615 0.044816657800578245 -0.050822358200534726 -0.052341591944778228 -0.025729919637320083 0.040701835482069293 -0.038952989817976222 0.040380125100896891 -0.041313634857364653 0.0067503311881446128 0.047873551830503312 0.015582202552463889 0.010382889888324561 0.038802118722522538 0.038187166118899572 -0.047907448225779171 -0.047858549226301436 0.047758159153743714 -0.031211014693100621
leaf_weight=0.89808832714334386 3.6850881730206302 17.306635239394389 25.200756980571896 4.5861657373607221 1.411897150101143 7.6364067252725363 10.04962996765971 7.5619788076728574 24.032486329553649 3.847735085291788 4.1433669314719719 3.3512267060577896 2.8354485668241969 15.344352923100812 10.223724735435097 3.9824114874936631 2.9460332114249459 3.4485319294035426 4.0884428936988098 3.6523043224588028 4.5946792606264353 6.7566640786826593 5.652802263852208 3.0596071621403089 3.9270012644119552 4.3125520499888799 4.3990705851465455 41.501712172757834 3.0392328118905452 5.2182177565991879 18.101677528116852 6.9978714967146498 4.8617553263902664 1.9988368365447966 9.7680408703163248 0.80941902846097935 6.3095133230090141
leaf_count=53 59 339 2005 32 37 61 62 44 425 42 58 42 28 359 120 36 45 34 31 37 45 62 65 40 29 40 737 393 62 35 174 55 32 70 187 22 35
internal_value=0.000352221 0.00448874 0.0136828 -0.00547152 -0.00243141 -0.00150953 0.00468389 -0.0157033 -0.000568568 -0.00492401 -0.0145279 0.0162566 0.0264826 -0.0237752 0.0123507 -0.00158344 -0.0092423 -0.0282375 -0.00453602 0.00434648 -0.026266 -0.0330773 0.010165 0.00523301 0.0168698 0.00180217 -0.0364146 0.00940463 0.0102472 -0.00368576 0.0164915 0.0263474 0.024843 -0.0298789 -0.0407775 -0.0249793 -0.0432766
internal_weight=291.541 172.106 70.0108 119.436 102.095 100.112 74.898 25.2143 98.41 78.5888 48.382 19.8211 16.4104 39.3768 13.0592 44.8101 32.5881 19.3232 29.6421 20.9589 8.68312 17.6523 64.8484 50.2141 12.222 8.23955 15.8746 44.5613 30.2069 9.06595 21.1409 14.6343 9.00512 3.41073 14.9765 5.20849 13.0662
internal_count=6032 4150 2607 1882 1543 849 676 173 1484 1187 874 297 190 784 148 602 497 1033 452 376 76 129 614 498 105 69 999 433 313 77 236 116 90 107 946 759 97
cat_boundaries=0 1 2 3 4 5 6 7
cat_threshold=3 4 8 8 1 2 2
is_linear=0
shrinkage=0.045618


Tree=122
num_leaves=47
num_cat=5
split_feature=8 8 7 2 2 8 8 7 7 2 7 3 3 7 7 7 8 7 0 0 7 0 7 8 7 8 8 8 8 7 0 7 7 8 8 7 6 7 7 7 7 7 8 8 8 8
split_gain=4.54312 7.42355 4.54884 4.42868 4.03514 3.69787 5.15908 3.21869 4.0459 4.32707 3.00368 2.97661 5.79654 2.9557 2.93149 8.99768 3.16522 2.73459 2.67623 2.50592 2.39515 2.30979 3.52592 2.77898 2.26721 2.0494 2.82895 2.91878 3.33314 2.15404 1.7726 1.73593 2.59516 1.6929 1.41821 1.13143 0.989149 0.770956 0.462058 0.453156 0.390023 0.278701 0.139552 0.129088 0.0787123 0.0639887
threshold=27.203168648674119 28.699296493860874 241.90397689840748 0.99977195935954721 1.0000000180025095e-35 27.906851076410565 27.573017811177955 194.15616731754213 62.124001669136497 0.99977195935954721 222.51813576427864 0.003533934839724973 0.99894807841205846 208.09640910423931 83.670000000000016 90.06331136325133 45.387584444699861 93.25534506633845 0 1 213.52826872502001 2 71.419530520720699 28.285576588577086 99.338803373238463 26.678900664970318 23.304208466103152 24.600353907024164 26.201164048725371 81.691379389816262 3 76.349603808578124 77.002885607562334 32.236138425440508 31.028525551788011 111.92911813471636 4 140.95687182439707 75.830582757557877 88.815000000000012 84.02500000000002 258.14761466324791 26.001904519691667 32.401745091198087 31.208028196170577 27.801652500611571
decision_type=2 2 2 2 2 2 2 2 2 2 2 2 2 2 2 2 2 2 9 9 2 9 2 2 2 2 2 2 2 2 9 2 2 2 2 2 9 2 2 2 2 2 2 2 2 2
left_child=4 3 11 5 20 6 24 8 -6 -10 21 14 -13 33 18 30 -17 -5 44 -20 25 22 -7 -23 38 26 31 29 -29 -28 -16 -1 -33 -14 -4 -26 -27 45 -2 -38 -11 -36 -9 -15 -3 -8
right_child=1 2 34 17 7 10 37 42 9 40 -12 12 13 43 15 16 -18 -19 19 -21 -22 23 -24 -25 35 36 27 28 -30 -31 -32 32 -34 -35 41 -37 39 -39 -40 -41 -42 -43 -44 -45 -46 -47
leaf_value=-0.046777831981314653 -0.019617019036585432 -0.047245874362782374 -0.0011172248456604312 0.015062277325702537 0.070152830897323812 0.065707769242189781 -0.037232305812979462 0.060258707834132313 0.040443275283241743 -0.037642631972191289 -0.02029300354484774 0.045486493944158192 -0.033900505407780369 0.028336588503441718 0.0090846638067674772 -0.0089524233824757535 0.029489232447483478 -0.029378604730005822 -0.012582073026715898 0.040692421879123787 -0.050553721050519057 0.054360049878913422 0.0082580946045929891 0.011057204322639715 0.076675072863882018 -0.048309017878124048 0.035637676477017668 -0.022617568490367897 0.016238354065032677 -0.0020370713445855503 0.049419697138550461 0.065762761262456726 -0.017584553112511999 0 0.030110423220336448 0.024792588629225402 -0.024324427739277649 0.00059005489362426672 0.013246189201786159 0.0069388092845829993 -0.013168981159953769 0.06367519866446289 0.026566201700549345 0.010238287248795117 -0.026193587027943069 -0.012203079231152757
leaf_weight=4.2650224231183556 1.3425818365067228 4.2203704842831939 1.3703029146417964 5.4062594659626466 1.3023473815992463 2.6660450254566976 3.7491939302999517 1.980744651518761 2.4506568359211061 3.7587421406060457 1.8677768940106023 7.4724422586150494 5.4079344924539345 3.6942939385771743 3.9311203765682858 66.073082537855953 4.5092370160855344 5.5323082408867776 23.80244537582621 1.7378325602039719 3.197221226990222 15.945114105707036 11.791116572450845 4.4442909595090887 1.8477620931807903 3.9758074367418876 6.6929024760611373 13.348120636073874 6.5834946220275006 5.233397510368377 7.6626319864299148 0.59391934680752356 12.449090702226384 6.0118525940924883 3.2768229353241622 3.0390238657128066 1.8325427770614626 1.5415962967090306 1.8508599917404351 1.2481449961196629 4.2966402759775519 2.113132338039577 2.098676769528538 3.3699548225849867 3.905353314941749 1.4290442436467854
leaf_count=186 32 68 17 47 30 32 89 32 174 38 21 427 38 45 80 1110 76 56 454 70 30 324 157 151 27 63 93 331 120 161 177 13 580 43 90 62 38 42 43 50 30 44 35 20 107 38
internal_value=0.00220772 0.00565641 5.96817e-05 0.0188241 -0.00736148 0.0244318 0.00459544 0.0127431 0 -0.00943821 0.032186 -0.00166489 0.0121681 -0.00133455 -0.00483496 -0.000102749 -0.00632648 -0.00698709 -0.0161279 -0.00840613 -0.0128683 0.0352838 0.0200833 0.0454376 0.0291555 -0.0104307 -0.0068927 0.00101192 -0.00943716 0.0188473 0.0366852 -0.021633 -0.0123162 -0.0158926 0.0360674 0.0480321 -0.0332926 -0.0240247 0 -0.010136 -0.0260235 0.0463161 0.0465715 0.0211166 -0.0388099 -0.0322425
internal_weight=286.319 211.012 148.559 62.453 75.3075 51.5144 14.8001 15.8878 11.8084 10.506 36.7143 141.799 25.9565 18.484 115.842 82.1761 70.5823 10.9386 33.666 25.5403 59.4197 34.8466 14.4572 20.3894 8.08023 56.2224 49.1659 31.8579 19.9316 11.9263 11.5938 17.308 13.043 11.4198 6.76026 4.88679 7.0565 6.71983 3.19344 3.08069 8.05538 5.38996 4.07942 7.06425 8.12572 5.17824
internal_count=5991 3987 2866 1121 2004 1018 333 339 272 242 685 2715 573 146 2142 1443 1186 103 699 524 1665 664 189 475 164 1635 1484 705 451 254 257 779 593 81 151 89 151 169 75 88 68 134 67 65 175 127
cat_boundaries=0 1 2 3 4 5
cat_threshold=2 1 2 1 1
is_linear=0
shrinkage=0.045618


Tree=123
num_leaves=44
num_cat=6
split_feature=9 8 8 2 9 9 8 8 8 4 1 1 3 8 8 8 6 1 8 1 8 8 8 8 1 8 3 5 1 1 8 1 8 1 8 1 1 1 8 1 8 8 8
split_gain=4.36791 4.49811 8.39127 5.79921 4.13017 8.55308 3.95667 6.87612 3.50568 3.99286 3.78103 3.39537 3.02623 2.99654 2.84542 2.61677 4.00405 4.4165 3.6586 3.60511 4.81833 2.55762 2.25411 2.23393 2.50476 2.08744 2.07005 1.86714 2.96625 1.74257 4.16857 2.83337 1.6749 1.35234 1.09864 1.09176 1.07336 1.05673 0.911439 0.574374 0.551759 5.916 0.261596
threshold=0 27.906851076410565 28.699296493860874 0.99977195935954721 1 2 31.902756250700431 31.028525551788011 36.459833056514491 3 66.372319750743188 51.007348083856364 0.028159246728501789 45.387584444699861 27.573017811177955 27.203168648674119 4 65.979452174386651 28.285576588577086 79.001800853160489 29.402374006002102 27.972657389979073 34.302398866847476 27.492795631588436 46.046992983424225 37.813142355451383 0.068577036387425919 5 68.992685870561175 50.999562327306911 30.99585718815862 71.485938690576774 22.602111253296439 53.938484311053749 31.800334325944537 62.002746113409124 75.985446414278286 57.993845923012096 30.99585718815862 65.979452174386651 28.188391085245808 28.400424966028059 22.40195177542692
decision_type=9 2 2 2 9 9 2 2 2 9 2 2 2 2 2 2 9 2 2 2 2 2 2 2 2 2 2 9 2 2 2 2 2 2 2 2 2 2 2 2 2 2 2
left_child=1 23 3 36 15 6 7 11 12 10 13 -6 29 -10 -13 16 42 -18 21 20 -20 -17 -8 24 -1 -11 37 28 35 30 -4 -31 -29 -34 -22 -26 40 -24 -14 -23 -3 -42 -2
right_child=4 2 8 -5 5 -7 22 -9 9 25 -12 14 38 -15 -16 18 17 -19 19 -21 34 39 26 -25 27 -27 -28 32 -30 31 -32 -33 33 -35 -36 -37 -38 -39 -40 -41 41 -43 -44
leaf_value=-0.043321444899065649 -0.021101140587544535 0.047751868887320748 0.02688090180708827 -0.021046791988773635 -0.043443420713742513 0.033283379499690353 -0.050854762800987725 0.059321030125917301 -0.032015123136164447 0.082954383934016357 0.032592166881198259 0.022109729271276874 0.026836486942140841 0.020365876817273379 -0.0088123374951463856 -0.0014710840120938514 -0.043797329834954393 0.024423633438816945 -0.046287388054213181 0.038958591917514947 -0.012006571568482168 0.055776638758614654 -0.0067691806010961213 -0.045931926575110874 -0.018477708069402899 0.0074315002794464189 0.025332364168859488 -0.020261444570788725 -0.042284597727928613 -0.033552382484905517 -0.041236381374651424 -0.0074040911961427754 0.03255374891206287 0.0027100507899839952 0.0056652285165069783 0.017350098061017463 0.013234510577343277 -0.04712354645244874 -0.0010202822031446506 0.024717579013373181 -0.020393452770828841 0.071234297056041493 -0.05059263483232556
leaf_weight=4.47304618731141 2.2924426505342126 10.600499370135372 5.0578925986774257 4.4384069293737403 3.0106707161758157 24.280563118867576 3.4701051267329595 4.6744133941829196 6.9738373165018839 1.9409766225144278 4.872742136940361 11.951032159384342 4.2068097153678519 2.9987087063491344 12.091803178191183 4.2934157573617986 2.6270520093385112 6.1754604401066899 5.2755847249645731 3.7348952684551469 10.661467518424613 3.6198565862141532 4.7645313104148936 4.2808244053740045 3.5817280691117057 1.5552763503510503 2.5388440554961562 4.8225281368941095 8.7977518402039987 18.393296318594366 2.6672444050200284 17.752508211880922 3.8806072361767319 16.780932412482798 22.170033204369247 3.052625335752964 4.854524307884275 2.0533944703638554 4.5313479462638497 4.434001199901104 2.7284916038624933 2.6255973391234875 4.5873899548314512
leaf_count=776 30 101 123 31 168 1993 47 38 153 22 42 89 60 60 99 38 58 58 59 30 108 27 98 69 51 59 27 50 55 249 189 146 43 139 264 25 52 20 45 44 48 32 76
internal_value=0.00213844 -0.00333315 0.00214205 0.0246595 0.00762479 0.0150267 0.000611669 0.00952297 -0.00583314 0.0110769 7.34715e-05 0.000290925 -0.0118679 -0.0155543 0.00636035 -0.000575832 -0.0170136 0.00281384 0.00400894 -0.00232506 -0.00672954 0.0256437 -0.0202773 -0.0146942 -0.011409 0.0534118 -0.00739968 -0.00756084 -0.0153836 -0.0168017 0.00209734 -0.0210011 0.00216566 0.00889107 0 -0.00105377 0.0348205 -0.0208769 0.0120149 0.0405167 0.0407398 0.0244314 -0.0425805
internal_weight=284.575 145.868 96.1982 25.2475 138.707 68.8354 44.5548 31.7279 70.9506 18.3415 14.8453 27.0535 52.6091 9.97255 24.0428 69.8716 15.6823 8.80251 54.1893 41.842 38.1071 12.3473 12.8269 49.67 45.3892 3.49625 9.35677 40.9162 15.4321 43.8709 7.72514 36.1458 25.4841 20.6615 32.8315 6.63435 20.8091 6.81793 8.73816 8.05386 15.9546 5.35409 6.87983
internal_count=5991 2620 1412 264 3371 2579 586 394 1148 336 255 356 812 213 188 792 222 116 570 461 431 109 192 1208 1139 81 145 363 131 707 312 395 232 182 372 76 233 118 105 71 181 80 106
cat_boundaries=0 1 2 3 4 5 6
cat_threshold=5 2 8 2 2 9
is_linear=0
shrinkage=0.045618


Tree=124
num_leaves=46
num_cat=4
split_feature=8 8 2 8 7 7 7 8 7 7 8 4 8 7 2 7 7 7 7 8 7 7 7 7 8 7 8 3 7 7 8 7 8 0 8 8 7 7 4 8 4 8 7 7 7
split_gain=3.55665 3.23619 4.30139 5.27683 7.08023 4.03803 3.76428 3.67804 2.94468 5.05109 2.87703 2.80333 2.62136 2.49292 2.62609 2.45556 5.70577 4.70279 3.474 2.47078 2.41188 2.27254 2.25618 2.0401 1.84317 1.76182 2.50329 1.68596 3.56207 3.52258 1.52268 2.29856 1.46933 1.19408 0.994048 0.982901 0.915259 0.79392 0.62614 0.3486 0.338234 0.240928 0.209916 0.192266 0.173709
threshold=26.201164048725371 28.699296493860874 0.99977195935954721 28.00073044985545 96.270000000000024 97.465000000000018 223.59660307484179 28.700156530072054 82.435000000000016 73.409226198819439 24.107338497976567 0 24.407058295166923 241.90397689840748 0.10206404746114346 197.55360694077675 208.09640910423931 160.13507499983595 211.19340922552695 42.700836363645372 103.28922227186466 180.77066635754616 92.708553661258506 225.14491753954491 24.600353907024164 213.52826872502001 28.188391085245808 0.99894807841205846 192.76879782768353 116.04749374590928 23.903372770532382 79.033286701613804 31.208028196170577 1 26.678900664970318 31.902756250700431 67.910000000000011 77.002885607562334 2 22.40195177542692 3 33.606349557707432 77.002885607562334 74.840763481171109 80.817096056165965
decision_type=2 2 2 2 2 2 2 2 2 2 2 9 2 2 2 2 2 2 2 2 2 2 2 2 2 2 2 2 2 2 2 2 2 9 2 2 2 2 9 2 9 2 2 2 2
left_child=8 2 3 4 11 -6 25 -3 9 10 36 34 30 15 -15 17 35 19 -18 -9 -7 37 38 27 -12 26 -5 28 29 -24 31 43 -19 -26 -2 -17 -1 -4 -10 -38 -40 -16 -14 -11 -33
right_child=1 7 21 6 5 20 -8 13 22 12 24 -13 42 14 41 16 18 32 -20 -21 -22 -23 23 -25 33 -27 -28 -29 -30 -31 -32 44 -34 -35 -36 -37 39 -39 40 -41 -42 -43 -44 -45 -46
leaf_value=-0.055769519317515524 -0.0018018248967645472 -0.052389759248431166 -0.0058317452811814524 0.038541512544963075 0.10474153129922546 -0.030667659482164867 -0.028741902889472759 0.0019395986633828236 -0.049699109230491902 0.055843926484349792 0.03621095162172823 0.027477122659093613 0 -0.0079196520622876587 0.02142587012324236 -0.016084735602742203 0.048727097975794581 -0.0007535130636620132 -0.005313959320427491 -0.031935186186560501 0.023642805610274965 0.012545427055630158 0.0021694363287528095 -0.054371028473534373 -0.037269145594080615 0.073600180042193764 0.010816654787253794 -0.035190948553236623 0.041284717621366367 -0.042295053754026514 0.076502105254375008 0 0.03457552058577644 0.0062401353448286144 -0.033880892351861723 -0.055885287825959577 -0.031846524578457623 -0.037059149706423933 -0.021956789126393317 0 0.016921657420009315 0.06364207441815728 -0.021707166967084548 0.027423519671072302 -0.027979318087702352
leaf_weight=3.145432384451853 3.0550843901000944 2.425294801592826 3.4559296965599042 20.793170302640647 1.0198155022226263 1.6667028993833799 1.9609556887298811 89.449042083928362 4.6955220410600296 1.9019087394699434 2.241680741077289 2.015390400774776 1.2506932646501803 2.0297284796833983 1.253200648352504 2.6866017412394276 2.5506995543837574 2.6260772608220568 23.321016561472788 4.4995014844462267 13.270347143523393 4.8852935703471294 13.59472230775283 1.8537830724380899 1.9973907319363207 2.1027495902962974 11.397670187987385 3.4287971239536992 3.1955502105411133 4.7609064211137584 1.5684375097043801 1.0473021173384038 11.995120372390373 2.6519030707422644 10.052760862279682 5.0942214098758996 1.1531355159822854 4.9513552021235228 1.223148109158501 1.6579412557184694 0.33257003407925334 2.4554250696673989 1.6187218620907513 4.3668878064490855 0.86356340441852797
leaf_count=113 58 27 38 357 20 46 16 1768 99 23 35 96 34 43 37 41 52 85 366 115 331 41 449 17 55 36 254 29 65 185 18 47 224 58 196 51 46 45 134 38 14 64 42 109 30
internal_value=0.00234621 0.00490798 0.0122751 0.0169869 0.00292943 0.0241417 0.0287787 0.000904892 -0.00763622 0.00381396 -0.0159029 -0.0190697 0.024307 0.00189515 0.0308404 0.000638774 -0.0100366 0.0040184 0.000131316 0.0001819 0.0168225 -0.0110213 -0.0166045 -0.0103649 0.00343284 0.0324069 0.0290543 -0.00641643 -0.00125 -0.00938229 0.0355768 0.025232 0.0278901 -0.0119872 -0.0270221 -0.0437235 -0.0386259 -0.0254111 -0.0411911 -0.0147868 -0.00907556 0.0529187 -0.0117662 0.0385707 -0.0150657
internal_weight=289.563 231.013 80.6272 67.3346 31.0801 15.9569 36.2545 150.386 58.55 25.465 12.8475 15.1232 12.6175 147.961 5.73835 142.222 33.6525 108.57 25.8717 93.9485 14.9371 13.2926 33.085 26.8338 6.89097 34.2936 32.1908 24.98 21.5512 18.3556 9.7481 8.17966 14.6212 4.64929 13.1078 7.78082 5.95651 8.40728 6.25124 2.81108 1.55572 3.70863 2.86942 6.2688 1.91087
internal_count=6047 4407 1534 1410 747 397 663 2873 1640 648 345 350 303 2846 144 2702 510 2192 418 1883 377 124 992 745 148 647 611 728 699 634 227 209 309 113 254 92 197 83 247 84 148 101 76 132 77
cat_boundaries=0 1 2 3 4
cat_threshold=2 1 2 1
is_linear=0
shrinkage=0.045618


Tree=125
num_leaves=43
num_cat=4
split_feature=8 1 1 8 7 8 7 1 8 0 1 1 7 1 1 7 4 8 3 8 8 7 7 8 0 7 7 7 7 7 7 7 7 7 1 7 1 0 1 1 1 1
split_gain=3.27741 3.93091 3.17516 2.96684 3.94928 5.4615 5.11246 4.11901 3.46719 3.18877 3.13582 5.18639 4.7148 3.27185 6.46895 3.55591 2.90381 2.39113 2.05461 1.93965 4.24013 2.25232 2.61411 1.93369 2.27906 1.92916 2.08344 3.1878 1.75492 1.73971 1.53222 1.50848 2.48183 1.43115 1.37984 1.35409 1.1123 1.02284 0.927834 0.903868 0.130713 0.303015
threshold=26.201164048725371 77.002748449769257 81.999717400665148 28.699296493860874 92.987252025185555 28.00073044985545 230.64270841488141 50.518169075314233 28.700156530072054 0 79.001800853160489 77.999570706233882 113.22500000000001 57.993845923012096 56.001575699917957 106.66500000000002 1 26.600623759824767 0.99894807841205846 20.115729053509749 20.792599856950201 94.75500000000001 67.910000000000011 28.188391085245808 2 131.53223193161523 104.08500000000002 79.805000000000021 82.620814347780225 199.85176526112011 95.105513666174446 77.002885607562334 69.339564477395172 192.76879782768353 58.013625005975413 77.002885607562334 57.161292024337833 3 80.999720207744019 63.906134626296996 18.004440751939025 67.987173944602134
decision_type=2 2 2 2 2 2 2 2 2 9 2 2 2 2 2 2 9 2 2 2 2 2 2 2 9 2 2 2 2 2 2 2 2 2 2 2 2 9 2 2 2 2
left_child=1 18 25 4 5 16 7 -6 -5 34 11 13 38 14 -10 -15 31 -11 19 -1 -21 22 -22 28 -25 26 27 35 36 -14 -29 32 -2 -23 -9 -3 -7 -13 -12 -26 -18 -42
right_child=3 2 -4 8 6 23 -8 9 10 17 12 37 29 15 -16 -17 40 -19 -20 20 21 33 -24 24 39 -27 -28 30 -30 -31 -32 -33 -34 -35 -36 -37 -38 -39 -40 -41 41 -43
leaf_value=-0.045334527645211301 -0.041073473322468967 0.015547559368975497 -0.03570879523598669 -0.051597963650810243 -0.034358495962940175 0 -0.035784231740278151 -0.014531443579457438 0.0027154963877710119 0.080910420357961296 0.05271502222972034 -0.051624324275143359 -0.037273588584063648 -0.017569406308497015 0.044353578522080252 0.0032673352579418832 0.041743495906410105 0.032881219995588518 -0.054150081732943632 0.050078334310390771 -0.044313779387305886 -0.038215208466806989 0.0039074290619825498 -0.036935358155056441 0.038996689673361187 -0.025516053351989115 0.057457650159538722 -0.031761405751568016 -0.0043391494256815825 0.011627337551876804 0.01440003860471533 -0.044200695103072951 0.007818075771097022 0 0.018479036386225056 0.058152773559438306 0.041510551144107719 -0.012688738358534376 0.021076349960352025 -0.00086729777398987572 -0.0097965320764254789 0.02729514694530448
leaf_weight=3.3352619826328 3.4275418636389059 5.6180902961641639 2.6721461471170178 2.3550956046674392 2.0541873727925113 1.5400830013677502 2.843866608105599 2.8303395402617779 43.836583333322778 2.6484027761034694 5.363492592237888 4.3109083301387718 2.7435110774822524 27.141066370066255 9.339591895695774 44.144758644979447 0.92853741254657629 20.207712416537106 2.6657236088067284 2.0995621982729089 2.5208058529533508 8.7013831125805137 15.210277516162021 2.4053990163374683 1.8267439035698774 1.8268803255632509 2.5675709834322324 3.4229221185669294 2.5866981274448326 2.6756568234413862 2.1593971140682697 5.943616606062279 4.7971290200948715 2.7104269140399984 14.450621001888065 2.5244884919375181 8.6759816789999586 3.0282628610730171 5.0644415291026235 2.1134312790818512 0.50132059259340145 0.64018612029030919
leaf_count=335 69 91 19 27 129 26 22 22 1170 48 115 42 30 397 180 771 10 436 20 71 83 310 419 51 41 38 58 61 33 53 37 92 98 54 151 44 166 48 40 54 37 49
internal_value=0.00224151 -0.00738784 0.00824989 0.00469844 0.0117615 0.000165775 0.020691 0.0248066 0.00085874 0.0281558 0.00181129 -0.000460755 0.0208506 0.00171592 0.0102943 -0.00460753 -0.0189833 0.0394173 -0.0162817 -0.0128671 -0.00891724 -0.0137149 -0.00304773 0.0167576 -0.00292444 0.015415 0.0206547 0.012544 0.0268799 -0.0124974 -0.0129556 -0.0266011 -0.012343 -0.02939 0.0126038 0.0306568 0.0353098 -0.0372016 0.0386702 0.0171703 0.0280264 0.00742749
internal_weight=288.46 58.0349 20.7915 230.425 80.4218 35.3867 45.0351 42.1913 150.003 40.1371 147.648 131.801 15.8471 124.462 53.1762 71.2858 16.2383 22.8561 37.2434 34.5777 31.2425 29.1429 17.7311 19.1483 6.34557 18.1193 16.2925 13.7249 12.8028 5.41917 5.58232 14.1683 8.22467 11.4118 17.281 8.14258 10.2161 7.33917 10.4279 3.94018 2.07004 1.14151
internal_count=6047 1640 348 4407 1534 726 808 786 2873 657 2846 2608 238 2518 1350 1168 355 484 1292 1272 937 866 502 371 146 329 291 233 225 83 98 259 167 364 173 135 192 90 155 95 96 86
cat_boundaries=0 1 2 3 4
cat_threshold=2 2 1 1
is_linear=0
shrinkage=0.045618


Tree=126
num_leaves=36
num_cat=5
split_feature=6 6 4 4 1 7 7 3 4 7 1 7 7 1 1 1 1 1 7 7 2 7 7 1 1 7 7 1 3 1 1 7 7 7 7
split_gain=2.8668 17.7485 4.63095 4.02139 3.0034 3.70501 4.31413 2.80604 2.63896 3.14059 2.98032 2.56839 2.31964 2.54805 2.27846 2.01716 2.78938 2.21581 2.2555 2.70764 2.14489 2.07208 1.78123 1.62284 1.56346 1.53483 1.46423 1.21384 1.03921 1.12653 3.11135 0.858458 5.79333 1.96524 0.328415
threshold=0 1 2 3 73.004143482794049 93.25534506633845 59.875000000000007 0.99894807841205846 4 94.75500000000001 74.937935396884527 209.32088574367808 95.105513666174446 68.992685870561175 77.999570706233882 76.963130737918092 79.001800853160489 75.002921032621373 60.820073061288234 92.265000000000015 0.99977195935954721 77.354349526898872 110.70313925695716 57.993845923012096 32.319809730690139 75.830582757557877 78.155743006061741 78.270143756471697 0.11605189001297951 49.995846964799846 48.948386201728212 77.002885607562334 82.190000000000012 62.722161286027976 73.409226198819439
decision_type=9 9 9 9 2 2 2 2 9 2 2 2 2 2 2 2 2 2 2 2 2 2 2 2 2 2 2 2 2 2 2 2 2 2 2
left_child=2 8 28 4 5 6 -4 31 15 14 11 -11 -7 -14 24 17 22 18 -2 -20 21 -18 34 -8 25 -10 -26 -12 29 30 -1 33 -33 -6 -17
right_child=1 -3 3 -5 7 12 23 -9 9 10 27 -13 13 -15 -16 16 20 -19 19 -21 -22 -23 -24 -25 26 -27 -28 -29 -30 -31 -32 32 -34 -35 -36
leaf_value=-0.039732810973918467 -0.043669129877637256 0.046298612957469898 0.028103162154127618 0.050340850486644211 0.026055249589890528 0.042569999037826677 -0.013487435304614012 -0.020741455018051552 0.026708615451940473 -0.048120576555125923 0.048489936148683355 0.026036529116371956 0.003829281703569368 -0.022802167604067121 -0.01811813927184475 -0.02275654471954092 0.039243849162652403 0.027047162877853439 0.010719469362783909 -0.0055212842029026101 -0.026008269037045246 -0.0022757866193877101 -0.0061067068094135483 -0.040319856838770242 0.015293873844549201 -0.033464410145774746 0.058053057056013692 -0.0015947705590616107 -0.0020401278171375986 -0.058600773463536239 0.069053108078987513 0.069962107401864107 0.0084305400908951736 -0.015522124269556679 -0.051079573518292072
leaf_weight=2.2311444288352509 2.1765433689579359 20.944272573105991 2.9824231294915107 3.0614547524601212 4.0155865582637507 2.4205126164015374 10.062383481068538 5.0211672261357299 2.5429643779061766 3.6249530890490851 1.773069001734257 1.0283972476609049 36.953786858357489 9.1056435722857696 1.6283830050379027 3.0356900156475621 3.7835169024765474 6.5914022643119088 36.550930337281898 50.440782745368779 3.6981536112725726 5.9471700270660222 5.7575752823613584 11.190505708567796 3.143865609308703 1.0353375398553906 6.1228948589414358 1.555252580437809 2.0794226936995983 3.8369653187692165 0.47063085436820973 3.774231628514829 17.97717625554651 5.0593814793974161 4.462643485981971
leaf_count=498 47 1421 41 87 43 33 296 25 111 205 41 30 560 69 19 28 53 76 558 673 18 68 62 161 65 165 137 29 17 39 2 50 189 48 50
internal_value=0.00336747 0.00726017 -0.00195306 0.000506964 -0.000937399 -0.00631278 -0.0208023 0.00976591 0.00151433 0.0158297 -0.00641773 -0.0300242 0.000862081 -0.00138191 0.0284382 -0.00108316 -0.0121546 0.00195727 0 0.00124051 0.00209814 0.0137382 -0.0268604 -0.0281682 0.0350189 0.00674458 0.0448789 0.0246439 -0.0337616 -0.0425399 -0.0149584 0.0150452 0.0199702 0.00238009 -0.0413739
internal_weight=286.086 165.844 120.242 111.624 108.563 72.7153 24.2353 35.8475 144.9 22.4551 7.98167 4.65335 48.4799 46.0594 14.4734 122.444 26.6847 95.7597 89.1683 86.9917 13.4288 9.73069 13.2559 21.2529 12.8451 3.5783 9.26676 3.32832 8.61816 6.53874 2.70178 30.8264 21.7514 9.07497 7.49833
internal_count=6014 3856 2158 1602 1515 1160 498 355 2435 802 305 235 662 629 497 1633 279 1354 1278 1231 139 121 140 457 478 276 202 70 556 539 500 330 239 91 78
cat_boundaries=0 1 2 3 4 5
cat_threshold=1 2 1 2 2
is_linear=0
shrinkage=0.045618


Tree=127
num_leaves=39
num_cat=7
split_feature=6 6 4 4 1 7 7 4 0 7 1 1 1 0 1 7 7 2 7 7 1 7 1 7 7 7 7 7 7 7 1 1 1 1 1 1 1 7
split_gain=2.6333 17.0679 4.34561 3.81186 2.75074 3.43924 4.00428 2.446 3.29784 4.06852 2.25788 1.86581 2.58969 2.56888 2.04145 2.14004 2.4624 1.97174 1.9196 1.78948 2.16193 1.61385 1.54515 1.52521 1.21612 5.90201 3.67353 2.31815 1.4155 1.02027 0.99815 0.995696 1.12753 2.88521 0.795938 0.7736 2.65698 0.670988
threshold=0 1 2 3 73.004143482794049 93.25534506633845 59.875000000000007 4 5 98.430000000000021 74.937935396884527 76.963130737918092 79.001800853160489 6 75.002921032621373 60.820073061288234 92.265000000000015 0.99977195935954721 77.354349526898872 96.99493988790671 68.992685870561175 110.70313925695716 57.993845923012096 209.32088574367808 104.08500000000002 91.660512747630278 195.67609651229165 77.927445305353913 133.50002061229176 61.016773317952989 78.96224711734142 81.004436784089364 49.995846964799846 48.948386201728212 54.222411975406239 48.948386201728212 47.663582317456481 94.75500000000001
decision_type=9 9 9 9 2 2 2 9 9 2 2 2 2 9 2 2 2 2 2 2 2 2 2 2 2 2 2 2 2 2 2 2 2 2 2 2 2 2
left_child=2 7 29 4 5 6 -4 11 23 30 -11 14 13 -13 15 -2 -17 18 -14 37 -21 -15 -8 35 25 27 28 -6 -26 -1 34 32 33 -31 -10 36 -9 -7
right_child=1 -3 3 -5 24 19 22 8 9 10 -12 12 17 21 -16 16 -18 -19 -20 20 -22 -23 -24 -25 26 -27 -28 -29 -30 31 -32 -33 -34 -35 -36 -37 -38 -39
leaf_value=0.014958416800594577 -0.04325408486995691 0.046204861983912847 0.026600400816316594 0.049837646798552841 -0.0019111377828637515 0.044362444430994616 -0.013006237064722538 -0.036022732101470459 0.025522331300473065 -0.042186690880029555 0.021520035506017846 -0.048707701490526084 0.037853932929317824 -0.026316969659224011 0.026035680783611556 0.010197823681373128 -0.0052787188949454215 -0.025036276464897651 -0.0021763077359630424 0.0030799147549966065 -0.0217045880114283 0.014674890065102171 -0.039411169520868906 0.036390703621736721 0.018802911931138425 -0.053514207643413719 -0.0044605538810404159 0.029798229774091339 0.062179694222917213 -0.039242372305030651 0.0024748747904590851 0.0042842533597867074 -0.056495569006208606 0.065761835256846077 0.055693956333917528 -0.039803527474020495 0.070350237042452579 0.00578679987725056
leaf_weight=0.55871086404658843 2.1009911769069722 20.050399728352204 3.0184195456095066 2.9559056758880606 10.028689648024743 2.2779491152614346 9.9688065787777322 1.2911294833756981 5.0363286295905763 2.2748378231190136 1.8440046352334318 5.6851467937231064 3.7521195518784207 4.0506330183707195 6.5445477925240985 36.675910844933242 50.363569159293547 3.6753382608294478 5.9451638073660433 34.928639188641682 8.9756120666861516 3.3829723317176104 10.937138566281645 0.73091212403960515 4.1196328825317305 3.1125664673745623 6.6090914956294 8.3893163679167611 3.5373743767850101 2.0476281486917292 1.8209056258201588 0.75717547070235003 4.5770816644653678 0.48209478706121434 5.9043102124705911 2.7857397529296577 0.50805756077170361 2.3166767554357648
leaf_count=30 47 1421 41 87 97 28 296 219 228 106 56 51 53 49 76 558 673 18 68 511 68 40 161 15 26 22 57 98 55 471 18 7 46 2 135 21 4 55
internal_value=0.00323951 0.00699021 -0.00186809 0.000497201 -0.000888776 -0.00605022 -0.0201314 0.00144048 0.0153129 0.0252471 -0.0125708 -0.00105116 -0.0117461 -0.0260107 0.00186439 0 0.00118013 0.00197775 0.0131663 0.000825836 -0.00192627 -0.00695714 -0.0273757 -0.0148602 0.00935424 0.00212797 0.0196361 0.0123739 0.0407831 -0.0330491 0.0379402 -0.0375392 -0.042843 -0.0133817 0.0431222 -0.025592 0 0.0273355
internal_weight=284.022 164.423 119.599 111.176 108.22 72.4232 23.9244 144.373 22.1962 16.8804 4.11884 122.176 26.4914 13.1188 95.685 89.1405 87.0395 13.3726 9.69728 48.4989 43.9043 7.43361 20.9059 5.31584 35.7967 21.5306 14.2661 18.418 7.65701 8.42269 12.7615 7.86398 7.1068 2.52972 10.9406 4.58493 1.79919 4.59463
internal_count=6014 3856 2158 1602 1515 1160 498 2435 802 543 162 1633 279 140 1354 1278 1231 139 121 662 579 89 457 259 355 217 138 195 81 556 381 526 519 473 363 244 223 83
cat_boundaries=0 1 2 3 4 5 6 7
cat_threshold=1 2 1 2 2 2 2
is_linear=0
shrinkage=0.045618


Tree=128
num_leaves=23
num_cat=3
split_feature=1 3 3 7 7 7 7 7 7 1 7 6 0 7 7 7 7 7 7 1 1 0
split_gain=4.60542 2.08124 10.3227 4.01651 3.53044 2.56976 3.08292 2.68388 5.03807 2.04348 1.93394 1.43873 1.27819 1.57759 5.04644 2.54261 1.23005 4.1265 1.15577 2.09213 0.729811 0.601515
threshold=81.999717400665148 0.99894807841205846 1.0000000180025095e-35 197.55360694077675 208.09640910423931 160.13507499983595 176.30840516384214 116.72824308156909 130.17600720105398 73.004143482794049 184.12666282161379 0 1 219.77696615317103 206.49016870963644 234.95710797700426 232.31323960145275 220.15774690439702 143.36701218771179 71.991119479914218 50.003759767049829 2
decision_type=2 2 2 2 2 2 2 2 2 2 2 9 9 2 2 2 2 2 2 2 2 9
left_child=1 2 3 5 18 7 20 9 -9 -1 -8 -6 16 14 -14 -15 17 -5 19 -3 -7 -13
right_child=-2 4 -4 12 11 6 10 8 -10 -11 -12 21 13 15 -16 -17 -18 -19 -20 -21 -22 -23
leaf_value=0.002483340511889337 -0.03054889410097578 0.010341233054871172 0.045700861366901727 -0.0077518751027116249 -0.0073620189525131635 0.087928532098899878 -0.016216333703635687 -0.050077120111888231 0.003654306876557897 0.013811612212187034 0.021197509870455895 0.011221007309774782 0.014033099396367881 0.025337573908150942 -0.043863253181206305 -0.021362447822088095 0.00092158061813904968 -0.065244792908039945 -0.034000231420722685 -0.024839248558351738 0.036388746448226941 0.040619158226837662
leaf_weight=108.32991792680696 8.0179776004515571 5.696611806284638 12.398041499545796 8.4627135470509547 4.2517109215259534 1.1091934114228958 3.8290657831821582 5.0574211230268729 11.007294306764377 48.838694260921329 8.9304040235001576 4.6104522040113807 6.0984478439204413 7.1379859047010523 5.8495809601154178 3.3016468270216137 3.9143665144219986 3.7961706891655913 6.6945882351137689 7.9827377088367939 4.0518562840297818 3.0018636123277247
leaf_count=2847 58 53 892 72 21 34 45 166 222 769 155 42 101 105 75 50 39 27 42 56 92 52
internal_value=0.00298861 0.00401458 0.00547917 0.0032406 -0.00675591 0.0059712 0.0223958 0.00421054 -0.0133144 0.00605719 0.00940609 0.0125763 -0.0100926 -0.00265345 -0.0140723 0.00984949 -0.0198398 -0.0268715 -0.0183303 -0.00980586 0.0516922 0.0244068
internal_weight=282.369 274.351 242.113 229.715 32.238 191.154 17.9205 173.233 16.0647 157.169 12.7595 11.864 38.5609 22.3877 11.948 10.4396 16.1733 12.2589 20.3739 13.6793 5.16105 7.61232
internal_count=6015 5957 5691 4799 266 4330 326 4004 388 3616 200 115 469 331 176 155 138 99 151 109 126 94
cat_boundaries=0 1 2 3
cat_threshold=1 2 2
is_linear=0
shrinkage=0.045618


Tree=129
num_leaves=27
num_cat=2
split_feature=1 1 1 8 8 8 7 8 7 7 8 8 8 8 8 8 7 7 7 1 6 7 7 8 6 1
split_gain=4.23536 1.65127 4.0533 3.99445 3.11011 3.60735 2.87567 6.76641 3.10055 2.89519 4.0717 4.35706 2.81332 3.62302 2.13168 2.48831 3.15825 1.95798 1.79337 1.70642 3.74337 1.63149 3.98549 1.42329 1.35969 0.298659
threshold=81.999717400665148 67.001504294392788 63.906134626296996 28.285576588577086 23.63081848217578 24.001284893037823 241.90397689840748 30.402398677635684 196.38595991379725 156.35688557101278 34.407419943498837 33.507969209858764 25.502828488681718 32.003418625309287 26.001904519691667 27.082049600064039 217.92950017205948 211.19340922552695 74.123238576005846 74.937935396884527 0 75.512346055105283 73.917481169574771 27.492795631588436 1 43.018711562990283
decision_type=2 2 2 2 2 2 2 2 2 2 2 2 2 2 2 2 2 2 2 2 9 2 2 2 9 2
left_child=1 2 4 23 17 -6 8 -8 9 10 11 -3 25 -14 -10 -16 -17 21 -12 -11 -21 22 -1 24 -4 -7
right_child=-2 6 3 -5 5 12 7 -9 14 19 18 -13 13 -15 15 16 -18 -19 -20 20 -22 -23 -24 -25 -26 -27
leaf_value=-0.036714402791676856 -0.029414428823557166 0.0074630884443790714 -0.042318958535574332 -0.040954137766049559 0.055104382895920755 -0.00027525889359721333 -0.041471021159556337 0.066745883056528177 -0.050045003894274957 0.051466226453179137 -0.00040390394443474791 0.057609588410217821 0.012471073979577722 -0.004303166745581101 0.034788107272869837 -0.025559792922459558 0.0080341399390667714 0.039314021923724636 -0.048992396298559969 -0.03189477545275278 0.041798172955055966 -0.044547115202025228 0.057924189144431239 0.01919642156895103 0.0060708348329991295 -0.031570657141382269
leaf_weight=2.4573551223147629 7.95705343177542 73.161569678224623 1.9919642247259617 8.9129002811387164 2.7713044530246398 1.212112187873571 1.3939313106238831 4.3389201175887138 2.0336516196839538 5.0738075540866685 3.336048775818198 3.6421605763025573 66.623094123206101 43.87132909311913 2.88489667256363 11.300742552150043 11.237416276941074 0.73573969700373787 3.3350872099399567 2.0953903961926699 3.4145336945075542 5.0295881873462349 1.1924279856029896 4.5953635224141181 2.1629548217169958 4.5395259568467736
leaf_count=151 58 1332 25 144 49 131 14 106 26 113 50 25 1470 1056 50 146 201 14 34 11 88 510 23 50 43 95
internal_value=0.00286525 0.00385005 0.000492967 -0.0198106 0.00336219 0.00541289 0.00764807 0.0388369 0.00605955 0.0100202 0.00702851 0.0100759 0.00407537 0.0057591 -0.00725525 -0.00319897 -0.00861774 -0.0214559 -0.0263706 0.0324294 0.0125376 -0.0281328 -0.00268078 0.00149383 -0.0166376 -0.0262688
internal_weight=281.301 273.344 146.096 17.6632 128.432 119.017 127.248 5.73285 121.515 94.0586 83.4749 76.8037 116.246 110.494 27.4567 25.4231 22.5382 9.41511 6.67114 10.5837 5.50992 8.67937 3.64978 8.75028 4.15492 5.75164
internal_count=6015 5957 3761 262 3499 2801 2196 120 2076 1653 1441 1357 2752 2526 423 397 347 698 84 212 99 684 174 118 68 226
cat_boundaries=0 1 2
cat_threshold=2 2
is_linear=0
shrinkage=0.045618


Tree=130
num_leaves=35
num_cat=5
split_feature=0 0 7 7 7 7 2 7 3 7 7 7 2 7 9 7 2 7 7 7 7 7 2 2 7 7 6 2 7 7 6 7 7 7
split_gain=4.37828 14.0872 4.4645 3.15857 2.03979 3.42174 3.68674 2.94417 2.79728 3.73478 2.19847 1.868 1.72631 1.70259 1.55348 3.28827 2.96941 4.37333 2.53859 3.06019 2.34225 1.77444 4.83037 2.46312 1.46583 1.15718 1.15349 1.12975 1.51565 1.0549 1.15163 0.922283 0.882682 0.302804
threshold=0 1 227.96000000000001 68.345000000000013 78.357676367935383 127.76500000000001 0.99977195935954721 116.72824308156909 1.0000000180025095e-35 184.12666282161379 234.95710797700426 81.691379389816262 0.99977195935954721 217.92950017205948 2 111.0784393295482 0.006572800900427834 100.78000000000002 165.09419819643026 194.15616731754213 109.66442626650682 168.75908475785027 0.99977195935954721 0.045278144215112233 88.170826344035632 62.475000000000001 3 0.99977195935954721 76.349603808578124 74.638024444246398 4 116.04749374590928 219.20343082186952 152.09649891308138
decision_type=9 9 2 2 2 2 2 2 2 2 2 2 2 2 9 2 2 2 2 2 2 2 2 2 2 2 9 2 2 2 9 2 2 2
left_child=3 2 14 26 27 6 7 11 9 33 -11 -6 13 -10 18 16 17 -16 20 -20 24 23 -23 -17 -2 -18 -1 28 29 30 -5 -22 -21 -7
right_child=1 -3 -4 4 5 8 -8 -9 12 10 -12 -13 -14 -15 15 21 25 -19 19 32 31 22 -24 -25 -26 -27 -28 -29 -30 -31 -32 -33 -34 -35
leaf_value=-0.048889175444742312 -0.0073000799922127418 0.046321279582650206 -0.03990050308630895 -0.004681258421957513 -0.042855164582540552 0.02435065785434434 -0.047414689168779008 -0.056607839604560818 0.010323376162705431 -0.02062152284351813 0.014310928900287586 -0.0018103703685682559 -0.011283846138459362 0.044121348315416323 0.0027280163242518756 -0.048672726078563315 0.0062474701024099596 0.039531422984603728 0.040751516893403499 -0.0056739616894483863 -0.04787585728555168 0.02292126658260529 -0.044762741669386152 0.021780239710266196 0.0094724479696730209 0.0523001471009783 -0.0099092572720417358 -0.0064090419816227109 0.05415336841010604 -0.015693013369296554 0.031268443811403285 -0.011752838761804911 0.01808715628171351 0.0037578267319365055
leaf_weight=4.0462737209163606 34.318774909246713 17.040598435793072 4.7186914605554184 2.3606096208095551 2.3108932119794181 6.8252682526363042 5.851872516795992 2.2902611700119442 8.2266317165922391 19.677078972570602 4.2401066957972935 32.863592985086143 2.9652392519637933 5.7238043535035095 31.883698493125848 3.6471619838848701 1.8851321020629246 8.4705658712191489 5.7011320164892849 10.11113868607208 3.2136899402830741 7.1307491590268892 2.9013478197157383 1.1280045076273379 15.408919130451975 5.6971782753244042 3.4856891738018012 4.0554864890873423 2.1059002103283992 1.9913566021714357 5.0535696384031308 3.9667440011398867 4.4654476875439277 2.9850357105024159
leaf_count=81 558 1316 58 52 67 97 52 52 173 155 46 734 22 118 715 130 75 175 55 79 62 135 29 24 290 157 83 24 44 56 117 97 37 52
internal_value=0.00246338 0.00733801 0.00264065 -0.00421764 -0.00216111 -0.00474925 -0.0141566 -0.00855581 0.00320009 -0.00425051 -0.0140977 -0.00492665 0.0182873 0.0250892 0.00417861 0.00880083 0.0160312 0.0107752 -0.000574845 0.0130355 -0.0056652 -0.00822683 0.00221024 -0.030558 -0.00195948 0.0421379 -0.0324293 0.0129172 0.0202511 0.0109736 0.0191941 -0.0296838 0.00133966 0.018922
internal_weight=278.748 161.689 144.648 117.059 109.527 93.9598 43.3166 37.4647 50.6432 33.7275 23.9172 35.1745 16.9157 13.9504 139.93 62.7438 47.9366 40.3543 77.1858 20.2777 56.9081 14.8073 10.0321 4.77517 49.7277 7.58231 7.53196 15.5669 11.5114 9.40554 7.41418 7.18043 14.5766 9.8103
internal_count=6017 3992 2676 2025 1861 1568 905 853 663 350 201 801 313 291 2618 1440 1122 890 1178 171 1007 318 164 154 848 232 164 293 269 225 169 159 116 149
cat_boundaries=0 1 2 3 4 5
cat_threshold=2 1 12 2 1
is_linear=0
shrinkage=0.045618


Tree=131
num_leaves=31
num_cat=3
split_feature=0 0 1 7 8 8 7 8 8 8 7 7 7 7 8 8 7 3 7 1 7 7 8 6 1 7 8 8 8 8
split_gain=4.03206 13.5609 6.00407 4.14416 3.32721 2.53008 4.80141 3.36584 4.13105 4.33293 3.06443 2.3589 2.19679 3.11245 3.59868 2.51517 2.32127 2.24559 2.48545 1.74822 5.10505 1.81977 1.36362 1.33485 1.1133 2.86534 0.344706 6.68068 0.214597 0.127395
threshold=0 1 53.938484311053749 227.96000000000001 45.387584444699861 40.424216642122914 220.15774690439702 37.293563301300807 34.407419943498837 34.075102768946316 74.401967656514628 67.546144025160146 68.345000000000013 78.357676367935383 28.699296493860874 27.101475503540279 127.76500000000001 1.0000000180025095e-35 213.52826872502001 60.970532941090745 92.265000000000015 91.290000000000006 28.100161250534335 2 53.327263697837992 59.875000000000007 29.672574451114404 29.775796703539815 30.693747033542113 38.714313052279032
decision_type=9 9 2 2 2 2 2 2 2 2 2 2 2 2 2 2 2 2 2 2 2 2 2 9 2 2 2 2 2 2
left_child=2 3 4 5 26 7 11 8 9 -2 -10 -7 -4 14 15 -14 19 18 -18 20 -15 -21 -19 -17 25 -9 -1 -28 -29 -26
right_child=1 -3 12 -5 -6 6 -8 24 10 -11 -12 -13 13 16 -16 23 17 22 -20 21 -22 -23 -24 -25 29 -27 27 28 -30 -31
leaf_value=-0.047111464869368652 0.0042181419811895106 0.046212676936847046 -0.027078595186816823 -0.038808728013811987 0.054138499838697299 0.011443968311554316 0.042399457052521551 0.054535091421629808 0.0067694025151706352 0.05528889806931097 -0.046910519209666678 -0.048585861200037231 0.00067352271934954095 0.027341320118300518 -0.023825487219423288 0.073439604854521917 0.0068619084823508059 -0.0013428513473150655 -0.020115724405604624 -0.040932102300933526 -0.031328909200751077 -0.010171314719273085 0.026326448383068749 0.027805987701933554 0.050696951615561314 -0.036133935264740978 0.079155760160150343 -0.0078158402674398855 -0.046740290684927667 0.026743009264864642
leaf_weight=6.1345835407264495 108.87303573684767 16.318582630017772 5.731497958302497 4.6380498884245744 0.64979438763111907 1.464164131321011 1.8345202463679013 1.0803422071039661 3.268806040985508 3.3889180922415099 5.4066477585583925 5.8421016342472285 3.6936729922890645 7.2964024608954769 2.6003775778226546 2.9022980127483606 19.949325846508149 4.711713413475084 10.662865397986023 5.4372800895944264 4.9941457449458539 17.884289072826505 11.900340656284241 4.3373258695937693 3.4783069733530283 1.4121065009385345 0.84546707151457656 0.83276773942634452 5.7742068433435634 3.6888643400743604
leaf_count=540 2091 1316 55 58 16 26 21 6 61 35 103 138 44 116 29 39 160 86 77 49 71 164 225 73 36 64 5 36 240 37
internal_value=0.00236196 0.00705496 -0.00406781 0.00252388 -0.0315906 0.00399772 -0.01878 0.00566788 0.00351217 0.00591781 -0.0263068 -0.0357425 -0.000110914 0.00148486 0.0216224 0.0332422 -0.00177733 0.0047564 -0.00240698 -0.0105924 0.00287356 -0.0179158 0.0181904 0.0485238 0.0313625 0.00206635 -0.0369203 -0.0266341 -0.0431493 0.0403488
internal_weight=277.033 160.694 116.338 144.376 14.2368 139.738 9.14079 130.597 120.937 112.262 8.67545 7.30627 102.102 96.37 13.5337 10.9333 82.8364 47.2242 30.6122 35.6121 12.2905 23.3216 16.6121 7.23962 9.65962 2.49245 13.587 7.45244 6.60697 7.16717
internal_count=6017 3992 2025 2676 837 2618 185 2433 2290 2126 164 164 1188 1133 185 156 948 548 237 400 187 213 311 112 143 70 821 281 276 73
cat_boundaries=0 1 2 3
cat_threshold=2 1 2
is_linear=0
shrinkage=0.045618


Tree=132
num_leaves=40
num_cat=4
split_feature=0 0 5 7 7 7 7 8 8 3 7 7 8 7 7 8 8 3 7 2 7 8 7 7 7 7 7 8 7 8 6 8 8 8 7 8 8 3 8
split_gain=3.43732 14.3657 2.43877 2.74213 4.9808 2.5196 3.88994 2.40277 3.46958 2.02342 2.01264 3.74744 4.68842 3.94455 5.15659 4.69098 2.68139 3.11052 2.87045 2.48085 1.9959 1.89852 1.79126 1.76173 1.95421 1.69085 3.23767 1.47593 1.46253 3.83457 1.37895 1.36837 2.02725 2.93297 0.742788 2.25276 0.282396 0.171519 0.070644
threshold=0 1 2 102.34500000000001 166.94929875483135 88.170826344035632 82.435000000000016 24.107338497976567 22.818194387387823 0.0067886466325203796 68.345000000000013 78.155743006061741 31.378673569071683 103.63469102593028 152.09649891308138 27.801652500611571 31.028525551788011 1.0000000180025095e-35 222.51813576427864 0.99977195935954721 186.5861743259305 43.653984782204297 110.15500000000002 82.190000000000012 94.002458481119859 105.21399713811572 110.70313925695716 22.112385724885726 90.06331136325133 31.407649419025329 3 41.693485945526383 36.701951791953071 33.000807676963518 76.349603808578124 28.100161250534335 26.904220082526127 0.15702986294076601 26.678900664970318
decision_type=9 9 9 2 2 2 2 2 2 2 2 2 2 2 2 2 2 2 2 2 2 2 2 2 2 2 2 2 2 2 9 2 2 2 2 2 2 2 2
left_child=10 2 3 5 7 6 9 8 -5 -2 30 12 19 15 25 -13 18 -18 -16 34 -6 -22 -9 -17 -25 -15 -27 37 -7 -30 -1 32 33 -29 35 -12 -8 -4 -32
right_child=1 -3 27 4 20 28 36 22 -10 -11 11 13 -14 14 16 23 17 -19 -20 -21 21 -23 -24 24 -26 26 -28 31 29 -31 38 -33 -34 -35 -36 -37 -38 -39 -40
leaf_value=-0.047886242915915915 0 0.046187643930341388 -0.027559625058511384 -0.040570867369422538 0.02700798598869996 0.039986267336373518 -0.018173813795170992 -0.016935158982490126 0.059857915673859181 0.038238834452425215 0.0068550138013337434 -0.051867542597410325 -0.048036046618481508 0.044173603672411584 -0.010462465854569612 -0.043344897200859843 -0.012368680532406173 0.02534372053596215 -0.049722036205263387 -0.010151730048728304 -0.010411256824192324 0.022586743523332148 -0.052110145609781396 0.007815201994460343 -0.024196161623774255 -0.028700981053236967 0.01874710554350097 0.021875159980384775 0.019755871009151545 -0.040734056760902179 0.0012670607110754416 -0.025115621893184972 0.058819080348416479 -0.029355245881384377 0.070186844539019716 0.057957225395339214 -0.047540817944557369 0 -0.0094406014780995286
leaf_weight=3.4390766944270581 40.085003217216581 16.391178744379431 1.4333042154321471 1.1688670924631908 4.7545118317939368 4.507656098110604 2.5215743181761345 6.2805923910345864 1.2262123241089282 2.8938198648393145 4.3357706913957355 7.2152426039101583 1.6027105622924853 3.7746753615792867 14.949816081207247 2.4398903530091074 11.484115890925752 7.1877989321947089 5.4278199423570177 2.2522873152047387 20.872464850544933 4.095865672454237 7.9867403076495975 11.318920147139581 5.7573202459607264 3.3242565504042458 17.316854976001196 19.258354004239674 13.166433002566917 2.3511760288383803 1.1673281344119453 1.1147657264955331 2.5674753468483678 2.3560181106440714 1.7104355691699309 3.4026826512999833 3.1523605757392943 0.349099083803594 1.899535971926525
leaf_count=77 603 1319 191 42 34 59 63 99 23 41 122 230 41 29 200 56 121 128 57 18 173 30 159 225 98 62 334 656 212 75 38 35 60 69 35 64 75 12 40
internal_value=0.00171429 0.00602694 0.00128935 -0.00188555 -0.0106273 0.00366905 -0.00183452 -0.0304257 0.00914673 0.00278131 -0.00444376 -0.00279993 0.0194993 -0.00619654 0 -0.0208199 -0.0102521 0.00194112 -0.0216317 0.0299715 0.000401319 -0.00460404 -0.0375369 -0.00858605 -0.00278266 0.0163746 0.0105897 0.0114231 0.0172266 0.00976355 -0.0287422 0.0186004 0.0210746 0.0157714 0.0401947 0.031067 -0.036687 -0.0211658 -0.00364573
internal_weight=268.54 158.533 142.142 115.063 46.3853 68.678 48.6528 16.6624 2.39508 42.9788 110.007 103.501 13.3039 90.1967 63.4653 26.7314 39.0496 18.6719 20.3776 11.7012 29.7228 24.9683 14.2673 19.5161 17.0762 24.4158 20.6411 27.079 20.0253 15.5176 6.50594 25.2966 24.1818 21.6144 9.44889 7.73845 5.67393 1.7824 3.06686
internal_count=6005 4030 2711 1688 560 1128 782 323 65 644 1975 1820 280 1540 931 609 506 249 257 239 237 203 258 379 323 425 396 1023 346 287 155 820 785 725 221 186 138 203 78
cat_boundaries=0 1 2 3 4
cat_threshold=2 1 12 2
is_linear=0
shrinkage=0.045618


Tree=133
num_leaves=49
num_cat=10
split_feature=0 0 1 1 1 9 7 7 5 7 5 7 7 1 1 1 7 7 1 7 1 7 7 7 7 1 4 1 7 7 1 7 7 4 4 1 6 7 7 7 7 1 7 7 4 7 7 1
split_gain=3.16541 13.7951 5.12631 2.47925 3.5766 2.26264 2.76756 4.11162 2.23103 2.39076 2.22243 2.51664 4.68791 3.18325 2.57423 2.4996 2.28582 3.66092 2.81371 2.16326 2.12262 2.01667 1.80064 1.66379 1.50316 1.50061 2.3347 2.31159 1.82574 1.44955 1.47032 1.31237 6.12095 1.308 1.26991 2.839 1.92745 1.22133 1.23081 1.18829 1.83585 1.14413 1.12335 1.02831 0.805274 0.735396 0.334691 0.039518
threshold=0 1 56.001575699917957 73.004143482794049 69.836196364742463 2 95.408577850036082 111.0784393295482 3 101.14000000000001 4 102.34500000000001 166.94929875483135 52.988668370940871 74.937935396884527 65.238038802849971 88.170826344035632 82.435000000000016 70.936266451741091 135.25500000000002 71.001858833739945 72.793179034102096 110.70313925695716 78.357676367935383 212.6996410793648 50.003759767049829 5 72.994574074741976 75.830582757557877 62.722161286027976 79.001800853160489 78.58379851958945 104.08500000000002 6 7 48.058265287553652 8 111.92911813471636 71.419530520720699 69.686091937150778 101.93275192247728 59.457698702974504 72.793179034102096 75.057106984959816 9 148.71550136351405 61.758728522991284 59.996844235236182
decision_type=9 9 2 2 2 9 2 2 9 2 9 2 2 2 2 2 2 2 2 2 2 2 2 2 2 2 9 2 2 2 2 2 2 9 9 2 9 2 2 2 2 2 2 2 9 2 2 2
left_child=2 10 34 4 5 22 43 -8 9 -5 11 16 14 -14 47 -15 17 21 41 -6 -21 -2 23 -4 -24 26 -12 39 -28 46 -31 42 -33 -19 36 -36 -1 38 -38 -27 -41 -18 -10 -7 -30 -34 -29 -13
right_child=1 -3 3 8 19 6 7 -9 31 -11 25 12 13 15 -16 -17 18 33 -20 20 -22 -23 24 -25 -26 27 28 29 44 30 -32 32 45 -35 35 -37 37 -39 -40 40 -42 -43 -44 -45 -46 -47 -48 -49
leaf_value=-0.048683388570074988 -0.0067175056422210363 0.046078055965751673 -0.0022499577529048109 0.0076440651336528954 -0.05285606951966703 0 -0.050536709701663074 0.012663790715343553 0.011957808616939155 -0.032865951871509341 -0.036706593772974402 -0.032998390300502112 0.03813698105122551 -0.023544757339797509 -0.0022040649867403421 0.0053579135516152532 0.014593335776992301 -0.048205795616482139 -0.0078472610972337865 -0.03876797304881674 0.011252021355131748 0.012882778204360247 0.0066431723243187352 -0.048200618651645329 -0.024357892483172851 0.066647900551303957 0.045536463030492982 0 -0.035353787476720001 -0.030806380813755804 0.020169416744907607 -0.038360317929242979 0.037149095793538534 0 -0.039525524319386968 0.03180618936734201 0.0018145158783370897 0.0078218006935794875 -0.041895065095675497 0 0.036347543660675073 0.043361162272758602 0.060864842589479044 0.041629939652139319 0.022701801117710065 0.01491540960745483 0.045327545255510117 -0.051656066283593108
leaf_weight=7.2231042529456309 22.11714853066951 15.697136556031181 3.1020047757774618 5.7492333208210766 4.4636432938277704 1.8277918701060132 2.4857685118913642 10.137585466727613 2.2242284258827594 5.6542130573652685 2.5325699306558844 6.4411656986922043 3.8491024815011796 9.6131092412397283 5.3170112837105981 16.250740212853998 7.8387392613803986 4.1684909351170054 6.3416677173227063 2.8684243862517178 3.6886748541146517 20.848844523075968 10.486120475921778 4.2427776772528887 4.3990176711231461 1.7680813660845185 2.0369986749719833 0.71589469909667869 1.1527776244329289 3.426491538528353 1.412647997960448 3.4924987033009556 7.5900183676276347 1.3712948111351577 2.0281719416379937 2.1718613049015403 1.6478876224718986 2.8183284173719585 3.5489575217943639 4.0480046570301047 8.3934927824884635 5.9360883291810751 2.7106328047811985 6.4393967385403812 0.46858575008809533 8.1840948704630119 1.0792696825228629 4.5668325610458851
leaf_count=223 350 1319 29 41 41 48 21 186 28 35 120 239 53 76 39 108 226 89 55 31 40 294 76 52 32 69 70 65 180 114 70 27 98 49 426 23 37 65 131 115 177 65 54 104 20 127 23 45
internal_value=0.00163818 0.00579215 -0.00429241 0.000259202 -0.00581031 1.83189e-05 0.00890113 0 0.00964241 -0.00652459 0.00122236 -0.00181266 -0.0102316 0.000394361 -0.0297037 -0.00525051 0.00349576 -0.00176287 0.0163676 -0.0287366 -0.010242 0.0026655 -0.00831676 -0.030234 -0.00232088 0.0109013 -0.00388701 0.0207617 0.0179951 -0.000595187 -0.0144656 0.0143154 0.0140135 -0.0360134 -0.0253983 -0.00147187 -0.0314771 -0.0143481 -0.0273585 0.0310264 0.0244276 0.0279113 0.0414498 0.0332758 -0.0144825 0.0263588 0.031242 -0.0421341
internal_weight=266.577 157.392 109.184 89.7461 54.1412 43.1205 20.8905 12.6234 35.6049 11.4034 141.695 114.66 46.038 29.713 16.325 25.8638 68.6223 48.5058 20.1165 11.0207 6.5571 42.966 22.2299 7.34478 14.8851 27.0348 6.19093 20.8439 3.65836 6.6343 4.83914 24.2015 19.2666 5.53979 19.4383 4.20003 15.2383 8.01517 5.19685 14.2096 12.4415 13.7748 4.93486 8.26719 1.62136 15.7741 1.79516 11.008
internal_count=6005 4030 1975 1070 660 548 359 207 410 76 2711 1688 560 237 323 184 1128 782 346 112 71 644 189 81 108 1023 390 633 270 272 184 334 252 138 905 449 456 233 168 361 292 291 82 152 200 225 88 284
cat_boundaries=0 1 2 3 4 5 6 7 8 9 10
cat_threshold=2 1 6 8 12 2 2 2 1 1
is_linear=0
shrinkage=0.045618


Tree=134
num_leaves=33
num_cat=6
split_feature=7 9 1 9 9 1 4 1 1 7 0 7 2 7 1 2 1 2 1 0 7 1 7 1 7 1 7 7 1 7 7 2
split_gain=2.96054 2.92505 2.96396 2.54122 6.00686 3.77937 2.88619 3.47428 2.3542 2.23868 2.1637 1.70337 4.16177 2.4374 1.28152 3.47326 2.94685 2.3876 2.8985 1.3684 1.332 1.24244 3.42216 2.57661 1.16213 1.03235 0.994205 0.971524 0.483644 1.59078 0.355576 0.120008
threshold=57.445000000000007 0 75.002921032621373 1 2 44.071135056329894 3 54.992085452033173 71.991119479914218 75.830582757557877 4 104.42223390983594 0.010368613865304912 79.033286701613804 55.000954631733443 0.99977195935954721 57.993845923012096 0.77205128306855453 45.947875376448415 5 109.14000000000001 61.998047812628364 143.36701218771179 58.796908508562915 68.57307213484475 72.994574074741976 94.75500000000001 68.345000000000013 79.997490684662566 145.24000000000004 71.419530520720699 0.27499388656693413
decision_type=2 9 2 9 9 2 9 2 2 2 9 2 2 2 2 2 2 2 2 9 2 2 2 2 2 2 2 2 2 2 2 2
left_child=-1 2 14 5 9 -3 7 10 -9 24 -7 12 13 30 17 16 20 18 19 -2 -16 23 -23 -11 -5 26 -8 -18 29 -13 -4 -27
right_child=1 3 11 4 -6 6 25 8 -10 21 -12 28 -14 -15 15 -17 27 -19 -20 -21 -22 22 -24 -25 -26 31 -28 -29 -30 -31 -32 -33
leaf_value=-0.043198335725298888 -0.037077341946719036 -0.042473994664958561 0.014529215171330557 -0.0021376232282831697 0.030601271624426097 -0.018256429940782044 0.048576173674802388 -0.016117606254423076 0.0021908504495975448 0.0022461989298818777 0.022194294296279019 0.040186829255048323 0.036157227604657775 -0.034439112552803686 0.0024431081066373802 -0.030880961211427378 -0.027234545278161718 0.019785552820020025 -0.04645725568596587 0.010478206734397821 0.040147899086611011 -0.034140463773786253 0.014644362134967448 0.034713961861065505 -0.046672221121367249 0 0.0081857145850546889 -0.0028741760998934737 0.0057258228430944556 0.0042570688618007941 -0.0052013301311394384 0.012273468516954586
leaf_weight=2.7047402160242191 1.5208032680675387 3.6780227799899867 3.3081684447824973 2.8086343717295668 19.158045376418158 2.903418785892427 4.4224475766532105 24.615598500706255 34.248237731400877 19.689131080871451 18.016755358316008 5.8687896719202417 4.2554115217644712 6.3875071778893471 3.9782509580254537 8.9028119752183539 3.6240939465351394 2.3433568459004155 7.2062168489210308 4.2074616855243203 4.5682779885828495 5.0760383848100883 6.5127787576057017 6.8992939987219861 2.521548387594521 2.0795093541964889 2.452866037376225 42.272025849670172 5.6130348127335301 5.2756131147034466 3.3660123869776726 2.3631382491439581
leaf_count=79 346 550 37 54 1968 57 65 274 322 323 196 36 49 39 41 63 37 28 165 438 33 54 49 56 48 34 33 419 36 49 27 31
internal_value=0.00236921 0.00288244 -0.00269574 0.00666154 0.0133676 0.00129912 0.00337257 0.000209582 -0.00539038 0.0012872 0.0161566 0.00818044 -0.00153707 -0.0146735 -0.00783993 -0.00481348 -0.000332108 -0.019745 -0.0275875 -0.00197892 0.023799 0.00562082 -0.006427 0.0111143 -0.0253217 0.0247097 0.0357303 -0.00505083 0.0184829 0.0241292 0.00381991 0.00545418
internal_weight=272.848 270.143 112.698 157.445 62.6655 94.78 91.102 79.784 58.8638 43.5074 20.9202 34.0745 17.3171 13.0617 78.6233 63.3455 54.4426 15.2778 12.9345 5.72826 8.54653 38.1772 11.5888 26.5884 5.33018 11.318 6.87531 45.8961 16.7574 11.1444 6.67418 4.44265
internal_count=6036 5957 1843 4114 2552 1562 1012 849 596 584 253 273 152 103 1570 593 530 977 949 784 74 482 103 379 102 163 98 456 121 85 64 65
cat_boundaries=0 1 2 3 4 5 6
cat_threshold=3 4 8 2 2 2
is_linear=0
shrinkage=0.045618


Tree=135
num_leaves=30
num_cat=2
split_feature=8 8 8 7 8 8 7 7 7 8 8 8 2 2 1 8 1 7 7 0 7 1 8 8 1 1 0 1 7
split_gain=2.91818 3.30518 5.70903 2.97732 2.65369 2.80643 2.55775 3.2497 2.51491 2.4321 3.48579 3.16727 3.89228 3.36132 2.58147 1.94834 1.78402 4.38862 3.20934 1.49599 1.35158 0.736743 0.73275 0.605306 0.445913 0.349372 0.843638 0.167776 0.0160896
threshold=22.201180668547433 24.205261459402404 25.502828488681718 247.94728730221462 21.300737359068034 19.505694063766963 73.917481169574771 80.05016964398267 67.910000000000011 28.699296493860874 28.700156530072054 28.00073044985545 0.006572800900427834 0.99977195935954721 57.993845923012096 31.028525551788011 58.457209387759214 82.620814347780225 94.335000000000022 0 77.002885607562334 79.227692617742676 20.335371043976981 23.787398181289181 40.354780611470026 75.34517340406903 1 33.216875894974983 95.105513666174446
decision_type=2 2 2 2 2 2 2 2 2 2 2 2 2 2 2 2 2 2 2 9 2 2 2 2 2 2 9 2 2
left_child=4 8 24 9 5 21 -7 -8 -2 11 -11 12 -4 -13 -12 -5 17 -10 20 -9 -18 -1 -21 -20 27 -26 -27 -3 -28
right_child=1 2 3 15 -6 6 7 19 16 10 14 13 -14 -15 -16 -17 18 -19 23 22 -22 -23 -24 -25 25 26 28 -29 -30
leaf_value=-0.047004296231346124 -0.022605097273751262 -0.019076802939746826 -0.0071435523853506464 -0.00098396130154470001 -0.046825686459102941 -0.039209074061818769 0.070806123865082157 -0.036300389229230026 0.043025342184387375 -0.053894459623587875 0.008076650935181999 0.024134608631344572 0.023610158050164309 -0.0099462601596258561 -0.0048564117592504487 0.063833935967909802 0.034104390981952726 -0.042355513044975313 0.039001568917502581 0.048784524135591041 -0.0059617936003788941 0.0015914395604194368 -0.00085186063235841874 0.079949808812208548 -0.039908940731616188 -0.034529917422398859 0 0.012411592444351648 0.008324131178304878
leaf_weight=2.6284946000669138 2.0665074151475009 0.38336388883180805 34.037130347220227 1.1849382952786975 4.3017849262105292 1.2191566543187944 1.9953832643805069 1.2699063081527131 2.435027513420212 2.3212883943924671 51.801680389442481 33.418262236984447 11.193917427677659 6.9231645022518924 83.704993342747912 2.5662177745252848 2.8598128231242281 2.1492189673008397 3.5324848461896181 0.91224760923068948 3.48109235544689 0.51174583286046971 0.84884332318324596 2.6246367339044809 6.3522574433591199 2.1653333846479654 0.76707804086618148 0.63989556836895645 0.86851680092513561
leaf_count=296 36 74 711 12 128 48 34 66 53 28 1375 643 312 71 1392 80 54 145 44 25 42 15 44 32 137 40 37 31 31
internal_value=0.00232484 0.00344176 0.00193852 0.00354027 -0.0179655 -0.00333729 0.0136142 0.0286978 0.0216001 0.00281205 -0.000898934 0.00884926 0.000405565 0.0181102 4.66037e-05 0.0428382 0.0275227 0.00159144 0.0363558 0 0.0116804 -0.0376282 0.0242035 0.0595397 -0.0295213 -0.0323578 -0.0167261 0 0.00473937
internal_weight=271.164 257.477 238.328 227.152 13.6876 9.38578 6.24554 5.02638 19.1488 223.4 137.828 85.5725 45.231 40.3414 135.507 3.75116 17.0823 4.58425 12.498 3.031 6.34091 3.14024 1.76109 6.15712 11.1764 10.1532 3.80093 1.02326 1.63559
internal_count=6036 5380 4974 4624 656 528 217 169 406 4532 2795 1737 1023 714 2767 92 370 198 172 135 96 311 69 76 350 245 108 105 68
cat_boundaries=0 1 2
cat_threshold=1 1
is_linear=0
shrinkage=0.045618


Tree=136
num_leaves=40
num_cat=12
split_feature=9 9 9 6 6 6 8 8 8 8 4 8 8 8 8 8 8 8 8 8 0 8 0 8 8 8 8 8 8 8 8 0 2 8 8 8 8 6 6
split_gain=2.47226 2.93511 7.86206 2.93211 3.36986 1.96449 4.48342 2.62658 1.5708 3.48324 1.46259 2.53839 1.99246 3.72467 2.2916 2.42632 1.41127 2.15115 1.85299 1.78341 1.39676 1.38789 1.35166 1.27894 1.14017 0.680736 0.678967 1.29827 0.649664 0.514276 1.43991 0.713732 0.512359 0.512045 1.97751 0.493459 0.181653 0.111519 0.00216868
threshold=0 1 2 3 4 5 38.002718495131553 36.570100651547406 23.304208466103152 25.603239124731179 6 20.792599856950201 23.787398181289181 24.205261459402404 26.001904519691667 27.370574445194276 37.406055377192729 30.80474892932931 39.306292158931363 45.387584444699861 7 29.600711524797383 8 32.401745091198087 33.324811467093305 27.700160166945487 28.099371818790381 28.188391085245808 33.507969209858764 27.700160166945487 24.107338497976567 9 0.17120822208252587 31.800334325944537 33.21713438994675 30.80474892932931 24.001284893037823 10 11
decision_type=9 9 9 9 9 9 2 2 2 2 9 2 2 2 2 2 2 2 2 2 9 2 9 2 2 2 2 2 2 2 2 9 2 2 2 2 2 9 9
left_child=10 3 5 8 16 6 29 20 -2 36 26 -12 37 -14 38 -16 17 21 -18 -20 28 -5 35 -19 -22 -24 -1 -28 -7 30 -3 -31 -9 -29 -35 -11 -10 -13 -15
right_child=1 2 -4 4 -6 7 -8 32 9 22 11 12 13 14 15 -17 18 23 19 -21 24 -23 25 -25 -26 -27 27 33 -30 31 -32 -33 -34 34 -36 -37 -38 -39 -40
leaf_value=-0.043449770492255312 -0.046022749615068421 -0.00032419891633232782 0.030071664041802323 -0.00043832328425653461 0.043812887695147761 -0.0018569891662300938 0.041103734111680508 -0.042004658073878161 0.045893467609841809 -0.026879065863150392 0.039264235046369701 -0.045981809149348032 0.043057138759466776 -0.043590933858848616 0.018833513203939677 -0.0068677641875958591 0.051560197644029283 -0.045175683698465925 -0.016026195884506926 0.034867350071905549 0.02886185967085168 0.022750252594932373 -0.022753284174381109 -0.0085057129733951409 -0.005090508107214101 0.0020767220541180764 0.019552179675696727 -0.046418163672785118 0.019313471492359072 -0.017994393372125984 -0.038391459060595295 -0.00096011581150317715 -0.0035475485641077412 0.048808631397067558 -0.039447854434946229 -0.010690621643484194 0.013250135095669727 -0.018886116657363859 -0.022624166480277746
leaf_weight=2.699292728328146 2.3921729048015541 4.0826065768487769 18.447193630971014 24.872743884800006 4.0735479299910358 11.396577534265814 3.3813470422755918 1.889309653080999 1.7815416813828044 11.868666800437497 2.4963564083445808 2.0959456278942525 3.1667274408973745 2.2544862492941311 8.5893534037750197 54.603213822469115 2.3189516954589626 2.7581566048320374 3.4133641354274005 2.1120199242141098 12.208331614732741 6.4693906684406093 2.5281110518844789 8.317481911275534 2.0373109572101393 12.501662091584874 1.479683209210634 1.5324099441058936 3.7038309394847611 9.0112760853953642 4.8327703268732876 13.466319849248977 1.7638295609503984 0.58779449411667872 1.2499150736257432 8.946558434981851 1.5695867848116902 2.3026797615457317 3.2693719260860234
leaf_count=485 88 49 1969 350 199 129 42 44 23 147 33 40 29 33 90 738 31 49 65 21 198 52 36 111 35 186 24 57 23 72 73 114 28 15 66 143 57 34 45
internal_value=0.000763775 0.00372209 0.00943626 -0.00176906 0.00493905 0.00053651 -0.00683064 0.00864345 -0.0110862 -0.00855683 -0.00522592 -0.00386245 -0.00546151 -0.00348869 -0.00585153 -0.00322402 0.00149207 -0.00168978 0.0190597 0.00291533 0.0133608 0.00427227 -0.0128941 -0.0188751 0.023571 -0.00195156 -0.0248818 -0.0119125 0.00312571 -0.012435 -0.0220602 -0.0081698 -0.0262769 -0.0278123 -0.00602628 -0.020398 0.0340713 -0.0346877 -0.0335785
internal_weight=268.472 182.145 86.2207 95.924 54.3357 67.7735 34.7743 32.9992 41.5883 39.1961 86.3272 78.7781 76.2818 71.8832 68.7164 63.1926 50.2621 42.4178 7.84434 5.52538 29.3461 31.3421 35.845 11.0756 14.2456 15.0298 7.5491 4.8498 15.1004 31.393 8.91538 22.4776 3.65314 3.37012 1.83771 20.8152 3.35113 4.39863 5.52386
internal_count=6023 4334 2776 1558 878 807 350 457 680 592 1689 1042 1009 935 906 828 679 562 117 86 385 402 512 160 233 222 647 162 152 308 122 186 72 138 81 290 80 74 78
cat_boundaries=0 1 2 3 4 5 6 7 8 9 10 11 12
cat_threshold=9 4 2 1 2 2 1 2 1 1 2 1
is_linear=0
shrinkage=0.045618


Tree=137
num_leaves=32
num_cat=4
split_feature=1 5 3 3 8 7 8 8 8 7 8 8 8 7 1 1 8 0 7 1 8 7 7 7 0 1 0 8 1 7 8
split_gain=2.6749 4.17796 2.67357 8.13641 2.89839 4.49658 4.00787 2.25954 2.38001 2.12398 2.07373 1.94829 1.69869 1.34866 1.28596 3.28958 2.98225 1.21605 1.20447 1.20349 1.19993 1.11559 0.832532 0.775758 0.475103 0.31008 0.27614 0.229312 0.143208 0.0833731 0.0297775
threshold=37.500000000000007 0 0.99894807841205846 1.0000000180025095e-35 45.387584444699861 197.55360694077675 28.099371818790381 32.236138425440508 35.760875345206998 160.13507499983595 41.693485945526383 30.80474892932931 29.858462645284529 73.917481169574771 70.936266451741091 78.96224711734142 29.858462645284529 1 86.594998706288649 65.979452174386651 27.906851076410565 230.64270841488141 75.830582757557877 75.512346055105283 2 7.5000000000000009 3 31.102906064822296 52.988668370940871 203.62541172490407 31.407649419025329
decision_type=2 9 2 2 2 2 2 2 2 2 2 2 2 2 2 2 2 9 2 2 2 2 2 2 9 2 9 2 2 2 2
left_child=22 2 3 4 5 9 -7 11 24 -2 17 12 13 20 16 -16 -4 -10 -13 -18 -3 -15 23 25 -9 -1 -26 -20 -14 -19 -29
right_child=1 7 14 -5 -6 6 -8 8 10 -11 -12 18 28 21 15 -17 19 29 27 -21 -22 -23 -24 -25 26 -27 -28 30 -30 -31 -32
leaf_value=1.4298604145713445e-05 -0.00082298038407695835 -0.029998322419501906 -0.032566971996470746 0.045109953562290063 0.029591020102691643 0.011818715589040824 -0.027294095622459331 -0.038046545600487459 0.048088412964660182 0.01818577219489876 -0.025846321074270005 0 0 0.028132897577898119 -0.042259914340919719 -0.00060190338463572462 -0.0014799848727054816 0.0031168286954572104 0.082941848593472242 0.032980506397336996 0.018594473758695152 -0.017250344777055105 -0.041900098763989826 0.035516754489101028 -0.016972046199841859 -0.026856637313961498 0.020176795414271493 0.038622876455658629 -0.019348787235771756 -0.014886417316540911 0.0012582435766814427
leaf_weight=0.7619294705800711 133.58042120398022 1.6941080826800416 4.2017047517001647 7.9951315298676482 5.8672893913462749 6.6960380808450308 23.460600539110601 2.8610104909166676 2.9376177662052214 13.212353087961672 1.4242182807065544 0.58504287363029961 0.64125067275017444 20.94043911667541 8.3421962074935454 7.9071185411885372 4.0507995455991477 0.51631539105437674 1.6078090392984452 3.5330293558072299 2.0887720619793981 0.87934251176193257 3.5892551568103954 0.44236730341799546 0.89504234446212649 1.9936895014252511 0.41215417231433071 0.69224296952597775 2.1417074052151293 0.57148767681792378 0.46680180984549224
leaf_count=59 1784 81 33 477 62 52 222 75 64 121 49 44 32 938 50 48 43 57 38 23 121 20 920 4 50 258 75 27 95 34 67
internal_value=0.000771019 0.0015412 -0.00119262 0.000660059 -0.00130032 -0.00239443 -0.0183817 0.0132012 -0.00237938 0.000869494 0.0165179 0.022234 0.0177457 0.021521 -0.0143549 -0.0226397 -0.00221163 0.0335283 0.0551412 0.0142386 -0.00204696 0.0258705 -0.0270068 -0.00687925 -0.0281103 -0.01786 0 0.0669177 -0.0139591 -0.00244051 0.0306658
internal_weight=266.989 260.202 218.847 190.812 182.817 176.949 30.1566 41.3554 9.61785 146.793 5.44964 31.7375 28.3856 25.6027 28.0348 16.2493 11.7855 4.02542 3.3519 7.58383 3.78288 21.8198 6.78724 3.19799 4.16821 2.75562 1.3072 2.76685 2.78296 1.0878 1.15904
internal_count=6023 4782 2915 2718 2241 2179 274 1867 404 1905 204 1463 1287 1160 197 98 99 155 176 66 202 958 1241 321 200 317 125 132 127 91 94
cat_boundaries=0 1 2 3 4
cat_threshold=12 1 1 2
is_linear=0
shrinkage=0.045618


Tree=138
num_leaves=31
num_cat=5
split_feature=9 9 9 7 7 7 7 7 7 7 7 7 7 2 7 3 0 7 7 3 7 2 7 3 7 7 7 7 7 6
split_gain=2.86999 4.1772 7.53216 2.9091 3.41458 2.80698 3.20077 2.07557 3.01946 2.71555 2.02492 3.84287 2.21572 1.76826 2.63587 1.79724 1.62508 1.22492 1.36425 3.79381 3.47277 1.25901 1.18835 1.76327 1.13632 0.578286 0.394917 0.354391 0.253361 0.172952
threshold=0 1 2 60.820073061288234 72.985274123657533 59.033394570060942 61.332619806657995 96.740000000000023 90.06331136325133 222.51813576427864 165.09419819643026 109.66442626650682 228.88950953935245 0.26899383919684827 84.935000000000016 0.013753533766385053 3 219.77696615317103 195.67609651229165 0.068577036387425919 188.29033247867838 0.99977195935954721 227.96000000000001 0.99894807841205846 219.20343082186952 58.6544964956393 88.170826344035632 86.055000000000021 68.345000000000013 4
decision_type=9 9 9 2 2 2 2 2 2 2 2 2 2 2 2 2 9 2 2 2 2 2 2 2 2 2 2 2 2 9
left_child=7 5 3 -3 28 -2 -7 8 13 17 11 16 24 14 15 25 -8 18 20 -20 21 -9 23 -6 -12 -1 27 -16 -5 -13
right_child=1 2 -4 4 22 6 10 9 -10 -11 12 29 -14 -15 26 -17 -18 -19 19 -21 -22 -23 -24 -25 -26 -27 -28 -29 -30 -31
leaf_value=0 -0.05153234576268937 0.040815754333830237 0.030147110090156973 -0.04548049219285058 0.0034171769873908198 0.049825294715934096 -0.016930193737977488 0.0041990780417583903 -0.049917895148568953 -0.030908398791704105 0.0055883395219136628 -0.026084658792943246 -0.023503964555463032 0.014859203981700202 0 0.0097194307158222203 0.00076236487120594709 0.035575080813661869 -0.038373559304438858 0.015273293679873812 0.058428829881067582 -0.025659428977538253 0.023806384894369471 -0.020334448301690157 0.029553930184133773 -0.031198412173205133 -0.0041851516063771705 0.0340744987837929 -0.015975981405999231 -0.048982025787562361
leaf_weight=1.3726209653541577 2.2943023622501633 3.394225043244659 18.316517585655674 3.1255731568671754 44.468896076083183 2.1476241394411764 14.363562561338767 25.724522400181748 4.7306793706957242 5.6313847594428799 19.308612981112681 4.8143734131008387 4.1859552673995486 4.4017175184562793 1.1503520195838057 2.6284283054992548 39.405022377730347 1.9559040660969902 5.7206462683388946 4.7304218392819166 2.1462238102685651 3.0871494673192492 4.5323831823188803 7.3978966018185011 5.4766812082380047 14.924941719975321 0.97176620736718167 2.0496784070273861 2.1679420345462859 3.386639482341705
leaf_count=39 37 46 1997 55 553 32 281 565 137 45 210 93 44 42 37 36 708 10 52 62 25 28 58 44 57 491 42 52 32 93
internal_value=-0.000240345 0.00296414 0.0099164 0.000823146 -0.0012771 -0.00342703 -0.0024261 -0.00687889 -0.0166958 -0.00164763 -0.00384283 -0.00852964 0.00595735 -0.0104134 -0.0155897 -0.0229267 -0.00389678 0.00214229 0.000238016 -0.0136873 0.00520116 0.000618761 0.00195894 0 0.0113417 -0.0286277 0.0157657 0.0235352 -0.0356228 -0.0372891
internal_weight=260.013 178.786 83.4034 65.0869 61.6927 95.3828 93.0885 81.2264 32.2302 48.9963 90.9408 61.9696 28.9712 27.4995 23.0978 18.926 53.7686 43.3649 41.409 10.4511 30.9579 28.8117 56.3992 51.8668 24.7853 16.2976 4.1718 3.20003 5.29352 8.20101
internal_count=6003 4340 2785 788 742 1555 1518 1663 876 787 1486 1175 311 739 697 566 989 742 732 114 618 593 655 597 267 530 131 89 87 186
cat_boundaries=0 1 2 3 4 5
cat_threshold=9 4 2 2 2
is_linear=0
shrinkage=0.045618


Tree=139
num_leaves=39
num_cat=5
split_feature=9 9 9 1 1 7 7 1 7 1 7 4 1 1 7 1 1 1 1 3 7 7 7 7 1 1 7 7 0 7 7 7 1 7 7 7 7 7
split_gain=2.66671 3.92416 7.29961 3.2875 2.71982 2.64756 3.2172 2.46499 1.99844 1.98745 3.81157 3.95527 2.73949 2.64897 2.11809 2.03475 1.83873 1.70985 2.36858 3.36273 4.07277 2.23878 5.18464 1.62794 1.32714 1.50948 1.31841 1.17574 1.54481 1.5944 1.40885 1.14878 0.887756 0.490148 0.476216 0.455279 0.261445 0.0236761
threshold=0 1 2 53.004253282543161 44.071135056329894 60.820073061288234 74.401967656514628 59.996844235236182 77.002885607562334 79.001800853160489 165.09419819643026 3 52.988668370940871 73.996428959115889 105.74500000000002 60.286737420480442 65.979452174386651 74.434748158939996 69.836196364742463 0.013753533766385053 108.61500000000002 104.42223390983594 79.254749456227259 127.76500000000001 56.001575699917957 54.992085452033173 73.917481169574771 58.137886086892202 4 98.430000000000021 156.35688557101278 108.61500000000002 49.995846964799846 79.254749456227259 82.620814347780225 200.45213470254632 64.565044415741113 133.50002061229176
decision_type=9 9 9 2 2 2 2 2 2 2 2 9 2 2 2 2 2 2 2 2 2 2 2 2 2 2 2 2 9 2 2 2 2 2 2 2 2 2
left_child=3 4 5 27 -2 -3 16 24 -8 10 11 12 -6 15 26 -12 -7 18 19 20 -9 22 -19 -10 25 -5 36 -1 -29 -30 32 -26 -31 -13 -28 -33 -11 -23
right_child=1 2 -4 7 9 6 8 17 23 14 13 33 -14 -15 -16 -17 -18 21 -20 -21 -22 37 -24 -25 31 -27 34 28 29 30 -32 35 -34 -35 -36 -37 -38 -39
leaf_value=0.018040714595776157 -0.0422070042864938 0.038799498720840431 0.029811549884812077 0.01667450000403738 0 -0.0030413799407111412 0.040345318297659506 0 -0.0076313459310838267 -0.0044897512240325782 -0.00016276524637168829 0.0018331623425831684 -0.025719353596568809 -0.015914998278963952 -0.017491513666022723 0.028413833746875519 -0.052611214584824449 0.014784576749840385 -0.04095198542807283 0.028120459108940517 -0.052904301166089129 0.0087388060440344757 -0.046953294888663087 0.0083806130674244188 0.0023096156709850203 -0.022080944495831218 0.048198747749753197 -0.044332967444711116 -0.041402058783387409 0.041881282554999427 -0.037969985712637752 0.045359275458526561 0 0.029107941117915117 0.017976277163824304 0.016488171978127891 0.012949292538936025 0.019183799731894588
leaf_weight=0.86523580877110262 3.4607147747883564 3.418288415297865 17.804557285737246 3.5719084013253477 12.088994895108042 3.2225116488989434 2.52619206579402 8.95870503224433 26.222046532086097 2.8193523585796374 8.2280376376584226 2.9186860951594999 29.436969962436706 6.6011164146475485 3.5275232223793855 12.065796138253061 3.4987654509022832 5.7714389618486184 6.2876936658285549 3.8505772433709344 4.5517395357601336 4.3937921542674285 5.0323194339871407 26.144732874818146 5.455567704048006 4.3028968302533031 3.2918444443494081 7.349160998710432 2.4370880647329587 1.4198301439173522 1.1188022877322508 3.1897655329667032 2.358587040565908 3.8215684960596263 3.5178576703183353 3.7777611715719104 3.2678073346614838 5.9605849338695407
leaf_count=26 530 46 1997 31 146 66 41 104 359 22 93 47 342 60 20 122 33 37 57 52 42 31 36 243 60 45 36 560 271 148 27 25 23 50 31 44 56 44
internal_value=-0.000180044 0.00291017 0.00967376 -0.00660549 -0.00329199 0.000779114 -0.00123045 -0.00277921 0.00235413 -0.00201698 -0.00522066 -0.0129196 -0.0182572 0.00835864 0.0121468 0.0166426 -0.0305739 -0.00881771 -0.0171959 -0.00784228 -0.018826 0.000333166 -0.0137599 0.000245649 0.010199 -0.00375412 0.0208831 -0.0261654 -0.0294115 -0.0127982 0.00135451 0.0194514 0.0159759 0.0186157 0.0345001 0.0315344 0.00400343 0.0156095
internal_weight=258.537 177.883 82.8371 80.6535 95.0463 65.0325 61.6142 65.1048 54.893 91.5856 75.1612 48.2662 41.526 26.895 16.4244 20.2938 6.72128 44.8069 23.6487 17.361 13.5104 21.1581 10.8038 52.3668 20.2979 7.87481 12.8969 15.5487 14.6835 7.33431 4.89722 12.4231 3.77842 6.74025 6.8097 6.96753 6.08716 10.3544
internal_count=6003 4340 2785 1663 1555 788 742 608 643 1025 860 585 488 275 165 215 99 403 255 198 146 148 73 602 205 76 145 1055 1029 469 198 129 171 97 67 69 78 75
cat_boundaries=0 1 2 3 4 5
cat_threshold=9 4 2 2 1
is_linear=0
shrinkage=0.045618


Tree=140
num_leaves=34
num_cat=6
split_feature=2 2 6 7 3 3 5 6 6 7 7 7 7 7 6 1 4 7 7 1 1 1 7 7 7 7 1 1 1 1 7 7 7
split_gain=1.80634 11.27 2.51034 4.11916 1.93722 3.91313 2.22175 2.14913 5.77435 3.94551 3.10368 2.54791 1.77678 1.74821 1.71425 1.66358 2.73976 1.59604 3.68501 1.61883 1.33774 2.4375 1.22541 2.99964 1.13107 1.05522 0.798783 0.765348 2.89728 2.18711 0.761106 0.556927 0.286799
threshold=0.99977195935954721 1.0000000180025095e-35 0 91.075434349106544 1.0000000180025095e-35 0.99894807841205846 1 2 3 188.29033247867838 138.87488476680343 76.122101941894172 216.03500000000003 196.38595991379725 4 54.992085452033173 5 106.66500000000002 103.28922227186466 71.001858833739945 71.991119479914218 64.007934468439785 84.21465614595148 104.08500000000002 93.732323151157928 82.620814347780225 69.836196364742463 70.936266451741091 78.691638395946271 60.286737420480442 82.920000000000016 69.686091937150778 213.52826872502001
decision_type=2 2 9 2 2 2 9 9 9 2 2 2 2 2 9 2 9 2 2 2 2 2 2 2 2 2 2 2 2 2 2 2 2
left_child=1 4 3 31 6 -6 7 9 11 10 -1 -9 27 15 17 -4 24 18 -8 -19 21 -5 25 -24 30 -16 -11 29 -29 -7 -17 -2 -15
right_child=2 -3 13 20 5 12 14 8 -10 26 -12 -13 -14 32 22 16 -18 19 -20 -21 -22 -23 23 -25 -26 -27 -28 28 -30 -31 -32 -33 -34
leaf_value=-0.0078760202301819959 -0.007040434667486428 0.045391619015738092 0.017190961259982266 -0.039057400980738448 0.044270570717254348 -0.019795509642240871 -0.0058484957972178998 -0.023235106241356045 0.044976154756496536 -0.046949312271867619 0.028416788123719897 0.001973338735364781 0.026864205818937087 0.027065503577784446 0.023334159766525246 -0.022382906357350119 0.022583108698333298 -0.042527045693372095 0.079954534833262675 0.021598556608650274 -0.051832110665830884 0.0063079744616101304 -0.026152627870263612 0.025264736852393454 -0.039422105691285271 0.072089761769270705 -0.019208245407614854 -0.036711605735288977 0.0095617296624406177 0.024374194864469262 0.008474716587803046 0.012943644941595391 0.0076429569175160356
leaf_weight=57.214049457688816 4.5795168988406676 12.172992331907151 4.939326989464468 5.6070462521165592 5.7489770499523756 3.6348689240403527 5.0288781858980656 9.8641146523877961 5.6884266368579111 5.5849022554466483 5.0973817461635909 46.757803341606632 4.8892631358467034 5.0003059087321144 6.6666448244359371 3.4042799845337832 3.1712026437744507 2.9049466325668623 1.0625268729636443 0.81746545713394869 5.0761796943843356 3.823955793865025 3.2188720565754902 7.0063916608924046 5.095581594388932 1.2252235563937572 6.0164085775613785 4.931481331586836 5.7441178071312606 5.4810900734737515 2.5479810815304518 6.3885455005802214 4.2253943905234337
leaf_count=947 28 1124 65 54 496 42 338 225 202 61 67 789 42 50 283 55 23 141 22 13 29 33 215 360 47 28 28 31 38 39 19 55 63
internal_value=0.00123771 0.00319629 -0.00614833 -0.0165204 0.000477478 0.011031 -0.00145272 -0.00388778 0.00198327 -0.00943735 -0.00471998 -0.00237946 0.00272304 0.00299656 0.00850149 -0.00461343 -0.0127631 -0.00326035 0.0103377 -0.0264494 -0.0323415 -0.0202846 0.0198146 0.00827602 -0.0237001 0.0333802 -0.0337009 -0.00315264 -0.0115424 0.00604277 -0.00832585 0.00406632 0.0192069
internal_weight=260.616 206.757 53.8593 25.4752 194.584 30.4298 164.154 136.223 62.3103 73.9127 62.3114 56.6219 24.6808 28.3841 27.9309 19.1584 14.219 9.81382 6.09141 3.72241 14.5072 9.431 18.1171 10.2253 11.0478 7.89187 11.6013 19.7916 10.6756 9.11596 5.95226 10.9681 9.2257
internal_count=6052 5531 521 199 4407 688 3719 2319 1216 1103 1014 1014 192 322 1400 209 144 514 360 154 116 87 886 575 121 311 89 150 69 81 74 83 113
cat_boundaries=0 1 2 3 4 5 6
cat_threshold=1 12 2 1 1 2
is_linear=0
shrinkage=0.045618


Tree=141
num_leaves=36
num_cat=8
split_feature=8 7 7 7 7 7 2 2 7 0 4 0 7 7 4 8 7 7 2 7 4 8 7 0 7 7 7 7 0 8 2 8 8 7 0
split_gain=2.40849 3.96514 4.56893 3.02054 2.70784 3.08548 2.61266 7.20698 3.45948 2.53298 3.71602 3.25216 2.38322 2.75262 3.08693 3.00322 2.44259 2.43724 5.10092 2.37046 2.98684 2.26385 3.9355 2.66247 2.60421 2.10963 1.87617 1.84369 1.80853 1.74298 0.78339 0.487307 1.5339 0.443093 0.375334
threshold=26.904220082526127 62.722161286027976 57.445000000000007 225.14491753954491 68.345000000000013 58.6544964956393 0.99977195935954721 1.0000000180025095e-35 101.93275192247728 0 1 2 79.033286701613804 196.38595991379725 3 22.201180668547433 92.708553661258506 72.793179034102096 0.94532407069458568 105.21399713811572 4 41.81409707669048 94.75500000000001 5 166.94929875483135 195.67609651229165 68.57307213484475 79.033286701613804 6 28.285576588577086 0.012423431086299232 33.606349557707432 29.858462645284529 76.122101941894172 7
decision_type=2 2 2 2 2 2 2 2 2 9 9 9 2 2 9 2 2 2 2 2 9 2 2 9 2 2 2 2 9 2 2 2 2 2 9
left_child=3 2 -2 4 5 -1 7 8 9 10 -3 -11 17 14 16 -16 -14 26 33 29 -21 22 23 -8 -24 -26 -6 -25 -4 -10 -15 32 -30 -19 -28
right_child=1 6 28 -5 12 -7 21 -9 19 11 -12 -13 13 30 15 -17 -18 18 -20 20 -22 -23 24 27 25 -27 34 -29 31 -31 -32 -33 -34 -35 -36
leaf_value=0.0093000743045925337 -0.040600091681806547 -0.021617906456531586 -0.0017441803550472042 -0.053092299972037842 0.033625997340713774 -0.050621604967494974 -0.02036490499806181 0.044891281211906331 0.069751712661014598 -0.0015033547039421942 0.017167435121098994 0.0440374081126019 -0.038589826282348999 0.00021397821692712942 -0.035100793453935498 0.033409052670549465 -0.0087632677986392606 0.024844167556151743 -0.049099355422708699 -0.035974560168416714 0.0087162568549585505 0.020564646111167983 -0.053571807949151347 0.0025273383819806594 0.0061097280208541431 -0.02715928347591854 -0.035050419823965062 0.046430783776657186 0.033472365052731545 0.014490936002391281 0.035082356754070863 0.020984752249338292 0.085440695509697073 0.053359301292773678 -0.0046601068816674741
leaf_weight=2.4407973329070947 1.4606836517341424 26.813134880969301 1.5754123597871512 2.5576189884450278 1.4002321042353276 4.8139840792864561 4.5067056892439723 8.6165495975874347 2.0283175632357588 25.4275156930089 5.9974435281474134 3.4941288365516838 8.53166665392928 2.7487000580877057 1.5219570629997168 4.9688699445687234 19.387807205901481 3.930290153017264 1.2685354473069317 3.0192124514142051 62.875227999757044 4.5950095537118605 4.9292716449126628 5.0730720527935755 5.8108422851655659 10.379133792361243 2.3671097154729068 3.489213545806706 4.453228340717029 3.6875903905602172 3.3499094566795975 2.2951184059493244 2.3403931979555637 4.4790035594487563 2.1862416383810341
leaf_count=66 28 453 29 23 16 181 41 814 33 501 170 200 185 37 320 268 398 108 13 104 1111 47 52 61 55 122 67 26 129 74 54 35 47 123 61
internal_value=0.00120189 0.00379512 0.0288552 -0.00627492 -0.00411538 -0.0299374 0.0020473 0.00494186 0.00224568 -0.0055956 -0.0142739 0.00406787 -0.000566514 -0.00651092 -0.0116481 0.0158052 -0.0183242 0.0143241 0.0283654 0.00908876 0.0064641 -0.00835653 -0.0125291 0.00671365 -0.0246773 -0.0149141 -0.00768106 0.021827 0.0395552 0.0369661 0.0208968 0.0472602 0.0543325 0.0417051 -0.0226341
internal_weight=258.82 192.867 12.1248 65.9527 63.3951 7.25478 180.742 141.959 133.343 61.7322 32.8106 28.9216 56.1403 40.5089 34.4103 6.49083 27.9195 15.6314 9.67783 71.6103 65.8944 38.7832 34.1882 13.069 21.1192 16.19 5.95358 8.56229 10.6642 5.71591 6.09861 9.08874 6.79362 8.40929 4.55335
internal_count=6052 4132 268 1920 1897 247 3864 3460 2646 1324 623 701 1650 1262 1171 588 583 388 244 1322 1215 404 357 128 229 177 144 87 240 107 91 211 176 231 128
cat_boundaries=0 1 2 3 4 5 6 7 8
cat_threshold=1 2 2 2 1 2 2 1
is_linear=0
shrinkage=0.045618


Tree=142
num_leaves=32
num_cat=2
split_feature=1 5 1 1 7 1 1 8 7 8 8 8 5 7 8 8 8 1 8 7 1 1 8 8 7 8 7 7 7 7 8
split_gain=2.16854 1.81513 2.26382 5.01438 3.62255 2.96546 2.56493 3.14818 6.83903 5.04355 2.69543 2.77231 2.18739 2.07251 1.81055 2.02438 4.17877 2.2901 1.7881 1.62917 3.73644 2.29542 2.69774 2.61629 0.477254 0.465218 0.560205 0.371029 0.329041 0.320639 0.0497086
threshold=37.500000000000007 0 73.004143482794049 74.937935396884527 70.930000000000021 44.071135056329894 50.999562327306911 29.800864676504617 82.435000000000016 32.003418625309287 34.075102768946316 34.407419943498837 1 228.88950953935245 34.217930406810694 31.407649419025329 30.084110596067081 79.3010785915463 27.700160166945487 188.29033247867838 69.836196364742463 69.836196364742463 26.700116079062997 27.775029648471275 80.817096056165965 28.099371818790381 67.045000000000016 75.512346055105283 75.830582757557877 80.580000000000013 24.600353907024164
decision_type=2 9 2 2 2 2 2 2 2 2 2 2 9 2 2 2 2 2 2 2 2 2 2 2 2 2 2 2 2 2 2
left_child=24 2 4 18 5 -2 7 8 -6 -9 13 -12 19 -8 15 16 -5 -17 -4 21 -21 22 30 -24 27 -7 -27 -1 -29 -30 -3
right_child=1 12 3 14 6 25 10 9 -10 -11 11 -13 -14 -15 -16 17 -18 -19 -20 20 -22 -23 23 -25 -26 26 -28 28 29 -31 -32
leaf_value=-0.021817951457334263 0.023480009815653249 -0.043288423415109821 0.0092023789305055309 0.0047150135957709323 0.033867508271692277 -0.047943437261419565 -0.0073060675965853647 0.065723766915546197 -0.042049675426776859 0.0013343178637891674 0.048275642673803756 0.0020568345090350901 0.022083830912224628 -0.043469121240890057 -0.023647105876705217 -0.0019398280257254884 -0.03926509505472954 0.03959907305759449 0.065248700781860708 -0.010464607363962391 0.046854719131801795 -0.029480833728194922 0.053412066433252955 0.0018973864731815398 -0.040354829534650291 -0.031200930230097713 -0.00085119538959145503 0.032079041108135392 -0.026815774271859681 0.015246275011886266 -0.015074603494487436
leaf_weight=2.3719158540479834 1.9380249739624549 1.6683371146209602 2.2573510482907286 49.455565530341119 4.5120296820532548 4.2465840792283407 68.853781089419499 4.5090399803593737 4.9105675860773772 5.9168979618698359 2.8312003514729467 27.56800654460676 9.7249920510221255 3.3604205998126409 4.9402767731808117 4.3029721525963378 4.7235834128223351 6.2673814967274666 3.5718383414205164 4.5434326841495913 4.314672265201807 5.9632473764941087 2.3526673899032167 11.792555408552287 2.6515370431588963 6.3768292036838812 2.1180846318602562 0.42463132552802541 0.61472296540159732 0.32070395769551396 1.4999048677273092
leaf_count=312 39 46 25 568 49 67 869 73 172 181 23 406 1532 37 49 46 53 48 54 45 22 51 20 172 790 101 25 5 124 6 33
internal_value=0.000665516 0.00135702 -0.000516072 0.00575854 -0.0040579 -0.0253269 -0.00141768 0.0134295 -0.00510401 0.0305316 -0.00437231 0.00687327 0.00896688 -0.00919878 0.00220064 0.00434041 0.00062619 0.0224081 0.0456743 0.000480797 0.0172142 -0.00551575 0.00264194 0.0115698 -0.0251077 -0.0334982 -0.0245578 -0.0110887 0.00408031 -0.00681123 -0.0335793
internal_weight=260.904 254.52 212.66 75.519 137.141 14.6795 122.462 19.8485 9.4226 10.4259 102.613 30.3992 41.8598 72.2142 69.6898 64.7495 54.1791 10.5704 5.82919 32.1348 8.8581 23.2767 17.3135 14.1452 6.38351 12.7415 8.49491 3.73197 1.36006 0.935427 3.16824
internal_count=6043 4806 2885 843 2042 232 1810 475 221 254 1335 429 1921 906 764 715 621 94 79 389 67 322 271 192 1237 193 126 447 135 130 79
cat_boundaries=0 1 2
cat_threshold=12 1
is_linear=0
shrinkage=0.045618


Tree=143
num_leaves=45
num_cat=6
split_feature=9 7 7 7 1 1 7 8 8 1 9 9 7 1 1 7 7 7 7 8 1 7 8 8 2 7 1 1 8 7 7 7 7 0 8 7 7 1 1 0 7 1 1 6
split_gain=3.51211 2.28988 3.44325 3.10802 2.41351 2.1498 2.71928 3.75886 3.26695 4.75106 2.62606 3.87305 3.32201 2.92065 2.98269 2.07506 2.52323 2.73887 2.5837 2.30519 5.1514 1.87522 3.27081 3.46997 2.59858 2.99355 2.30977 2.30564 2.33413 1.81969 1.61544 1.58196 1.36424 2.69714 2.02219 1.71934 1.32738 1.12466 1.31205 0.990075 0.660349 0.650719 1.19362 0.485979
threshold=0 101.14000000000001 105.21399713811572 92.265000000000015 53.938484311053749 76.000912162561818 217.92950017205948 42.700836363645372 45.387584444699861 67.001504294392788 1 2 197.55360694077675 74.937935396884527 45.947875376448415 222.51813576427864 143.36701218771179 119.46000000000002 109.66442626650682 27.370574445194276 58.994499616780779 202.07060069775869 31.303895895047219 29.858462645284529 1.0000000180025095e-35 72.493360827381863 80.003528267108564 79.997490684662566 28.699296493860874 58.137886086892202 104.42223390983594 227.96000000000001 68.345000000000013 3 31.028525551788011 79.033286701613804 89.462475616801555 74.937935396884527 71.001858833739945 4 106.66500000000002 52.988668370940871 52.016207858320946 5
decision_type=9 2 2 2 2 2 2 2 2 2 9 9 2 2 2 2 2 2 2 2 2 2 2 2 2 2 2 2 2 2 2 2 2 9 2 2 2 2 2 9 2 2 2 9
left_child=1 3 30 4 29 6 7 10 9 31 13 12 -12 14 -2 16 17 18 -4 -18 -21 22 23 24 26 -26 -7 28 -23 -1 39 -8 -6 35 -35 -34 -24 38 -11 -3 -38 42 -5 -33
right_child=5 2 15 41 32 21 8 -9 -10 37 11 -13 -14 -15 -16 -17 19 -19 -20 20 -22 27 36 -25 25 -27 -28 -29 -30 -31 -32 43 33 34 -36 -37 40 -39 -40 -41 -42 -43 -44 -45
leaf_value=0.019624735791246291 -0.04315754050613968 0.029956807977275051 -0.034737133276829611 -0.035558996465131693 -0.02468046017788322 -0.010559642634479028 -0.046671337843647395 -0.045323557949705016 0.063445760849731428 0.015305432393506058 0.0029370421499560189 0.023713327150420977 -0.039542902091094206 -0.046888802799570133 -0.0011021131201486441 -0.032988902992670974 0.036701515631205953 -0.052370296551244616 0.013739301298338438 0.028725257864041599 -0.021935578544019754 0.043965260546648469 0.018141073127509861 -0.039320326442922514 -0.0076108491829764199 0.042962085531530095 0.024421017581408251 -0.036847854432960091 -0.017322250228078342 -0.044506367631725344 0.05945295065461427 0.0098366408136907231 0.0037242822077249976 0.0030303748189638743 0.045698259470714382 -0.033847340049687584 0.071947661517344816 -0.0038789741841414368 0.056224057042430615 -0.011554383648049352 0.027120819561239348 -0.048996082972894997 0.035922790706054419 -0.020023440896090244
leaf_weight=0.83534481597598897 3.6120276374276719 2.2457152442075303 3.4041011130902898 1.1763822005596001 4.2986280769109753 10.633348109200606 2.4805498823989209 3.6844833065988487 2.5735692721791557 4.0550951857585442 38.273069931892678 10.330132458126171 4.0298917735926798 3.4478300968185058 47.439153214916587 4.8326215562410644 4.3818679895484847 3.2424171167658633 5.8612988467793912 7.1975178108550635 9.3543631297070515 2.2699331680778405 4.387347078882156 2.5428538431879124 2.9705915118101975 8.9665403007529658 5.8982443434651932 3.0981505741365254 2.3443734967149794 5.1449035730911419 2.2943524991860613 2.6634834639262408 4.7751816306263173 6.8434098733123427 3.605638550594449 4.5546522215008736 2.9570523535367101 1.3427307175006715 3.7816082823555917 1.8888309862231834 2.1114195531699806 5.8949359003454447 0.48366636782884587 1.6159071801230309
leaf_count=34 515 38 76 128 44 248 41 93 33 99 527 1090 32 39 585 41 57 109 130 97 81 35 64 76 90 308 78 42 60 509 25 34 40 79 31 52 46 26 114 37 34 69 2 55
internal_value=0.000673908 -0.00662652 -0.000295118 -0.0156939 -0.00871094 0.00423303 0.0013456 -0.00131664 0.0174475 0.00889064 0.000226184 0.00687994 -0.000924433 -0.00620989 -0.0043675 -0.00566526 -0.00134623 -0.0175484 -0.00379512 0.00811905 0 0.0126892 0.0166533 0.00909555 0.0138994 0.0299508 0.00170101 -0.0072109 0.0121476 -0.0341712 0.029887 -0.0192301 -0.00188445 0.00296916 0.018962 -0.0143116 0.040043 0.0302303 0.0367977 0.00992244 0.0563141 -0.0416651 -0.00967476 -0.00046661
internal_weight=259.825 82.3158 44.7031 37.6127 30.0578 177.509 129.33 110.817 18.5129 15.9394 107.132 52.6331 42.303 54.499 51.0512 38.2742 33.4416 12.5078 9.2654 20.9337 16.5519 48.1799 40.4674 31.0116 28.4687 11.9371 16.5316 7.71246 4.61431 5.98025 6.4289 6.75994 24.0775 19.7789 10.449 9.32983 9.45582 9.17943 7.8367 4.13455 5.06847 7.55498 1.66005 4.27939
internal_count=6043 1679 691 988 789 4364 3283 2881 402 369 2788 1649 559 1139 1100 591 550 315 206 235 178 1081 944 800 724 398 326 137 95 543 100 130 246 202 110 92 144 239 213 75 80 199 130 89
cat_boundaries=0 1 2 3 4 5 6
cat_threshold=9 4 2 1 1 1
is_linear=0
shrinkage=0.045618


Tree=144
num_leaves=39
num_cat=7
split_feature=6 6 8 8 7 7 7 7 7 0 0 7 7 8 8 8 8 7 8 8 4 7 9 7 3 7 9 7 7 8 7 8 7 3 8 7 7 7
split_gain=2.97525 12.6662 2.23431 3.44007 3.0522 2.99729 2.61062 2.65459 2.15697 1.90602 6.61635 2.46278 2.06549 2.7964 7.43872 4.6829 6.35313 4.10884 3.41152 2.09536 2.02668 2.53052 2.50049 3.34066 3.33927 1.70635 1.68726 4.12086 3.39077 1.66984 2.49639 2.59206 2.57009 1.37535 1.26511 1.09573 0.850548 0.439762
threshold=0 1 31.902756250700431 30.601897426293032 241.90397689840748 228.88950953935245 101.14000000000001 138.87488476680343 87.824271352584944 2 3 68.345000000000013 68.57307213484475 28.599048306578418 26.301214066090491 34.075102768946316 34.407419943498837 80.271774417438408 24.107338497976567 37.406055377192729 4 213.52826872502001 5 86.055000000000021 0.013753533766385053 79.805000000000021 6 202.07060069775869 214.96426399207735 33.606349557707432 116.04749374590928 37.106733835642778 65.10419262931255 0.079585213175527261 30.80474892932931 61.758728522991284 166.94929875483135 95.408577850036082
decision_type=9 9 2 2 2 2 2 2 2 9 9 2 2 2 2 2 2 2 2 2 9 2 9 2 2 2 9 2 2 2 2 2 2 2 2 2 2 2
left_child=9 2 3 5 29 26 8 -8 -5 11 12 -1 19 14 18 25 -17 -16 -14 34 36 22 23 -22 -24 -15 27 -2 -28 33 32 -32 -31 37 35 -11 -13 -4
right_child=1 -3 4 6 -6 -7 7 -9 -10 10 -12 20 13 15 17 16 -18 -19 -20 -21 21 -23 24 -25 -26 -27 28 -29 -30 30 31 -33 -34 -35 -36 -37 -38 -39
leaf_value=-0.047013429974723575 -0.012212379245297578 0.045618629878897109 -0.020965505749439676 -0.041510894911281931 0.042262543141510032 -0.050568048882006313 0.069383785373590495 0.014036198981427703 0.022603835725398324 0.037060942963820759 0.045175326146198971 -0.051293725132635963 -0.0014773759952022246 -0.010906479171160317 -0.024452642883505626 0.066871878351714154 -0.012142486778992542 0.032535259051653422 -0.045772583898595565 0.049949457395062999 -0.045939099538094233 -0.028644500903627867 0.0021989038712710708 -0.0029469349866811803 0.046962136986585766 -0.046712235669517668 0.014509920038427404 0.035199765021852972 -0.053607211625617282 0.020890190934587615 0.02162961994646212 -0.019383476430890032 -0.037340823083486512 0 -0.02685435560895413 -0.0004175866977118525 0 -0.054548140430237743
leaf_weight=3.5988773537101215 29.809986000182107 14.066999561619012 2.5931296510389092 1.6017594491131584 1.9040102506987739 2.1366435124073169 3.637200670898892 4.3164946634788066 2.4771528504788876 2.2285358395893109 5.9738069553859523 2.836639668908902 8.6777160690398869 4.7773858939763185 2.9181380295194712 2.2968755868496364 13.288207450183107 14.406567387748508 6.4131252169609061 2.4076879143249235 4.9627230151090798 7.9658619659021488 13.48456728551537 15.241417850833384 4.6276298149023196 9.6929660713067261 29.128070270700849 4.1156150026945388 1.3628444243222464 1.7066605424042807 8.0840703163994458 4.9101419681683174 7.173200375167653 2.3334631773177534 1.9927860703319309 3.8951021898537874 0.61364770180080075 3.4458660170203075
leaf_count=85 531 1405 77 45 27 21 37 38 34 47 406 196 238 41 35 18 221 170 132 35 65 62 196 149 96 163 827 31 11 24 98 66 215 27 34 68 9 55
internal_value=0.000114185 0.0051858 0 0.00411608 -0.0101199 0 0.0263352 0.0412677 -0.00193498 -0.00462357 -3.87626e-05 -0.0112685 -0.00394576 -0.00716894 0.00195746 -0.0171624 0 0.0223988 -0.0210869 0.0143667 -0.00836608 -0.00559577 -0.00050924 -0.00952127 0.00931133 -0.035648 0.00186765 -0.00471251 0.00822894 -0.0138966 -0.00676022 0.00559618 -0.025234 -0.0311797 0.00204804 0.0130289 -0.0413218 -0.0423395
internal_weight=257.104 124.803 110.736 78.5858 32.1505 66.5532 12.0326 7.9537 4.07891 132.3 78.9689 53.3314 72.9951 62.471 32.4155 30.0554 15.5851 17.3247 15.0908 10.5241 49.7325 46.2822 38.3163 20.2041 18.1122 14.4704 64.4165 33.9256 30.4909 30.2465 21.8741 12.9942 8.87986 8.37246 8.11642 6.12364 3.45029 6.039
internal_count=6035 3569 2164 1575 589 1421 154 75 79 2466 1608 858 1202 1018 575 443 239 205 370 184 773 568 506 214 292 204 1400 562 838 562 403 164 239 159 149 115 205 132
cat_boundaries=0 1 2 3 4 5 6 7
cat_threshold=2 1 2 1 1 6 12
is_linear=0
shrinkage=0.045618


Tree=145
num_leaves=46
num_cat=3
split_feature=6 6 8 8 7 7 7 7 7 8 8 7 8 7 7 7 7 7 3 7 8 7 2 7 7 8 8 8 7 3 8 7 7 8 7 7 7 7 8 8 7 7 7 7 4
split_gain=2.74427 12.1408 2.06121 3.16329 2.83064 2.82321 2.38442 2.41667 2.01918 1.59638 3.31014 2.78381 2.66041 2.39922 6.08302 2.49258 2.1835 2.45822 2 3.61747 2.1651 1.90865 2.78429 3.22595 1.77746 1.70044 2.8226 1.61763 1.75204 1.58296 1.98866 1.48368 1.47444 1.37082 1.4494 1.14711 4.96778 3.00559 0.702138 0.645292 0.426522 0.314277 0.241255 1.10176 0.0111747
threshold=0 1 31.902756250700431 30.601897426293032 241.90397689840748 228.88950953935245 101.14000000000001 138.87488476680343 87.824271352584944 26.001904519691667 28.491465896499154 220.15774690439702 37.106733835642778 106.66500000000002 69.339564477395172 145.24000000000004 74.840763481171109 73.409226198819439 1.0000000180025095e-35 202.07060069775869 34.407419943498837 94.335000000000022 0.049338120241412771 111.65059585095045 75.057106984959816 24.107338497976567 24.600353907024164 35.303956406203618 213.52826872502001 0.0067886466325203796 33.606349557707432 217.04191755835774 180.77066635754616 27.003361300274829 184.12666282161379 106.66500000000002 160.13507499983595 92.708553661258506 22.750769112941388 34.505751218280302 95.408577850036082 97.960187268706306 68.345000000000013 71.201792449098406 2
decision_type=9 9 2 2 2 2 2 2 2 2 2 2 2 2 2 2 2 2 2 2 2 2 2 2 2 2 2 2 2 2 2 2 2 2 2 2 2 2 2 2 2 2 2 2 9
left_child=9 2 3 5 29 35 8 -8 -5 16 11 24 18 14 -14 -15 17 25 19 20 -12 44 23 38 42 -1 -27 28 -20 30 40 -17 -32 41 -35 37 -37 -2 -23 -31 -4 -26 -11 -44 -18
right_child=1 -3 4 6 -6 -7 7 -9 -10 10 12 -13 13 15 -16 31 21 -19 27 -21 -22 22 -24 -25 33 26 -28 -29 -30 39 32 -33 -34 34 -36 36 -38 -39 -40 -41 -42 -43 43 -45 -46
leaf_value=-0.031324453299223648 -0.00086924452583727837 0.045522166581165979 -0.020274950255982103 -0.040862784524177596 0.040702134593318229 -0.049740009739062487 0.066318026803930077 0.013418953252559667 0.021586006052026312 -0.016957432717278433 -0.0070649426581325453 -0.029674353890916019 0.036042026354240399 0.060878665549642649 -0.048015105535192087 -0.0087252105510885591 -0.050006184873720244 0.050378025214441895 -0.01938796918739338 -0.05385250237278872 -0.038128793987278059 -0.022162457084756872 0.024533011473559987 -0.05332065268449393 0.007784708214014913 0.05289326771440632 -0.021625327667526409 0.041363452889845692 0.025094568111069606 -0.0057279807467986651 -0.021603050407325037 0.030446410614946861 0.0035312170838480155 0.028329167940418239 0 -0.034629717161623018 0.010641337302933589 0.026110106504295415 0.014792921433234241 0.023787785356097556 -0.053597642406171438 -0.013035974924738101 0.024554924143642003 -0.023379103780134965 -0.020270627103184877
leaf_weight=3.3286154391244072 32.571900813723914 13.467981099849565 2.5670466754818433 1.5573694261256585 1.8952457457780827 2.0780510639306149 3.6415486840996891 4.3188820211216807 2.4855353356106207 3.0353345896583042 29.923222805489786 3.3008395736105731 2.8195873594377217 2.3596100449794886 4.0566908757900819 4.3929238151758909 4.4805827497039017 1.652152254944667 5.2327063870616239 4.975886082276701 5.5801145127043119 1.3759353592758978 2.8612476505804798 4.1163522370625287 2.4787869737483588 1.6983914268203082 2.0468717380426824 1.813781769480556 2.5142419831827283 2.708642959361895 10.514745226013476 3.1913204605225474 8.1071952045895141 18.093728299485523 5.2813673946075133 8.0360791812418046 12.518629726138895 11.259831004776059 2.9167673120973632 2.6172954116482288 3.352955534006469 2.8440875604283065 1.750004622153938 1.8133523163851348 1.2622840885887852
leaf_count=106 729 1405 77 45 27 21 37 38 34 43 485 42 49 38 113 60 82 20 98 48 125 61 59 127 35 23 52 31 60 32 272 40 92 276 59 265 133 273 67 34 55 60 28 42 137
internal_value=9.82792e-05 0.00499242 0 0.0039308 -0.00980403 0 0.0252646 0.0394864 -0.00184979 -0.00446927 -0.00190255 0.00862755 -0.00808268 0.00730684 -0.0126197 0.0216764 -0.0146424 0.00325261 -0.013389 -0.0178371 -0.0123217 -0.0241093 -0.0120288 -0.0254939 0.0125428 -0.0080554 0.0116246 0.0047834 -0.00388009 -0.0134837 -0.0184291 0.00734084 -0.0104136 0.0174987 0.0222486 0.00177452 -0.00693202 0.00601303 0.00107162 0.0080091 -0.0413796 -0.00228654 -0.00796678 0 -0.0454831
internal_weight=254.896 123.699 110.231 78.4678 31.7631 66.4645 12.0033 7.96043 4.0429 131.197 105.458 38.5975 66.8601 16.8201 6.87628 9.94385 25.7392 8.72603 50.04 40.4792 35.5033 17.0132 11.2703 8.40905 35.2967 7.07388 3.74526 9.56073 7.74695 29.8679 24.5419 7.58424 18.6219 28.698 23.3751 64.3864 20.5547 43.8317 4.2927 5.32594 5.92 5.32287 6.59869 3.56336 5.74287
internal_count=6035 3569 2164 1575 589 1421 154 75 79 2466 1732 585 1147 300 162 138 734 201 847 658 610 533 314 255 543 181 75 189 158 562 496 100 364 430 335 1400 398 1002 128 66 132 95 113 70 219
cat_boundaries=0 1 2 3
cat_threshold=2 1 2
is_linear=0
shrinkage=0.045618


end of trees

feature_importances:
avg_glucose_level=1366
age=1055
bmi=909
Residence_type=377
gender=339
smoking_status=285
hypertension=253
work_type=197
heart_disease=184
ever_married=176

parameters:
[boosting: gbdt]
[objective: binary]
[metric: binary_logloss]
[tree_learner: serial]
[device_type: cpu]
[data_sample_strategy: bagging]
[data: ]
[valid: ]
[num_iterations: 5000]
[learning_rate: 0.045618]
[num_leaves: 237]
[num_threads: 0]
[seed: 42]
[deterministic: 0]
[force_col_wise: 1]
[force_row_wise: 0]
[histogram_pool_size: -1]
[max_depth: 7]
[min_data_in_leaf: 32]
[min_sum_hessian_in_leaf: 0.001]
[bagging_fraction: 0.77369]
[pos_bagging_fraction: 1]
[neg_bagging_fraction: 1]
[bagging_freq: 2]
[bagging_seed: 400]
[bagging_by_query: 0]
[feature_fraction: 0.814381]
[feature_fraction_bynode: 1]
[feature_fraction_seed: 30056]
[extra_trees: 0]
[extra_seed: 12879]
[early_stopping_round: 0]
[early_stopping_min_delta: 0]
[first_metric_only: 0]
[max_delta_step: 0]
[lambda_l1: 0.136865]
[lambda_l2: 0.2144]
[linear_lambda: 0]
[min_gain_to_split: 0]
[drop_rate: 0.1]
[max_drop: 50]
[skip_drop: 0.5]
[xgboost_dart_mode: 0]
[uniform_drop: 0]
[drop_seed: 17869]
[top_rate: 0.2]
[other_rate: 0.1]
[min_data_per_group: 100]
[max_cat_threshold: 32]
[cat_l2: 10]
[cat_smooth: 10]
[max_cat_to_onehot: 4]
[top_k: 20]
[monotone_constraints: ]
[monotone_constraints_method: basic]
[monotone_penalty: 0]
[feature_contri: ]
[forcedsplits_filename: ]
[refit_decay_rate: 0.9]
[cegb_tradeoff: 1]
[cegb_penalty_split: 0]
[cegb_penalty_feature_lazy: ]
[cegb_penalty_feature_coupled: ]
[path_smooth: 0]
[interaction_constraints: ]
[verbosity: -1]
[saved_feature_importance_type: 0]
[use_quantized_grad: 0]
[num_grad_quant_bins: 4]
[quant_train_renew_leaf: 0]
[stochastic_rounding: 1]
[linear_tree: 0]
[max_bin: 255]
[max_bin_by_feature: ]
[min_data_in_bin: 3]
[bin_construct_sample_cnt: 200000]
[data_random_seed: 175]
[is_enable_sparse: 1]
[enable_bundle: 1]
[use_missing: 1]
[zero_as_missing: 0]
[feature_pre_filter: 1]
[pre_partition: 0]
[two_round: 0]
[header: 0]
[label_column: ]
[weight_column: ]
[group_column: ]
[ignore_column: ]
[categorical_feature: 0,4,5,6,9]
[forcedbins_filename: ]
[precise_float_parser: 0]
[parser_config_file: ]
[objective_seed: 16083]
[num_class: 1]
[is_unbalance: 0]
[scale_pos_weight: 1.87369]
[sigmoid: 1]
[boost_from_average: 1]
[reg_sqrt: 0]
[alpha: 0.9]
[fair_c: 1]
[poisson_max_delta_step: 0.7]
[tweedie_variance_power: 1.5]
[lambdarank_truncation_level: 30]
[lambdarank_norm: 1]
[label_gain: ]
[lambdarank_position_bias_regularization: 0]
[eval_at: ]
[multi_error_top_k: 1]
[auc_mu_weights: ]
[num_machines: 1]
[local_listen_port: 12400]
[time_out: 120]
[machine_list_filename: ]
[machines: ]
[gpu_platform_id: -1]
[gpu_device_id: -1]
[gpu_use_dp: 0]
[num_gpu: 1]

end of parameters

pandas_categorical:[[0.0, 1.0, 2.0], [0.0, 1.0], [0.0, 1.0, 2.0, 3.0, 4.0], [0.0, 1.0], [0.0, 1.0, 2.0, 3.0]]
